Prioridad,Lakehouse,Esquema,source_table,target_table,Campo_001,Campo_002,Campo_003,Campo_004,Campo_005,Campo_006,Campo_007,Campo_008,Campo_009,Campo_010,Campo_011,Campo_012,Campo_013,Campo_014,Campo_015,Campo_016,Campo_017,Campo_018,Campo_019,Campo_020,Campo_021,Campo_022,Campo_023,Campo_024,Campo_025,Campo_026,Campo_027,Campo_028,Campo_029,Campo_030,Campo_031,Campo_032,Campo_033,Campo_034,Campo_035,Campo_036,Campo_037,Campo_038,Campo_039,Campo_040,Campo_041,Campo_042,Campo_043,Campo_044,Campo_045,Campo_046,Campo_047,Campo_048,Campo_049,Campo_050,Campo_051,Campo_052,Campo_053,Campo_054,Campo_055,Campo_056,Campo_057,Campo_058,Campo_059,Campo_060,Campo_061,Campo_062,Campo_063,Campo_064,Campo_065,Campo_066,Campo_067,Campo_068,Campo_069,Campo_070,Campo_071,Campo_072,Campo_073,Campo_074,Campo_075,Campo_076,Campo_077,Campo_078,Campo_079,Campo_080,Campo_081,Campo_082,Campo_083,Campo_084,Campo_085,Campo_086,Campo_087,Campo_088,Campo_089,Campo_090,Campo_091,Campo_092,Campo_093,Campo_094,Campo_095,Campo_096,Campo_097,Campo_098,Campo_099,Campo_100,Campo_101,Campo_102,Campo_103,Campo_104,Campo_105,Campo_106,Campo_107,Campo_108,Campo_109,Campo_110,Campo_111,Campo_112,Campo_113,Campo_114,Campo_115,Campo_116,Campo_117,Campo_118,Campo_119,Campo_120,Campo_121,Campo_122,Campo_123,Campo_124,Campo_125,Campo_126,Campo_127,Campo_128,Campo_129,Campo_130,Campo_131,Campo_132,Campo_133,Campo_134,Campo_135,Campo_136,Campo_137,Campo_138,Campo_139,Campo_140,Campo_141,Campo_142,Campo_143,Campo_144,Campo_145,Campo_146,Campo_147,Campo_148,Campo_149,Campo_150,Campo_151,Campo_152,Campo_153,Campo_154,Campo_155,Campo_156,Campo_157,Campo_158,Campo_159,Campo_160,Campo_161,Campo_162,Campo_163,Campo_164,Campo_165,Campo_166,Campo_167,Campo_168,Campo_169,Campo_170,Campo_171,Campo_172,Campo_173,Campo_174,Campo_175,Campo_176,Campo_177,Campo_178,Campo_179,Campo_180,Campo_181,Campo_182,Campo_183,Campo_184,Campo_185,Campo_186,Campo_187,Campo_188,Campo_189,Campo_190,Campo_191,Campo_192,Campo_193,Campo_194,Campo_195,Campo_196,Campo_197,Campo_198,Campo_199,Campo_200,Campo_201,Campo_202,Campo_203,Campo_204,Campo_205,Campo_206,Campo_207,Campo_208,Campo_209,sap_Client,sap_CreatedBy,sap_CreatedOn,sap_LastChangedBy,sap_LastChangedOn,sap_DataSource,sap_LogicalSystem,sap_DataPackage,Notas_SAP
1,lh_silver_erp,ecp,companies,companies,company_id,company_code,alias,name,short_name,company_address,work_address,isvalid,type,record_id,last_updated_at,,,,,,,,,,,,,,,,,,,,,,,,,,,,,,,,,,,,,,,,,,,,,,,,,,,,,,,,,,,,,,,,,,,,,,,,,,,,,,,,,,,,,,,,,,,,,,,,,,,,,,,,,,,,,,,,,,,,,,,,,,,,,,,,,,,,,,,,,,,,,,,,,,,,,,,,,,,,,,,,,,,,,,,,,,,,,,,,,,,,,,,,,,,,,,,,,,,,,,,,,,,,,,,
1,lh_bronze_qad2,ecp,XXENT_MSTR,companies,XXENT_INDEX,XXENT_ENT_DOMAIN,XXENT_ALIAS,XXENT_NAME,XXENT_SHORTNAME,XXENT_PR,XXENT_WK,XXENT_ISVALID,XXENT_TYPE,PROGRESS_RECID,current_timestamp(),,,,,,,,,,,,,,,,,,,,,,,,,,,,,,,,,,,,,,,,,,,,,,,,,,,,,,,,,,,,,,,,,,,,,,,,,,,,,,,,,,,,,,,,,,,,,,,,,,,,,,,,,,,,,,,,,,,,,,,,,,,,,,,,,,,,,,,,,,,,,,,,,,,,,,,,,,,,,,,,,,,,,,,,,,,,,,,,,,,,,,,,,,,,,,,,,,,,,,,,,,,,,,,
1,lh_bronze_sap_rise,ecp,ICOMPANYCODE,companies,CompanyCode,CompanyCode,,,,,,,,,LastChangeDateTime,,,,,,,,,,,,,,,,,,,,,,,,,,,,,,,,,,,,,,,,,,,,,,,,,,,,,,,,,,,,,,,,,,,,,,,,,,,,,,,,,,,,,,,,,,,,,,,,,,,,,,,,,,,,,,,,,,,,,,,,,,,,,,,,,,,,,,,,,,,,,,,,,,,,,,,,,,,,,,,,,,,,,,,,,,,,,,,,,,,,,,,,,,,,,,,,,,,,,,,Client,CreatedByUser,CreationDate,LastChangedByUser,LastChangeDate,DataSource,LogicalSystem,DataPackage,
1,lh_silver_erp,ecp,employee_items,employee_items,employee_id,company_address,work_address,cost_center_id,employment_type,organizational_unit,custom_string_01,custom_string_02,custom_string_03,custom_decimal_01,custom_decimal_02,custom_decimal_03,custom_flag_01,custom_datetime_01,job_level,work_state_code,time_clock_code,manager_id,personnel_file_complete_flag,personnel_file_comment,custom_string_04,custom_string_05,custom_string_06,custom_decimal_04,custom_decimal_05,custom_decimal_06,custom_flag_02,custom_datetime_02,contract_type,contract_end_date,bonus_amount_1,bonus_amount_2,bonus_amount_3,bonus_amount_4,bonus_amount_5,uniform_size_1,uniform_size_2,uniform_size_3,uniform_size_4,uniform_size_5,uniform_size_6,uniform_size_7,uniform_size_8,uniform_size_9,uniform_size_10,driver_license_number,driver_license_class,driver_license_expiration_date,source_oid,custom_string_07,custom_string_08,custom_string_09,custom_string_10,custom_decimal_07,custom_decimal_08,custom_decimal_09,custom_decimal_10,custom_datetime_03,custom_datetime_04,custom_datetime_05,custom_datetime_06,custom_flag_03,custom_flag_04,custom_flag_05,record_id,custom_flag_06,company_code,last_updated_at,,,,,,,,,,,,,,,,,,,,,,,,,,,,,,,,,,,,,,,,,,,,,,,,,,,,,,,,,,,,,,,,,,,,,,,,,,,,,,,,,,,,,,,,,,,,,,,,,,,,,,,,,,,,,,,,,,,,,,,,,,,,,,,,,,,,,,,,,,,,,,,,,,,,,,
1,lh_bronze_qad2,ecp,XXEMPX_MSTR,employee_items,XXEMPX_ADDR,XXEMPX_ENTPR_ADDR,XXEMPX_ENTWK_ADDR,XXEMPX_AC_CODE,XXEMPX_TYPE_EMP,XXEMPX_TEAM,XXEMPX__CHR01,XXEMPX__CHR02,XXEMPX__CHR03,XXEMPX__DEC01,XXEMPX__DEC02,XXEMPX__DEC03,XXEMPX__LOG01,XXEMPX__DTE01,XXEMPX_LEVEL,XXEMPX_STATE_WK,XXEMPX_CVECHECAR,XXEMPX_BOSS,XXEMPX_COMPLETE_FILE,XXEMPX_CMMT_FILE,XXEMPX__CHR04,XXEMPX__CHR05,XXEMPX__CHR06,XXEMPX__DEC04,XXEMPX__DEC05,XXEMPX__DEC06,XXEMPX__LOG02,XXEMPX__DTE02,XXEMPX_CONTRACT_TYPE,XXEMPX_CONTRACT_DUEDATE,`XXEMPX_BONUS##1`,`XXEMPX_BONUS##2`,`XXEMPX_BONUS##3`,`XXEMPX_BONUS##4`,`XXEMPX_BONUS##5`,`XXEMPX_SIZE##1`,`XXEMPX_SIZE##2`,`XXEMPX_SIZE##3`,`XXEMPX_SIZE##4`,`XXEMPX_SIZE##5`,`XXEMPX_SIZE##6`,`XXEMPX_SIZE##7`,`XXEMPX_SIZE##8`,`XXEMPX_SIZE##9`,`XXEMPX_SIZE##10`,XXEMPX_DLNUMBER,XXEMPX_DLTYPE,XXEMPX_DLDATE,OID_XXEMPX_MSTR,XXEMPX__CHR07,XXEMPX__CHR08,XXEMPX__CHR09,XXEMPX__CHR10,XXEMPX__DEC07,XXEMPX__DEC08,XXEMPX__DEC09,XXEMPX__DEC10,XXEMPX__DTE03,XXEMPX__DTE04,XXEMPX__DTE05,XXEMPX__DTE06,XXEMPX__LOG03,XXEMPX__LOG04,XXEMPX__LOG05,PROGRESS_RECID,XXEMPX__LOG06,XXEMPX_DOMAIN,current_timestamp(),,,,,,,,,,,,,,,,,,,,,,,,,,,,,,,,,,,,,,,,,,,,,,,,,,,,,,,,,,,,,,,,,,,,,,,,,,,,,,,,,,,,,,,,,,,,,,,,,,,,,,,,,,,,,,,,,,,,,,,,,,,,,,,,,,,,,,,,,,,,,,,,,,,,,,
1,lh_bronze_sap_rise,ecp,IBUSINESSPART,employee_items,,,,CostCenter,,,,,,,,,,DocumentDate,,,,,,,,,,,,,,DocumentDate,,DocumentDate,AmountInCompanyCodeCurrency,AmountInCompanyCodeCurrency,AmountInCompanyCodeCurrency,AmountInCompanyCodeCurrency,AmountInCompanyCodeCurrency,,,,,,,,,,,,,DocumentDate,,,,,,,,,,DocumentDate,DocumentDate,DocumentDate,DocumentDate,,,,,,CompanyCode,LastChangeDateTime,,,,,,,,,,,,,,,,,,,,,,,,,,,,,,,,,,,,,,,,,,,,,,,,,,,,,,,,,,,,,,,,,,,,,,,,,,,,,,,,,,,,,,,,,,,,,,,,,,,,,,,,,,,,,,,,,,,,,,,,,,,,,,,,,,,,,,,,,,,,,,Client,CreatedByUser,CreationDate,LastChangedByUser,LastChangeDate,DataSource,LogicalSystem,DataPackage,
1,lh_silver_erp,ecp,employees,employees,employee_id,lname,fname,line1,line2,city,state,zip,country,phone,bs_phone,ext,ssn,birthday,emp_date,trm_date,status,freq,pay_type,pay_rate,marital,exempt,storage_location_id,project_id,dept,units,sick_hrs,vac_hrs,title,wc_class,last_pay,last_dt,line3,user1,cost_center_id,segment_id,user4,user5,user6,bank,ad_bank,ad_acc1,ad_amt1,ad_pct1,ad_acc2,ad_amt2,ad_pct2,chr01,chr02,chr03,chr04,chr05,dte01,dte02,dte03,dte04,dte05,dec01,dec02,log01,log02,mod_date,user_id,ad_bank2,transit1,transit2,ad_type1,ad_type2,shift,ctry,company_code,record_id,last_updated_at,,,,,,,,,,,,,,,,,,,,,,,,,,,,,,,,,,,,,,,,,,,,,,,,,,,,,,,,,,,,,,,,,,,,,,,,,,,,,,,,,,,,,,,,,,,,,,,,,,,,,,,,,,,,,,,,,,,,,,,,,,,,,,,,,,,,,,,,,,,,,,,,,
1,lh_bronze_qad2,ecp,EMP_MSTR,employees,EMP_ADDR,EMP_LNAME,EMP_FNAME,EMP_LINE1,EMP_LINE2,EMP_CITY,EMP_STATE,EMP_ZIP,EMP_COUNTRY,EMP_PHONE,EMP_BS_PHONE,EMP_EXT,EMP_SSN,EMP_BIRTHDAY,EMP_EMP_DATE,EMP_TRM_DATE,EMP_STATUS,EMP_FREQ,EMP_PAY_TYPE,EMP_PAY_RATE,EMP_MARITAL,EMP_EXEMPT,EMP_WK_LOC,EMP_PROJECT,EMP_DEPT,EMP_UNITS,EMP_SICK_HRS,EMP_VAC_HRS,EMP_TITLE,EMP_WC_CLASS,EMP_LAST_PAY,EMP_LAST_DT,EMP_LINE3,EMP_USER1,EMP_USER2,EMP_USER3,EMP_USER4,EMP_USER5,EMP_USER6,EMP_BANK,EMP_AD_BANK,EMP_AD_ACC1,EMP_AD_AMT1,EMP_AD_PCT1,EMP_AD_ACC2,EMP_AD_AMT2,EMP_AD_PCT2,EMP__CHR01,EMP__CHR02,EMP__CHR03,EMP__CHR04,EMP__CHR05,EMP__DTE01,EMP__DTE02,EMP__DTE03,EMP__DTE04,EMP__DTE05,EMP__DEC01,EMP__DEC02,EMP__LOG01,EMP__LOG02,EMP_MOD_DATE,EMP_USERID,EMP_AD_BANK2,EMP_TRANSIT1,EMP_TRANSIT2,EMP_AD_TYPE1,EMP_AD_TYPE2,EMP_SHIFT,EMP_CTRY,EMP_DOMAIN,PROGRESS_RECID,current_timestamp(),,,,,,,,,,,,,,,,,,,,,,,,,,,,,,,,,,,,,,,,,,,,,,,,,,,,,,,,,,,,,,,,,,,,,,,,,,,,,,,,,,,,,,,,,,,,,,,,,,,,,,,,,,,,,,,,,,,,,,,,,,,,,,,,,,,,,,,,,,,,,,,,,
1,lh_bronze_sap_rise,ecp,IBUSINESSPART,employees,,,,,,,,,,,,,,,DocumentDate,DocumentDate,,,,,,,,WBSElementInternalID,,,,,,,,,,,CostCenter,Segment,,,,,,,,,,,,,,,,,,,,,,,,,,DocumentDate,,,,,,,,,CompanyCode,,LastChangeDateTime,,,,,,,,,,,,,,,,,,,,,,,,,,,,,,,,,,,,,,,,,,,,,,,,,,,,,,,,,,,,,,,,,,,,,,,,,,,,,,,,,,,,,,,,,,,,,,,,,,,,,,,,,,,,,,,,,,,,,,,,,,,,,,,,,,,,,,,,,Client,CreatedByUser,CreationDate,LastChangedByUser,LastChangeDate,DataSource,LogicalSystem,DataPackage,
1,lh_silver_erp,ecp,payroll_companies,payroll_companies,company_address,description,chr01,chr02,chr03,dec01,dec02,dec03,log01,date01,oid_xxemtpr_mstr,company_code,record_id,last_updated_at,,,,,,,,,,,,,,,,,,,,,,,,,,,,,,,,,,,,,,,,,,,,,,,,,,,,,,,,,,,,,,,,,,,,,,,,,,,,,,,,,,,,,,,,,,,,,,,,,,,,,,,,,,,,,,,,,,,,,,,,,,,,,,,,,,,,,,,,,,,,,,,,,,,,,,,,,,,,,,,,,,,,,,,,,,,,,,,,,,,,,,,,,,,,,,,,,,,,,,,,,,,,
1,lh_bronze_qad2,ecp,XXENTPR_MSTR,payroll_companies,XXENTPR_ADDR,XXENTPR_DESC,XXENTPR__CHR01,XXENTPR__CHR02,XXENTPR__CHR03,XXENTPR__DEC01,XXENTPR__DEC02,XXENTPR__DEC03,XXENTPR__LOG01,XXENTPR__DTE01,OID_XXEMTPR_MSTR,XXENTPR_DOMAIN,PROGRESS_RECID,current_timestamp(),,,,,,,,,,,,,,,,,,,,,,,,,,,,,,,,,,,,,,,,,,,,,,,,,,,,,,,,,,,,,,,,,,,,,,,,,,,,,,,,,,,,,,,,,,,,,,,,,,,,,,,,,,,,,,,,,,,,,,,,,,,,,,,,,,,,,,,,,,,,,,,,,,,,,,,,,,,,,,,,,,,,,,,,,,,,,,,,,,,,,,,,,,,,,,,,,,,,,,,,,,,,
1,lh_bronze_sap_rise,ecp,ICOMPANYCODE,payroll_companies,,Description,,,,,,,,DocumentDate,,CompanyCode,,LastChangeDateTime,,,,,,,,,,,,,,,,,,,,,,,,,,,,,,,,,,,,,,,,,,,,,,,,,,,,,,,,,,,,,,,,,,,,,,,,,,,,,,,,,,,,,,,,,,,,,,,,,,,,,,,,,,,,,,,,,,,,,,,,,,,,,,,,,,,,,,,,,,,,,,,,,,,,,,,,,,,,,,,,,,,,,,,,,,,,,,,,,,,,,,,,,,,,,,,,,,,,Client,CreatedByUser,CreationDate,LastChangedByUser,LastChangeDate,DataSource,LogicalSystem,DataPackage,
1,lh_silver_erp,ecp,payroll_periods,payroll_periods,payroll_date,npnsm,description,npnqm,tipo,bloq,month,year,type_pr,entpr_addr,chr01,chr02,dec01,company_code,record_id,last_updated_at,,,,,,,,,,,,,,,,,,,,,,,,,,,,,,,,,,,,,,,,,,,,,,,,,,,,,,,,,,,,,,,,,,,,,,,,,,,,,,,,,,,,,,,,,,,,,,,,,,,,,,,,,,,,,,,,,,,,,,,,,,,,,,,,,,,,,,,,,,,,,,,,,,,,,,,,,,,,,,,,,,,,,,,,,,,,,,,,,,,,,,,,,,,,,,,,,,,,,,,,,,
1,lh_bronze_qad2,ecp,XXPER_MSTR,payroll_periods,XXPER_FECHA,XXPER_NPNSM,XXPER_DESC,XXPER_NPNQM,XXPER_TIPO,XXPER_BLOQ,XXPER_MONTH,XXPER_YEAR,XXPER_TYPE_PR,XXPER_ENTPR_ADDR,XXPER__CHR01,XXPER__CHR02,XXPER__DEC01,XXPER_DOMAIN,PROGRESS_RECID,current_timestamp(),,,,,,,,,,,,,,,,,,,,,,,,,,,,,,,,,,,,,,,,,,,,,,,,,,,,,,,,,,,,,,,,,,,,,,,,,,,,,,,,,,,,,,,,,,,,,,,,,,,,,,,,,,,,,,,,,,,,,,,,,,,,,,,,,,,,,,,,,,,,,,,,,,,,,,,,,,,,,,,,,,,,,,,,,,,,,,,,,,,,,,,,,,,,,,,,,,,,,,,,,,
1,lh_bronze_sap_rise,ecp,IFISCALYEAR,payroll_periods,DocumentDate,,Description,,,,,,,,,,,CompanyCode,,LastChangeDateTime,,,,,,,,,,,,,,,,,,,,,,,,,,,,,,,,,,,,,,,,,,,,,,,,,,,,,,,,,,,,,,,,,,,,,,,,,,,,,,,,,,,,,,,,,,,,,,,,,,,,,,,,,,,,,,,,,,,,,,,,,,,,,,,,,,,,,,,,,,,,,,,,,,,,,,,,,,,,,,,,,,,,,,,,,,,,,,,,,,,,,,,,,,,,,,,,,,Client,CreatedByUser,CreationDate,LastChangedByUser,LastChangeDate,DataSource,LogicalSystem,DataPackage,
1,lh_silver_erp,ecp,work_companies,work_companies,work_address,description,group,chr01,chr02,chr03,dec01,dec02,dec03,log01,log02,log03,date01,date02,date03,oid_xxentwk_mstr,company_code,record_id,last_updated_at,,,,,,,,,,,,,,,,,,,,,,,,,,,,,,,,,,,,,,,,,,,,,,,,,,,,,,,,,,,,,,,,,,,,,,,,,,,,,,,,,,,,,,,,,,,,,,,,,,,,,,,,,,,,,,,,,,,,,,,,,,,,,,,,,,,,,,,,,,,,,,,,,,,,,,,,,,,,,,,,,,,,,,,,,,,,,,,,,,,,,,,,,,,,,,,,,,,,,,,
1,lh_bronze_qad2,ecp,XXENTWK_MSTR,work_companies,XXENTWK_ADDR,XXENTWK_DESC,XXENTWK_GROUP,XXENTWK__CHR01,XXENTWK__CHR02,XXENTWK__CHR03,XXENTWK__DEC01,XXENTWK__DEC02,XXENTWK__DEC03,XXENTWK__LOG01,XXENTWK__LOG02,XXENTWK__LOG03,XXENTWK__DTE01,XXENTWK__DTE02,XXENTWK__DTE03,OID_XXENTWK_MSTR,XXENTWK_DOMAIN,PROGRESS_RECID,current_timestamp(),,,,,,,,,,,,,,,,,,,,,,,,,,,,,,,,,,,,,,,,,,,,,,,,,,,,,,,,,,,,,,,,,,,,,,,,,,,,,,,,,,,,,,,,,,,,,,,,,,,,,,,,,,,,,,,,,,,,,,,,,,,,,,,,,,,,,,,,,,,,,,,,,,,,,,,,,,,,,,,,,,,,,,,,,,,,,,,,,,,,,,,,,,,,,,,,,,,,,,,
1,lh_bronze_sap_rise,ecp,ICOMPANYCODE,work_companies,,Description,,,,,,,,,,,DocumentDate,DocumentDate,DocumentDate,,CompanyCode,,LastChangeDateTime,,,,,,,,,,,,,,,,,,,,,,,,,,,,,,,,,,,,,,,,,,,,,,,,,,,,,,,,,,,,,,,,,,,,,,,,,,,,,,,,,,,,,,,,,,,,,,,,,,,,,,,,,,,,,,,,,,,,,,,,,,,,,,,,,,,,,,,,,,,,,,,,,,,,,,,,,,,,,,,,,,,,,,,,,,,,,,,,,,,,,,,,,,,,,,,Client,CreatedByUser,CreationDate,LastChangedByUser,LastChangeDate,DataSource,LogicalSystem,DataPackage,
1,lh_silver_erp,fi,account_assignment_structure,account_assignment_structure,account_id,subaccount_id,cost_center_id,description,user1,user2,format_position_id,company_code,record_id,last_updated_at,,,,,,,,,,,,,,,,,,,,,,,,,,,,,,,,,,,,,,,,,,,,,,,,,,,,,,,,,,,,,,,,,,,,,,,,,,,,,,,,,,,,,,,,,,,,,,,,,,,,,,,,,,,,,,,,,,,,,,,,,,,,,,,,,,,,,,,,,,,,,,,,,,,,,,,,,,,,,,,,,,,,,,,,,,,,,,,,,,,,,,,,,,,,,,,,,,,,,,,,,,,,,,,,
1,lh_bronze_qad1,fi,ASC_MSTR,account_assignment_structure,ASC_ACC,ASC_SUB,ASC_CC,ASC_DESC,ASC_USER1,ASC_USER2,ASC_FPOS,ASC_DOMAIN,PROGRESS_RECID,current_timestamp(),,,,,,,,,,,,,,,,,,,,,,,,,,,,,,,,,,,,,,,,,,,,,,,,,,,,,,,,,,,,,,,,,,,,,,,,,,,,,,,,,,,,,,,,,,,,,,,,,,,,,,,,,,,,,,,,,,,,,,,,,,,,,,,,,,,,,,,,,,,,,,,,,,,,,,,,,,,,,,,,,,,,,,,,,,,,,,,,,,,,,,,,,,,,,,,,,,,,,,,,,,,,,,,,
1,lh_bronze_sap_rise,fi,IGLACCOUNTINCHARTOFACCOUNTS,account_assignment_structure,GLAccount,GLAccount,CostCenter,Description,,,,CompanyCode,,LastChangeDateTime,,,,,,,,,,,,,,,,,,,,,,,,,,,,,,,,,,,,,,,,,,,,,,,,,,,,,,,,,,,,,,,,,,,,,,,,,,,,,,,,,,,,,,,,,,,,,,,,,,,,,,,,,,,,,,,,,,,,,,,,,,,,,,,,,,,,,,,,,,,,,,,,,,,,,,,,,,,,,,,,,,,,,,,,,,,,,,,,,,,,,,,,,,,,,,,,,,,,,,,,Client,CreatedByUser,CreationDate,LastChangedByUser,LastChangeDate,DataSource,LogicalSystem,DataPackage,
1,lh_silver_erp,fi,bank_master,bank_master,bank_id,account_id,cost_center_id,check,desc,currency_code,user1,user2,segment_id,pip_account_id,pip_cost_center_id,bk_acct1,bk_acct2,user_id,mod_date,min_drft,max_drft,drft_chg,drft_chg_pct,ar_gl_account_id,ar_cost_center_id,bkchg_account_id,bkchg_cost_center_id,disc_account_id,disc_cost_center_id,ddft_account_id,ddft_cost_center_id,ap_gl_account_id,ap_cost_center_id,bktx_account_id,bktx_cost_center_id,cdft_account_id,cdft_cost_center_id,edft_account_id,edft_cost_center_id,sub,bkchg_sub,bktx_sub,cdft_sub,ddft_sub,dftap_sub,dftar_sub,disc_sub,edft_sub,pip_sub,validation,company_code,record_id,last_updated_at,,,,,,,,,,,,,,,,,,,,,,,,,,,,,,,,,,,,,,,,,,,,,,,,,,,,,,,,,,,,,,,,,,,,,,,,,,,,,,,,,,,,,,,,,,,,,,,,,,,,,,,,,,,,,,,,,,,,,,,,,,,,,,,,,,,,,,,,,,,,,,,,,,,,,,,,,,,,,,,,,,,,,,,,,
1,lh_bronze_qad1,fi,BK_MSTR,bank_master,BK_CODE,BK_ACCT,BK_CC,BK_CHECK,BK_DESC,BK_CURR,BK_USER1,BK_USER2,BK_ENTITY,BK_PIP_ACCT,BK_PIP_CC,BK_BK_ACCT1,BK_BK_ACCT2,BK_USERID,BK_MOD_DATE,BK_MIN_DRFT,BK_MAX_DRFT,BK_DRFT_CHG,BK_DRFT_CHG_PCT,BK_DFTAR_ACCT,BK_DFTAR_CC,BK_BKCHG_ACCT,BK_BKCHG_CC,BK_DISC_ACCT,BK_DISC_CC,BK_DDFT_ACCT,BK_DDFT_CC,BK_DFTAP_ACCT,BK_DFTAP_CC,BK_BKTX_ACCT,BK_BKTX_CC,BK_CDFT_ACCT,BK_CDFT_CC,BK_EDFT_ACCT,BK_EDFT_CC,BK_SUB,BK_BKCHG_SUB,BK_BKTX_SUB,BK_CDFT_SUB,BK_DDFT_SUB,BK_DFTAP_SUB,BK_DFTAR_SUB,BK_DISC_SUB,BK_EDFT_SUB,BK_PIP_SUB,BK_VALIDATION,BK_DOMAIN,PROGRESS_RECID,current_timestamp(),,,,,,,,,,,,,,,,,,,,,,,,,,,,,,,,,,,,,,,,,,,,,,,,,,,,,,,,,,,,,,,,,,,,,,,,,,,,,,,,,,,,,,,,,,,,,,,,,,,,,,,,,,,,,,,,,,,,,,,,,,,,,,,,,,,,,,,,,,,,,,,,,,,,,,,,,,,,,,,,,,,,,,,,,
1,lh_bronze_sap_rise,fi,IHOUSEBANK,bank_master,HouseBank,GLAccount,CostCenter,,Description,TransactionCurrency,,,Segment,GLAccount,CostCenter,,,,DocumentDate,,,,,GLAccount,CostCenter,GLAccount,CostCenter,GLAccount,CostCenter,GLAccount,CostCenter,GLAccount,CostCenter,GLAccount,CostCenter,GLAccount,CostCenter,GLAccount,CostCenter,,,,,,,,,,,,CompanyCode,,LastChangeDateTime,,,,,,,,,,,,,,,,,,,,,,,,,,,,,,,,,,,,,,,,,,,,,,,,,,,,,,,,,,,,,,,,,,,,,,,,,,,,,,,,,,,,,,,,,,,,,,,,,,,,,,,,,,,,,,,,,,,,,,,,,,,,,,,,,,,,,,,,,,,,,,,,,,,,,,,,,,,,,,,,,Client,CreatedByUser,CreationDate,LastChangedByUser,LastChangeDate,DataSource,LogicalSystem,DataPackage,
0,lh_silver_erp,fi,chart_of_accounts,chart_of_accounts,account_id,format_position,account_type,account_description,currency_code,is_active,user_field_1,user_field_2,category_id,character_02,subcategory_id,character_04,company_code,record_id,last_updated_at,,,,,,,,,,,,,,,,,,,,,,,,,,,,,,,,,,,,,,,,,,,,,,,,,,,,,,,,,,,,,,,,,,,,,,,,,,,,,,,,,,,,,,,,,,,,,,,,,,,,,,,,,,,,,,,,,,,,,,,,,,,,,,,,,,,,,,,,,,,,,,,,,,,,,,,,,,,,,,,,,,,,,,,,,,,,,,,,,,,,,,,,,,,,,,,,,,,,,,,,,,,
0,lh_bronze_qad1,fi,AC_MSTR,chart_of_accounts,UPPER(AC_CODE),CAST(AC_FPOS AS INT),UPPER(AC_TYPE),UPPER(AC_DESC),UPPER(AC_CURR),CAST(AC_ACTIVE AS BOOLEAN),AC_USER1,AC_USER2,"COALESCE(AC__CHR01, ' ')","COALESCE(AC__CHR02, ' ')","COALESCE(AC__CHR03, ' ')","COALESCE(AC__CHR04, ' ')",AC_DOMAIN,CAST(PROGRESS_RECID AS INT),current_timestamp(),,,,,,,,,,,,,,,,,,,,,,,,,,,,,,,,,,,,,,,,,,,,,,,,,,,,,,,,,,,,,,,,,,,,,,,,,,,,,,,,,,,,,,,,,,,,,,,,,,,,,,,,,,,,,,,,,,,,,,,,,,,,,,,,,,,,,,,,,,,,,,,,,,,,,,,,,,,,,,,,,,,,,,,,,,,,,,,,,,,,,,,,,,,,,,,,,,,,,,,,,,,
0,lh_bronze_sap_rise,fi,IGLACCOUNTINCHARTOFACCOUNTS,chart_of_accounts,GLAccount,,,Description,TransactionCurrency,,,,,,,,CompanyCode,,LastChangeDateTime,,,,,,,,,,,,,,,,,,,,,,,,,,,,,,,,,,,,,,,,,,,,,,,,,,,,,,,,,,,,,,,,,,,,,,,,,,,,,,,,,,,,,,,,,,,,,,,,,,,,,,,,,,,,,,,,,,,,,,,,,,,,,,,,,,,,,,,,,,,,,,,,,,,,,,,,,,,,,,,,,,,,,,,,,,,,,,,,,,,,,,,,,,,,,,,,,,,Client,CreatedByUser,CreationDate,LastChangedByUser,LastChangeDate,DataSource,LogicalSystem,DataPackage,
0,lh_silver_erp,fi,fiscal_calendars,fiscal_calendars,year,period,start,end,user1,user2,yr_end,company_code,record_id,last_updated_at,,,,,,,,,,,,,,,,,,,,,,,,,,,,,,,,,,,,,,,,,,,,,,,,,,,,,,,,,,,,,,,,,,,,,,,,,,,,,,,,,,,,,,,,,,,,,,,,,,,,,,,,,,,,,,,,,,,,,,,,,,,,,,,,,,,,,,,,,,,,,,,,,,,,,,,,,,,,,,,,,,,,,,,,,,,,,,,,,,,,,,,,,,,,,,,,,,,,,,,,,,,,,,,,
0,lh_bronze_qad1,fi,GLC_CAL,fiscal_calendars,GLC_YEAR,GLC_PER,GLC_START,GLC_END,GLC_USER1,GLC_USER2,GLC_YR_END,GLC_DOMAIN,PROGRESS_RECID,current_timestamp(),,,,,,,,,,,,,,,,,,,,,,,,,,,,,,,,,,,,,,,,,,,,,,,,,,,,,,,,,,,,,,,,,,,,,,,,,,,,,,,,,,,,,,,,,,,,,,,,,,,,,,,,,,,,,,,,,,,,,,,,,,,,,,,,,,,,,,,,,,,,,,,,,,,,,,,,,,,,,,,,,,,,,,,,,,,,,,,,,,,,,,,,,,,,,,,,,,,,,,,,,,,,,,,,
0,lh_bronze_sap_rise,fi,IFISCALYEAR,fiscal_calendars,,,,,,,,CompanyCode,,LastChangeDateTime,,,,,,,,,,,,,,,,,,,,,,,,,,,,,,,,,,,,,,,,,,,,,,,,,,,,,,,,,,,,,,,,,,,,,,,,,,,,,,,,,,,,,,,,,,,,,,,,,,,,,,,,,,,,,,,,,,,,,,,,,,,,,,,,,,,,,,,,,,,,,,,,,,,,,,,,,,,,,,,,,,,,,,,,,,,,,,,,,,,,,,,,,,,,,,,,,,,,,,,,Client,CreatedByUser,CreationDate,LastChangedByUser,LastChangeDate,DataSource,LogicalSystem,DataPackage,
0,lh_silver_erp,fi,fiscal_periods,fiscal_periods,year,period,segment_id,gl_clsd,closed,yr_clsd,user1,user2,company_code,record_id,last_updated_at,,,,,,,,,,,,,,,,,,,,,,,,,,,,,,,,,,,,,,,,,,,,,,,,,,,,,,,,,,,,,,,,,,,,,,,,,,,,,,,,,,,,,,,,,,,,,,,,,,,,,,,,,,,,,,,,,,,,,,,,,,,,,,,,,,,,,,,,,,,,,,,,,,,,,,,,,,,,,,,,,,,,,,,,,,,,,,,,,,,,,,,,,,,,,,,,,,,,,,,,,,,,,,,
0,lh_bronze_qad1,fi,GLCD_DET,fiscal_periods,GLCD_YEAR,GLCD_PER,GLCD_ENTITY,GLCD_GL_CLSD,GLCD_CLOSED,GLCD_YR_CLSD,GLCD_USER1,GLCD_USER2,GLCD_DOMAIN,PROGRESS_RECID,current_timestamp(),,,,,,,,,,,,,,,,,,,,,,,,,,,,,,,,,,,,,,,,,,,,,,,,,,,,,,,,,,,,,,,,,,,,,,,,,,,,,,,,,,,,,,,,,,,,,,,,,,,,,,,,,,,,,,,,,,,,,,,,,,,,,,,,,,,,,,,,,,,,,,,,,,,,,,,,,,,,,,,,,,,,,,,,,,,,,,,,,,,,,,,,,,,,,,,,,,,,,,,,,,,,,,,
0,lh_bronze_sap_rise,fi,IFISCALYEAR,fiscal_periods,,,Segment,,,,,,CompanyCode,,LastChangeDateTime,,,,,,,,,,,,,,,,,,,,,,,,,,,,,,,,,,,,,,,,,,,,,,,,,,,,,,,,,,,,,,,,,,,,,,,,,,,,,,,,,,,,,,,,,,,,,,,,,,,,,,,,,,,,,,,,,,,,,,,,,,,,,,,,,,,,,,,,,,,,,,,,,,,,,,,,,,,,,,,,,,,,,,,,,,,,,,,,,,,,,,,,,,,,,,,,,,,,,,,Client,CreatedByUser,CreationDate,LastChangedByUser,LastChangeDate,DataSource,LogicalSystem,DataPackage,
1,lh_silver_erp,fi,payment_terms,payment_terms,payment_code,desc,disc_pct,disc_days,due_days,due_date,xfrom_inv,disc_date,xdue_inv,dating,user1,user2,user_id,mod_date,due_inv,from_inv,terms_int,late_int,base_date,base_days,min_days,grace_days,mtd_disc,mtd_due,company_code,record_id,last_updated_at,,,,,,,,,,,,,,,,,,,,,,,,,,,,,,,,,,,,,,,,,,,,,,,,,,,,,,,,,,,,,,,,,,,,,,,,,,,,,,,,,,,,,,,,,,,,,,,,,,,,,,,,,,,,,,,,,,,,,,,,,,,,,,,,,,,,,,,,,,,,,,,,,,,,,,,,,,,,,,,,,,,,,,,,,,,,,,,,,,,,,,,,,,,,,,,
1,lh_bronze_qad1,fi,CT_MSTR,payment_terms,,CT_CODE,,CT_DESC,CT_DISC_PCT,CT_DISC_DAYS,CT_DUE_DAYS,CT_DUE_DATE,CT_XFROM_INV,CT_DISC_DATE,CT_XDUE_INV,CT_DATING,,CT_USER1,,CT_USER2,CT_USERID,CT_MOD_DATE,CT_DUE_INV,CT_FROM_INV,CT_TERMS_INT,CT_LATE_INT,CT_BASE_DATE,CT_BASE_DAYS,CT_MIN_DAYS,CT_GRACE_DAYS,CT_MTD_DISC,CT_MTD_DUE,,CT_DOMAIN,,PROGRESS_RECID,,current_timestamp(),,,,,,,,,,,,,,,,,,,,,,,,,,,,,,,,,,,,,,,,,,,,,,,,,,,,,,,,,,,,,,,,,,,,,,,,,,,,,,,,,,,,,,,,,,,,,,,,,,,,,,,,,,,,,,,,,,,,,,,,,,,,,,,,,,,,,,,,,,,,,,,,,,,,,,,,,,,,,,,,,,,,,,,,,,,,,,,,,,,,,,,,
1,lh_bronze_qad1,fi,TM_MSTR,payment_terms,TM_CODE,,TM_DESC,,,,,,,,,,TM_USER1,,TM_USER2,,,,,,,,,,,,,,TM_DOMAIN,,PROGRESS_RECID,,current_timestamp(),,,,,,,,,,,,,,,,,,,,,,,,,,,,,,,,,,,,,,,,,,,,,,,,,,,,,,,,,,,,,,,,,,,,,,,,,,,,,,,,,,,,,,,,,,,,,,,,,,,,,,,,,,,,,,,,,,,,,,,,,,,,,,,,,,,,,,,,,,,,,,,,,,,,,,,,,,,,,,,,,,,,,,,,,,,,,,,,,,,,,,,,,
1,lh_bronze_sap_rise,fi,IPAYMENTTERMS,payment_terms,,Description,,,,DocumentDate,,DocumentDate,,,,,,DocumentDate,,,,,DocumentDate,,,,,,CompanyCode,,LastChangeDateTime,,,,,,,,,,,,,,,,,,,,,,,,,,,,,,,,,,,,,,,,,,,,,,,,,,,,,,,,,,,,,,,,,,,,,,,,,,,,,,,,,,,,,,,,,,,,,,,,,,,,,,,,,,,,,,,,,,,,,,,,,,,,,,,,,,,,,,,,,,,,,,,,,,,,,,,,,,,,,,,,,,,,,,,,,,,,,,,,,,,,,,,Client,CreatedByUser,CreationDate,LastChangedByUser,LastChangeDate,DataSource,LogicalSystem,DataPackage,
1,lh_silver_erp,fi,subaccounts,subaccounts,subaccount_id,description,user1,user2,active,company_code,record_id,last_updated_at,,,,,,,,,,,,,,,,,,,,,,,,,,,,,,,,,,,,,,,,,,,,,,,,,,,,,,,,,,,,,,,,,,,,,,,,,,,,,,,,,,,,,,,,,,,,,,,,,,,,,,,,,,,,,,,,,,,,,,,,,,,,,,,,,,,,,,,,,,,,,,,,,,,,,,,,,,,,,,,,,,,,,,,,,,,,,,,,,,,,,,,,,,,,,,,,,,,,,,,,,,,,,,,,,,
1,lh_bronze_qad1,fi,SB_MSTR,subaccounts,SB_SUB,SB_DESC,SB_USER1,SB_USER2,SB_ACTIVE,SB_DOMAIN,PROGRESS_RECID,current_timestamp(),,,,,,,,,,,,,,,,,,,,,,,,,,,,,,,,,,,,,,,,,,,,,,,,,,,,,,,,,,,,,,,,,,,,,,,,,,,,,,,,,,,,,,,,,,,,,,,,,,,,,,,,,,,,,,,,,,,,,,,,,,,,,,,,,,,,,,,,,,,,,,,,,,,,,,,,,,,,,,,,,,,,,,,,,,,,,,,,,,,,,,,,,,,,,,,,,,,,,,,,,,,,,,,,,,
1,lh_bronze_sap_rise,fi,IGLACCOUNTINCHARTOFACCOUNTS,subaccounts,GLAccount,Description,,,,CompanyCode,,LastChangeDateTime,,,,,,,,,,,,,,,,,,,,,,,,,,,,,,,,,,,,,,,,,,,,,,,,,,,,,,,,,,,,,,,,,,,,,,,,,,,,,,,,,,,,,,,,,,,,,,,,,,,,,,,,,,,,,,,,,,,,,,,,,,,,,,,,,,,,,,,,,,,,,,,,,,,,,,,,,,,,,,,,,,,,,,,,,,,,,,,,,,,,,,,,,,,,,,,,,,,,,,,,,,Client,CreatedByUser,CreationDate,LastChangedByUser,LastChangeDate,DataSource,LogicalSystem,DataPackage,
0,lh_silver_erp,md,business_partner,business_partner,address_id,name,address_line1,address_line2,address_line3,city,state,postal_code,country,country_code,county,address_type,attention,attention_2,phone_number,phone_extension,phone_number_2,phone_extension_2,fax_number,fax_number_2,reference,sort_code,language,bank_account_1,bank_account_2,vat_registration,coc_registration,gst_id,tax_type,tax_code,taxable,tax_included,tax_zone,tax_usage,tax_report,internal_division,name_control,postal_id,address_format,temp_field,week_offset,last_file,user_field_1,user_field_2,chr_field_01,chr_field_02,chr_field_03,created_at,updated_at,updated_by,company_code,record_id,last_updated_at,,,,,,,,,,,,,,,,,,,,,,,,,,,,,,,,,,,,,,,,,,,,,,,,,,,,,,,,,,,,,,,,,,,,,,,,,,,,,,,,,,,,,,,,,,,,,,,,,,,,,,,,,,,,,,,,,,,,,,,,,,,,,,,,,,,,,,,,,,,,,,,,,,,,,,,,,,,,,,,,,,,,,
0,lh_bronze_qad1,md,AD_MSTR,business_partner,UPPER(AD_ADDR),AD_NAME,AD_LINE1,AD_LINE2,AD_LINE3,AD_CITY,AD_STATE,AD_ZIP,AD_COUNTRY,AD_CTRY,AD_COUNTY,AD_TYPE,AD_ATTN,AD_ATTN2,AD_PHONE,AD_EXT,AD_PHONE2,AD_EXT2,AD_FAX,AD_FAX2,AD_REF,AD_SORT,AD_LANG,AD_BK_ACCT1,AD_BK_ACCT2,AD_VAT_REG,AD_COC_REG,AD_GST_ID,AD_TAX_TYPE,AD_TAXC,AD_TAXABLE,AD_TAX_IN,AD_TAX_ZONE,AD_TAX_USAGE,AD_TAX_REPORT,AD_INTR_DIVISION,AD_NAME_CONTROL,AD_PST_ID,AD_FORMAT,AD_TEMP,AD_WK_OFFSET,AD_LAST_FILE,AD_USER1,AD_USER2,AD__CHR01,AD__CHR02,AD__CHR03,AD_DATE,AD_MOD_DATE,AD_USERID,AD_DOMAIN,PROGRESS_RECID,current_timestamp(),,,,,,,,,,,,,,,,,,,,,,,,,,,,,,,,,,,,,,,,,,,,,,,,,,,,,,,,,,,,,,,,,,,,,,,,,,,,,,,,,,,,,,,,,,,,,,,,,,,,,,,,,,,,,,,,,,,,,,,,,,,,,,,,,,,,,,,,,,,,,,,,,,,,,,,,,,,,,,,,,,,,,
0,lh_bronze_sap_rise,md,IBUSINESSPART,business_partner,,,,,,,,,,,,,,,,,,,,,,,,,,,,,,,,,,,,,,,,,,,,,,,,,DocumentDate,DocumentDate,CompanyCode,,LastChangeDateTime,,,,,,,,,,,,,,,,,,,,,,,,,,,,,,,,,,,,,,,,,,,,,,,,,,,,,,,,,,,,,,,,,,,,,,,,,,,,,,,,,,,,,,,,,,,,,,,,,,,,,,,,,,,,,,,,,,,,,,,,,,,,,,,,,,,,,,,,,,,,,,,,,,,,,,,,,,,,,Client,CreatedByUser,CreationDate,LastChangedByUser,LastChangeDate,DataSource,LogicalSystem,DataPackage,
0,lh_silver_erp,md,company_codes,company_codes,company_code,company_name,company_type,modified_by,modified_date,user_field_1,user_field_2,short_name,database_name,is_active,record_id,last_updated_at,,,,,,,,,,,,,,,,,,,,,,,,,,,,,,,,,,,,,,,,,,,,,,,,,,,,,,,,,,,,,,,,,,,,,,,,,,,,,,,,,,,,,,,,,,,,,,,,,,,,,,,,,,,,,,,,,,,,,,,,,,,,,,,,,,,,,,,,,,,,,,,,,,,,,,,,,,,,,,,,,,,,,,,,,,,,,,,,,,,,,,,,,,,,,,,,,,,,,,,,,,,,,,
0,lh_bronze_qad1,md,DOM_MSTR,company_codes,DOM_DOMAIN,DOM_NAME,DOM_TYPE,DOM_MOD_USERID,CAST(DOM_MOD_DATE AS DATE),DOM_USER1,DOM_USER2,DOM_SNAME,DOM_DB,CAST(DOM_ACTIVE AS BOOLEAN),CAST(PROGRESS_RECID AS INT),current_timestamp(),,,,,,,,,,,,,,,,,,,,,,,,,,,,,,,,,,,,,,,,,,,,,,,,,,,,,,,,,,,,,,,,,,,,,,,,,,,,,,,,,,,,,,,,,,,,,,,,,,,,,,,,,,,,,,,,,,,,,,,,,,,,,,,,,,,,,,,,,,,,,,,,,,,,,,,,,,,,,,,,,,,,,,,,,,,,,,,,,,,,,,,,,,,,,,,,,,,,,,,,,,,,,,
0,lh_bronze_sap_rise,md,ICOMPANYCODE,company_codes,CompanyCode,,,,DocumentDate,,,,,,,LastChangeDateTime,,,,,,,,,,,,,,,,,,,,,,,,,,,,,,,,,,,,,,,,,,,,,,,,,,,,,,,,,,,,,,,,,,,,,,,,,,,,,,,,,,,,,,,,,,,,,,,,,,,,,,,,,,,,,,,,,,,,,,,,,,,,,,,,,,,,,,,,,,,,,,,,,,,,,,,,,,,,,,,,,,,,,,,,,,,,,,,,,,,,,,,,,,,,,,,,,,,,,,Client,CreatedByUser,CreationDate,LastChangedByUser,LastChangeDate,DataSource,LogicalSystem,DataPackage,
0,lh_silver_erp,md,countries,countries,ctry_code,country,ec_flag,code1,user1,user2,chr01,log01,group,cmtindx,type,nafta_flag,dea_flag,gatt_flag,vat_reg_prefix,ie_code,record_id,last_updated_at,,,,,,,,,,,,,,,,,,,,,,,,,,,,,,,,,,,,,,,,,,,,,,,,,,,,,,,,,,,,,,,,,,,,,,,,,,,,,,,,,,,,,,,,,,,,,,,,,,,,,,,,,,,,,,,,,,,,,,,,,,,,,,,,,,,,,,,,,,,,,,,,,,,,,,,,,,,,,,,,,,,,,,,,,,,,,,,,,,,,,,,,,,,,,,,,,,,,,,,,
0,lh_bronze_qad1,md,CTRY_MSTR,countries,CTRY_CTRY_CODE,CTRY_COUNTRY,CTRY_EC_FLAG,CTRY_CODE1,CTRY_USER1,CTRY_USER2,CTRY__CHR01,CTRY__LOG01,CTRY_GROUP,CTRY_CMTINDX,CTRY_TYPE,CTRY_NAFTA_FLAG,CTRY_DEA_FLAG,CTRY_GATT_FLAG,CTRY_VAT_REG_PREFIX,CTRY_IE_CODE,PROGRESS_RECID,current_timestamp(),,,,,,,,,,,,,,,,,,,,,,,,,,,,,,,,,,,,,,,,,,,,,,,,,,,,,,,,,,,,,,,,,,,,,,,,,,,,,,,,,,,,,,,,,,,,,,,,,,,,,,,,,,,,,,,,,,,,,,,,,,,,,,,,,,,,,,,,,,,,,,,,,,,,,,,,,,,,,,,,,,,,,,,,,,,,,,,,,,,,,,,,,,,,,,,,,,,,,,,,
0,lh_bronze_sap_rise,md,ICOUNTRY,countries,,,,,,,,,,,,,,,,,,LastChangeDateTime,,,,,,,,,,,,,,,,,,,,,,,,,,,,,,,,,,,,,,,,,,,,,,,,,,,,,,,,,,,,,,,,,,,,,,,,,,,,,,,,,,,,,,,,,,,,,,,,,,,,,,,,,,,,,,,,,,,,,,,,,,,,,,,,,,,,,,,,,,,,,,,,,,,,,,,,,,,,,,,,,,,,,,,,,,,,,,,,,,,,,,,,,,,,,,,,Client,CreatedByUser,CreationDate,LastChangedByUser,LastChangeDate,DataSource,LogicalSystem,DataPackage,
0,lh_silver_erp,md,currencies,currencies,currency_code,desc,rnd_mthd,active,mod_userid,mod_date,user1,user2,iso_currency_code,record_id,last_updated_at,,,,,,,,,,,,,,,,,,,,,,,,,,,,,,,,,,,,,,,,,,,,,,,,,,,,,,,,,,,,,,,,,,,,,,,,,,,,,,,,,,,,,,,,,,,,,,,,,,,,,,,,,,,,,,,,,,,,,,,,,,,,,,,,,,,,,,,,,,,,,,,,,,,,,,,,,,,,,,,,,,,,,,,,,,,,,,,,,,,,,,,,,,,,,,,,,,,,,,,,,,,,,,,
0,lh_bronze_qad1,md,CU_MSTR,currencies,CU_CURR,CU_DESC,CU_RND_MTHD,CU_ACTIVE,CU_MOD_USERID,CU_MOD_DATE,CU_USER1,CU_USER2,CU_ISO_CURR,PROGRESS_RECID,current_timestamp(),,,,,,,,,,,,,,,,,,,,,,,,,,,,,,,,,,,,,,,,,,,,,,,,,,,,,,,,,,,,,,,,,,,,,,,,,,,,,,,,,,,,,,,,,,,,,,,,,,,,,,,,,,,,,,,,,,,,,,,,,,,,,,,,,,,,,,,,,,,,,,,,,,,,,,,,,,,,,,,,,,,,,,,,,,,,,,,,,,,,,,,,,,,,,,,,,,,,,,,,,,,,,,,
0,lh_bronze_sap_rise,md,ICURRENCY,currencies,TransactionCurrency,Description,,,,DocumentDate,,,TransactionCurrency,,LastChangeDateTime,,,,,,,,,,,,,,,,,,,,,,,,,,,,,,,,,,,,,,,,,,,,,,,,,,,,,,,,,,,,,,,,,,,,,,,,,,,,,,,,,,,,,,,,,,,,,,,,,,,,,,,,,,,,,,,,,,,,,,,,,,,,,,,,,,,,,,,,,,,,,,,,,,,,,,,,,,,,,,,,,,,,,,,,,,,,,,,,,,,,,,,,,,,,,,,,,,,,,,,Client,CreatedByUser,CreationDate,LastChangedByUser,LastChangeDate,DataSource,LogicalSystem,DataPackage,
0,lh_silver_erp,md,customers,customers,customer_id,ship_to_id,customer_type,customer_class,region,plant_id,sort_code,credit_terms,credit_rating,credit_limit,credit_hold_flag,credit_updated_at,credit_review_date,highest_credit_balance,highest_credit_date,sales_employee_id,price_list_id,price_list_id_2,discount_percentage,fixed_price_flag,freight_price_list_id,freight_terms,ship_via_code,ship_lead_time,ar_account_id,ar_cost_center_id,ar_sub_account_id,ar_balance,average_payment_days,tax_code,taxable_flag,tax_included_flag,payment_method,payment_date,statement_flag,statement_cycle,dunning_flag,collection_method,resale_number,promo_code,back_to_back_credit,back_to_back_type,back_to_back_method,currency_code,settlement_currency,exchange_rate_type,sic,dec01,dec02,chr06,language,partial_payment_flag,finance_flag,internal_customer_flag,po_required_flag,sale_date,finance_date,remarks,bank_account_id,fiscal_id_1,fiscal_id_2,user_field_1,user_field_2,chr_field_01,chr_field_02,updated_at,updated_by,company_code,record_id,last_updated_at,,,,,,,,,,,,,,,,,,,,,,,,,,,,,,,,,,,,,,,,,,,,,,,,,,,,,,,,,,,,,,,,,,,,,,,,,,,,,,,,,,,,,,,,,,,,,,,,,,,,,,,,,,,,,,,,,,,,,,,,,,,,,,,,,,,,,,,,,,,,,,,,,,,,
0,lh_bronze_qad1,md,CM_MSTR,customers,CM_ADDR,CM_SHIP,CM_TYPE,CM_CLASS,CM_REGION,CM_SITE,CM_SORT,CM_CR_TERMS,CM_CR_RATING,CM_CR_LIMIT,CM_CR_HOLD,CM_CR_UPDATE,CM_CR_REVIEW,CM_HIGH_CR,CM_HIGH_DATE,`CM_SLSPSN##1`,CM_PR_LIST,CM_PR_LIST2,CM_DISC_PCT,CM_FIX_PR,CM_FR_LIST,CM_FR_TERMS,CM_SHIPVIA,CM_SHIP_LT,CM_AR_ACCT,CM_AR_CC,CM_AR_SUB,CM_BALANCE,CM_AVG_PAY,CM_TAXC,CM_TAXABLE,CM_TAX_IN,CM_PAY_METHOD,CM_PAY_DATE,CM_STMT,CM_STMT_CYC,CM_DUN,CM_COLL_MTHD,CM_RESALE,CM_PROMO,CM_BTB_CR,CM_BTB_TYPE,CM_BTB_MTHD,CM_CURR,CM_SCURR,CM_EX_RATETYPE,CM_SIC,CM__DEC01,CM__DEC02,CM__CHR06,CM_LANG,CM_PARTIAL,CM_FIN,CM_INTERNAL,CM_PO_REQD,CM_SALE_DATE,CM_FIN_DATE,CM_RMKS,CM_BANK,CM_FST_ID,CM_PST_ID,CM_USER1,CM_USER2,CM__CHR01,CM__CHR02,CM_MOD_DATE,CM_USERID,CM_DOMAIN,PROGRESS_RECID,current_timestamp(),,,,,,,,,,,,,,,,,,,,,,,,,,,,,,,,,,,,,,,,,,,,,,,,,,,,,,,,,,,,,,,,,,,,,,,,,,,,,,,,,,,,,,,,,,,,,,,,,,,,,,,,,,,,,,,,,,,,,,,,,,,,,,,,,,,,,,,,,,,,,,,,,,,,
0,lh_bronze_sap_rise,md,ICUSTOMER,customers,Customer,,,,,Plant,,,,,,DocumentDate,DocumentDate,,DocumentDate,,,,,,,,,,GLAccount,CostCenter,GLAccount,,,,,,,DocumentDate,,,,,,,,,,TransactionCurrency,,,,,,,,,,,,DocumentDate,DocumentDate,,GLAccount,,,,,,,DocumentDate,DocumentDate,CompanyCode,,LastChangeDateTime,,,,,,,,,,,,,,,,,,,,,,,,,,,,,,,,,,,,,,,,,,,,,,,,,,,,,,,,,,,,,,,,,,,,,,,,,,,,,,,,,,,,,,,,,,,,,,,,,,,,,,,,,,,,,,,,,,,,,,,,,,,,,,,,,,,,,,,,,,,,Client,CreatedByUser,CreationDate,LastChangedByUser,LastChangeDate,DataSource,LogicalSystem,DataPackage,
1,lh_silver_erp,md,exchange_rates,exchange_rates,curr1,curr2,start_date,end_date,rate,rate2,ratetype,mod_userid,mod_date,user1,user2,company_code,record_id,last_updated_at,,,,,,,,,,,,,,,,,,,,,,,,,,,,,,,,,,,,,,,,,,,,,,,,,,,,,,,,,,,,,,,,,,,,,,,,,,,,,,,,,,,,,,,,,,,,,,,,,,,,,,,,,,,,,,,,,,,,,,,,,,,,,,,,,,,,,,,,,,,,,,,,,,,,,,,,,,,,,,,,,,,,,,,,,,,,,,,,,,,,,,,,,,,,,,,,,,,,,,,,,,,,
1,lh_bronze_qad1,md,EXR_RATE,exchange_rates,EXR_CURR1,EXR_CURR2,EXR_START_DATE,EXR_END_DATE,EXR_RATE,EXR_RATE2,EXR_RATETYPE,EXR_MOD_USERID,EXR_MOD_DATE,EXR_USER1,EXR_USER2,EXR_DOMAIN,PROGRESS_RECID,current_timestamp(),,,,,,,,,,,,,,,,,,,,,,,,,,,,,,,,,,,,,,,,,,,,,,,,,,,,,,,,,,,,,,,,,,,,,,,,,,,,,,,,,,,,,,,,,,,,,,,,,,,,,,,,,,,,,,,,,,,,,,,,,,,,,,,,,,,,,,,,,,,,,,,,,,,,,,,,,,,,,,,,,,,,,,,,,,,,,,,,,,,,,,,,,,,,,,,,,,,,,,,,,,,,
1,lh_bronze_sap_rise,md,IEXCHANGERATE,exchange_rates,,,DocumentDate,DocumentDate,,,,,DocumentDate,,,CompanyCode,,LastChangeDateTime,,,,,,,,,,,,,,,,,,,,,,,,,,,,,,,,,,,,,,,,,,,,,,,,,,,,,,,,,,,,,,,,,,,,,,,,,,,,,,,,,,,,,,,,,,,,,,,,,,,,,,,,,,,,,,,,,,,,,,,,,,,,,,,,,,,,,,,,,,,,,,,,,,,,,,,,,,,,,,,,,,,,,,,,,,,,,,,,,,,,,,,,,,,,,,,,,,,,Client,CreatedByUser,CreationDate,LastChangedByUser,LastChangeDate,DataSource,LogicalSystem,DataPackage,
0,lh_silver_erp,md,materials,materials,product_id,description_1,description_2,unit_of_measure,drawing_number,product_line,product_group,part_type,status,abc_class,issue_policy,phantom_flag,storage_location_id,abc_amount,average_interval,cycle_interval,ms,plan_order_flag,mrp_flag,order_policy,order_quantity,order_period,safety_stock,safety_time,reorder_point,buyer,vendor_id,pm_code,manufacturing_lead_time,purchasing_lead_time,inspection_required_flag,inspection_lead_time,cumulative_lead_time,order_minimum,order_maximum,order_multiple,yield_percent,setup,setup_ll,run_ll,run,price,xmtl_tl,xlbr_tl,xbdn_tl,xsub_tl,xmtl_ll,xlbr_ll,xbdn_ll,xsub_ll,xtot_cur,cur_date,xmtl_stdtl,xlbr_stdtl,xbdn_stdtl,xsub_stdtl,standard_total_cost,standard_cost_date,ll_code,abc_qty,routing,lot_ser,timefence,xmtl_stdll,xlbr_stdll,xbdn_stdll,xsub_stdll,revision,last_eco,qc_lead_time,auto_lot_flag,assay,batch,user3,user1,user2,net_weight,weight_unit,size,size_unit,taxable_flag,tax_code,rollup,xovh_ll,xovh_tl,xovh_stdll,xovh_stdtl,plant_id,shelf_life,critical_flag,single_lot_flag,upc,hazard,date_added,chr01,chr02,chr03,chr04,chr05,chr06,chr07,chr08,chr09,chr10,dte01,dte02,dec01,dec02,log01,log02,length,height,width,dimension_unit,package_code,network,ll_drp,freight_class,special_handling,bom_code,location_type,transaction_type,cover,unit_isb,article,po_plant_id,shipping_weight,shipping_weight_unit,formula,dea,commodity_code,inst_call,system_type,tariff,origin,sttr,mfg_mtbf,mfg_mttr,fru,vendor_warranty,service_group,service_type,mtbf,mttr,isb,pvm_days,warranty_code,modification_date,user_id,obsolete_date,pvm_bom,pvm_route,pvm_uom,rp_bom,rp_route,rp_vendor,rctpo_status,rollup_id,specific_gravity,joint_type,manufacturing_percent,purchasing_percent,drp_percent,pou_code,weeks_average,weeks_max,weeks_min,pick_logic,fiscal_class,design_group,drawing_location,ecn_revision,drawing_size,model,repairable_flag,rctwo_status,lot_group,rctpo_active,rctwo_active,break_category,fsc_code,trace_active,trace_detail,pm_mrp,ins_call_type,ins_bom,ins_route,promo_number,meter_interval,meter_unit,wh,btb_type,cfg_type,app_owner,op_yield,run_seq1,run_seq2,atp_enforcement,atp_family,company_code,record_id,last_updated_at,,,,,,,,,,,,,,,,
0,lh_bronze_qad1,md,PT_MSTR,materials,PT_PART,PT_DESC1,PT_DESC2,PT_UM,PT_DRAW,PT_PROD_LINE,PT_GROUP,PT_PART_TYPE,PT_STATUS,PT_ABC,PT_ISS_POL,PT_PHANTOM,PT_LOC,PT_ABC_AMT,PT_AVG_INT,PT_CYC_INT,PT_MS,PT_PLAN_ORD,PT_MRP,PT_ORD_POL,PT_ORD_QTY,PT_ORD_PER,PT_SFTY_STK,PT_SFTY_TIME,PT_ROP,PT_BUYER,PT_VEND,PT_PM_CODE,PT_MFG_LEAD,PT_PUR_LEAD,PT_INSP_RQD,PT_INSP_LEAD,PT_CUM_LEAD,PT_ORD_MIN,PT_ORD_MAX,PT_ORD_MULT,PT_YIELD_PCT,PT_SETUP,PT_SETUP_LL,PT_RUN_LL,PT_RUN,PT_PRICE,PT_XMTL_TL,PT_XLBR_TL,PT_XBDN_TL,PT_XSUB_TL,PT_XMTL_LL,PT_XLBR_LL,PT_XBDN_LL,PT_XSUB_LL,PT_XTOT_CUR,PT_CUR_DATE,PT_XMTL_STDTL,PT_XLBR_STDTL,PT_XBDN_STDTL,PT_XSUB_STDTL,PT_XTOT_STD,PT_STD_DATE,PT_LL_CODE,PT_ABC_QTY,PT_ROUTING,PT_LOT_SER,PT_TIMEFENCE,PT_XMTL_STDLL,PT_XLBR_STDLL,PT_XBDN_STDLL,PT_XSUB_STDLL,PT_REV,PT_LAST_ECO,PT_QC_LEAD,PT_AUTO_LOT,PT_ASSAY,PT_BATCH,PT_USER3,PT_USER1,PT_USER2,PT_NET_WT,PT_NET_WT_UM,PT_SIZE,PT_SIZE_UM,PT_TAXABLE,PT_TAXC,PT_ROLLUP,PT_XOVH_LL,PT_XOVH_TL,PT_XOVH_STDLL,PT_XOVH_STDTL,PT_SITE,PT_SHELFLIFE,PT_CRITICAL,PT_SNGL_LOT,PT_UPC,PT_HAZARD,PT_ADDED,PT__CHR01,PT__CHR02,PT__CHR03,PT__CHR04,PT__CHR05,PT__CHR06,PT__CHR07,PT__CHR08,PT__CHR09,PT__CHR10,PT__DTE01,PT__DTE02,PT__DEC01,PT__DEC02,PT__LOG01,PT__LOG02,PT_LENGTH,PT_HEIGHT,PT_WIDTH,PT_DIM_UM,PT_PKG_CODE,PT_NETWORK,PT_LL_DRP,PT_FR_CLASS,PT_SPEC_HDLG,PT_BOM_CODE,PT_LOC_TYPE,PT_TRANSTYPE,PT_COVER,PT_UNIT_ISB,PT_ARTICLE,PT_PO_SITE,PT_SHIP_WT,PT_SHIP_WT_UM,PT_FORMULA,PT_DEA,PT_COMM_CODE,PT_INST_CALL,PT_SYS_TYPE,PT_TARIFF,PT_ORIGIN,PT_STTR,PT_MFG_MTBF,PT_MFG_MTTR,PT_FRU,PT_VEN_WARR,PT_SVC_GROUP,PT_SVC_TYPE,PT_MTBF,PT_MTTR,PT_ISB,PT_PVM_DAYS,PT_WARR_CD,PT_MOD_DATE,PT_USERID,PT_OBS_DATE,PT_PVM_BOM,PT_PVM_ROUTE,PT_PVM_UM,PT_RP_BOM,PT_RP_ROUTE,PT_RP_VENDOR,PT_RCTPO_STATUS,PT_ROLLUP_ID,PT_SPEC_GRAV,PT_JOINT_TYPE,PT_MFG_PCT,PT_PUR_PCT,PT_DRP_PCT,PT_POU_CODE,PT_WKS_AVG,PT_WKS_MAX,PT_WKS_MIN,PT_PICK_LOGIC,PT_FISCAL_CLASS,PT_DSGN_GRP,PT_DRWG_LOC,PT_ECN_REV,PT_DRWG_SIZE,PT_MODEL,PT_REPAIRABLE,PT_RCTWO_STATUS,PT_LOT_GRP,PT_RCTPO_ACTIVE,PT_RCTWO_ACTIVE,PT_BREAK_CAT,PT_FSC_CODE,PT_TRACE_ACTIVE,PT_TRACE_DETAIL,PT_PM_MRP,PT_INS_CALL_TYPE,PT_INS_BOM,PT_INS_ROUTE,PT_PROMO,PT_METER_INTERVAL,PT_METER_UM,PT_WH,PT_BTB_TYPE,PT_CFG_TYPE,PT_APP_OWNER,PT_OP_YIELD,PT_RUN_SEQ1,PT_RUN_SEQ2,PT_ATP_ENFORCEMENT,PT_ATP_FAMILY,PT_DOMAIN,PROGRESS_RECID,current_timestamp(),,,,,,,,,,,,,,,,
0,lh_bronze_sap_rise,md,IPRODUCT,materials,,Description,Description,,,,,,,,,,,AmountInCompanyCodeCurrency,,,,,,,,,,,,,,,,,,,,,,,,,,,,,,,,,,,,,,DocumentDate,,,,,,DocumentDate,,,,,,,,,,,,,,,,,,,,,,,,,,,,,,Plant,,,,,,DocumentDate,,,,,,,,,,,,,,,,,,,,,,,,,,,,,,,,Plant,,,,,,,,,,,,,,,,,,,,,,DocumentDate,,DocumentDate,,,,,,,,,,,,,,,,,,,,,,,,,,,,,,,,,,,,,,,,,,,,,,,,,,CompanyCode,,LastChangeDateTime,,,,,,,,Client,CreatedByUser,CreationDate,LastChangedByUser,LastChangeDate,DataSource,LogicalSystem,DataPackage,
1,lh_silver_erp,md,payment_terms,payment_terms,payment_code,desc,type,maxweight,weight_unit_of_measure,maxcube,cube_unit_of_measure,height,width,length,pallets,gross_wt,rate_code,cmtindx,load_lt,unload_lt,no_units,user1,user2,company_code,record_id,last_updated_at,,,,,,,,,,,,,,,,,,,,,,,,,,,,,,,,,,,,,,,,,,,,,,,,,,,,,,,,,,,,,,,,,,,,,,,,,,,,,,,,,,,,,,,,,,,,,,,,,,,,,,,,,,,,,,,,,,,,,,,,,,,,,,,,,,,,,,,,,,,,,,,,,,,,,,,,,,,,,,,,,,,,,,,,,,,,,,,,,,,,,,,,,,,,,,,,,,,,
1,lh_bronze_qad1,md,CT_MSTR,payment_terms,,CT_CODE,,CT_DESC,,,,,,,,,,,,,,,,,CT_USER1,,CT_USER2,,CT_DOMAIN,,PROGRESS_RECID,,current_timestamp(),,,,,,,,,,,,,,,,,,,,,,,,,,,,,,,,,,,,,,,,,,,,,,,,,,,,,,,,,,,,,,,,,,,,,,,,,,,,,,,,,,,,,,,,,,,,,,,,,,,,,,,,,,,,,,,,,,,,,,,,,,,,,,,,,,,,,,,,,,,,,,,,,,,,,,,,,,,,,,,,,,,,,,,,,,,,,,,,,,,,,,,,,,,,,
1,lh_bronze_qad1,md,TM_MSTR,payment_terms,TM_CODE,,TM_DESC,,TM_TYPE,TM_MAXWEIGHT,TM_WEIGHT_UM,TM_MAXCUBE,TM_CUBE_UM,TM_HEIGHT,TM_WIDTH,TM_LENGTH,TM_PALLETS,TM_GROSS_WT,TM_RATE_CODE,TM_CMTINDX,TM_LOAD_LT,TM_UNLOAD_LT,TM_NO_UNITS,TM_USER1,,TM_USER2,,TM_DOMAIN,,PROGRESS_RECID,,current_timestamp(),,,,,,,,,,,,,,,,,,,,,,,,,,,,,,,,,,,,,,,,,,,,,,,,,,,,,,,,,,,,,,,,,,,,,,,,,,,,,,,,,,,,,,,,,,,,,,,,,,,,,,,,,,,,,,,,,,,,,,,,,,,,,,,,,,,,,,,,,,,,,,,,,,,,,,,,,,,,,,,,,,,,,,,,,,,,,,,,,,,,,,,,,,,,,,
1,lh_bronze_sap_rise,md,IPAYMENTTERMS,payment_terms,,Description,,,,,,,,,,,,,,,,,,CompanyCode,,LastChangeDateTime,,,,,,,,,,,,,,,,,,,,,,,,,,,,,,,,,,,,,,,,,,,,,,,,,,,,,,,,,,,,,,,,,,,,,,,,,,,,,,,,,,,,,,,,,,,,,,,,,,,,,,,,,,,,,,,,,,,,,,,,,,,,,,,,,,,,,,,,,,,,,,,,,,,,,,,,,,,,,,,,,,,,,,,,,,,,,,,,,,,,,,,,,,,,Client,CreatedByUser,CreationDate,LastChangedByUser,LastChangeDate,DataSource,LogicalSystem,DataPackage,
0,lh_silver_erp,md,plants,plants,plant_id,plant_description,segment_id,status,auto_location_code,user_field_1,user_field_2,custom_text_1,custom_text_2,git_account,git_cost_center,company_code,plant_type,record_id,last_updated_at,,,,,,,,,,,,,,,,,,,,,,,,,,,,,,,,,,,,,,,,,,,,,,,,,,,,,,,,,,,,,,,,,,,,,,,,,,,,,,,,,,,,,,,,,,,,,,,,,,,,,,,,,,,,,,,,,,,,,,,,,,,,,,,,,,,,,,,,,,,,,,,,,,,,,,,,,,,,,,,,,,,,,,,,,,,,,,,,,,,,,,,,,,,,,,,,,,,,,,,,,,,
0,lh_bronze_qad1,md,SI_MSTR,plants,TRIM(SI_SITE),TRIM(SI_DESC),TRIM(SI_ENTITY),TRIM(SI_STATUS),"CAST(SI_AUTO_LOC AS DECIMAL(18,2))",TRIM(SI_USER1),TRIM(SI_USER2),TRIM(SI__CHR01),TRIM(SI__CHR02),TRIM(SI_GIT_ACCT),TRIM(SI_GIT_CC),TRIM(SI_DOMAIN),CAST(SI_TYPE AS INT),CAST(PROGRESS_RECID AS INT),current_timestamp(),,,,,,,,,,,,,,,,,,,,,,,,,,,,,,,,,,,,,,,,,,,,,,,,,,,,,,,,,,,,,,,,,,,,,,,,,,,,,,,,,,,,,,,,,,,,,,,,,,,,,,,,,,,,,,,,,,,,,,,,,,,,,,,,,,,,,,,,,,,,,,,,,,,,,,,,,,,,,,,,,,,,,,,,,,,,,,,,,,,,,,,,,,,,,,,,,,,,,,,,,,,
0,lh_bronze_sap_rise,md,IPLANT,plants,Plant,Description,Segment,,,,,,,,,CompanyCode,,,LastChangeDateTime,,,,,,,,,,,,,,,,,,,,,,,,,,,,,,,,,,,,,,,,,,,,,,,,,,,,,,,,,,,,,,,,,,,,,,,,,,,,,,,,,,,,,,,,,,,,,,,,,,,,,,,,,,,,,,,,,,,,,,,,,,,,,,,,,,,,,,,,,,,,,,,,,,,,,,,,,,,,,,,,,,,,,,,,,,,,,,,,,,,,,,,,,,,,,,,,,,,Client,CreatedByUser,CreationDate,LastChangedByUser,LastChangeDate,DataSource,LogicalSystem,DataPackage,
0,lh_silver_erp,md,storage_locations,storage_locations,storage_location_id,location_date,perm_flag,project_code,plant_id,status,user1,user2,single_flag,location_type,capacity,capacity_unit,description,physical_address,transfer_ownership_flag,company_code,record_id,last_updated_at,,,,,,,,,,,,,,,,,,,,,,,,,,,,,,,,,,,,,,,,,,,,,,,,,,,,,,,,,,,,,,,,,,,,,,,,,,,,,,,,,,,,,,,,,,,,,,,,,,,,,,,,,,,,,,,,,,,,,,,,,,,,,,,,,,,,,,,,,,,,,,,,,,,,,,,,,,,,,,,,,,,,,,,,,,,,,,,,,,,,,,,,,,,,,,,,,,,,,,,,
0,lh_bronze_qad1,md,LOC_MSTR,storage_locations,LOC_LOC,LOC_DATE,LOC_PERM,LOC_PROJECT,LOC_SITE,LOC_STATUS,LOC_USER1,LOC_USER2,LOC_SINGLE,LOC_TYPE,LOC_CAP,LOC_CAP_UM,LOC_DESC,LOC_PHYS_ADDR,LOC_XFER_OWNERSHIP,LOC_DOMAIN,PROGRESS_RECID,current_timestamp(),,,,,,,,,,,,,,,,,,,,,,,,,,,,,,,,,,,,,,,,,,,,,,,,,,,,,,,,,,,,,,,,,,,,,,,,,,,,,,,,,,,,,,,,,,,,,,,,,,,,,,,,,,,,,,,,,,,,,,,,,,,,,,,,,,,,,,,,,,,,,,,,,,,,,,,,,,,,,,,,,,,,,,,,,,,,,,,,,,,,,,,,,,,,,,,,,,,,,,,,
0,lh_bronze_sap_rise,md,ISTORAGELOCATION,storage_locations,,DocumentDate,,,Plant,,,,,,,,Description,,,CompanyCode,,LastChangeDateTime,,,,,,,,,,,,,,,,,,,,,,,,,,,,,,,,,,,,,,,,,,,,,,,,,,,,,,,,,,,,,,,,,,,,,,,,,,,,,,,,,,,,,,,,,,,,,,,,,,,,,,,,,,,,,,,,,,,,,,,,,,,,,,,,,,,,,,,,,,,,,,,,,,,,,,,,,,,,,,,,,,,,,,,,,,,,,,,,,,,,,,,,,,,,,,,,Client,CreatedByUser,CreationDate,LastChangedByUser,LastChangeDate,DataSource,LogicalSystem,DataPackage,
1,lh_silver_erp,md,supplier_bank_accounts,supplier_bank_accounts,address_id,bank,edi,branch,account_id,type,end_date,beg_date,user_id,mod_date,user1,user2,chr01,chr02,chr03,chr04,chr05,dec01,dec02,dte01,dte02,log01,log02,validation,company_code,record_id,last_updated_at,,,,,,,,,,,,,,,,,,,,,,,,,,,,,,,,,,,,,,,,,,,,,,,,,,,,,,,,,,,,,,,,,,,,,,,,,,,,,,,,,,,,,,,,,,,,,,,,,,,,,,,,,,,,,,,,,,,,,,,,,,,,,,,,,,,,,,,,,,,,,,,,,,,,,,,,,,,,,,,,,,,,,,,,,,,,,,,,,,,,,,,,,,,,,,,
1,lh_bronze_qad1,md,CSBD_DET,supplier_bank_accounts,CSBD_ADDR,CSBD_BANK,CSBD_EDI,CSBD_BRANCH,CSBD_BK_ACCT,CSBD_TYPE,CSBD_END_DATE,CSBD_BEG_DATE,CSBD_USERID,CSBD_MOD_DATE,CSBD_USER1,CSBD_USER2,CSBD__CHR01,CSBD__CHR02,CSBD__CHR03,CSBD__CHR04,CSBD__CHR05,CSBD__DEC01,CSBD__DEC02,CSBD__DTE01,CSBD__DTE02,CSBD__LOG01,CSBD__LOG02,CSBD_VALIDATION,CSBD_DOMAIN,PROGRESS_RECID,current_timestamp(),,,,,,,,,,,,,,,,,,,,,,,,,,,,,,,,,,,,,,,,,,,,,,,,,,,,,,,,,,,,,,,,,,,,,,,,,,,,,,,,,,,,,,,,,,,,,,,,,,,,,,,,,,,,,,,,,,,,,,,,,,,,,,,,,,,,,,,,,,,,,,,,,,,,,,,,,,,,,,,,,,,,,,,,,,,,,,,,,,,,,,,,,,,,,,,
1,lh_bronze_sap_rise,md,IBANKACCOUNT,supplier_bank_accounts,,,,,GLAccount,,DocumentDate,DocumentDate,,DocumentDate,,,,,,,,,,,,,,,CompanyCode,,LastChangeDateTime,,,,,,,,,,,,,,,,,,,,,,,,,,,,,,,,,,,,,,,,,,,,,,,,,,,,,,,,,,,,,,,,,,,,,,,,,,,,,,,,,,,,,,,,,,,,,,,,,,,,,,,,,,,,,,,,,,,,,,,,,,,,,,,,,,,,,,,,,,,,,,,,,,,,,,,,,,,,,,,,,,,,,,,,,,,,,,,,,,,,,,,Client,CreatedByUser,CreationDate,LastChangedByUser,LastChangeDate,DataSource,LogicalSystem,DataPackage,
0,lh_silver_erp,md,suppliers,suppliers,supplier_id,sort_code,language,currency_code,vendor_type,vendor_group,credit_terms_code,total_terms_code,discount_percentage,fixed_price_flag,price_list_id,price_list_id_2,freight_price_list_id,freight_terms_code,freight_min_weight,ship_via_code,fob_point,ap_account_id,ap_cost_center_id,ap_sub_account_id,purchasing_account_id,purchasing_cost_center_id,purchasing_sub_account_id,purchasing_contact,ap_contact,buyer_id,remit_to_address_id,tax_number,taxable_flag,form_1099_flag,ap_balance_amount,draft_balance_amount,lc_balance_amount,payment_hold_flag,prepayment_amount,misc_credit_amount,last_payment_date,updated_at,date_field_01,date_field_02,updated_by,partial_payment_flag,payment_spec_flag,receive_so_price_flag,receive_held_so_flag,transfer_price_use_pct_flag,transfer_price_pct,exchange_rate_type,bank_account_id,check_form_id,debtor_number,user_field_1,user_field_2,chr_field_01,chr_field_02,chr_field_03,chr_field_04,chr_field_05,chr_field_06,chr_field_07,chr_field_08,chr_field_09,chr_field_10,dec_field_01,dec_field_02,bool_field_01,consignment_logic,promo_code,tax_invoice_notice,db_segment,company_code,record_id,last_updated_at,,,,,,,,,,,,,,,,,,,,,,,,,,,,,,,,,,,,,,,,,,,,,,,,,,,,,,,,,,,,,,,,,,,,,,,,,,,,,,,,,,,,,,,,,,,,,,,,,,,,,,,,,,,,,,,,,,,,,,,,,,,,,,,,,,,,,,,,,,,,,,,,,
0,lh_bronze_qad1,md,VD_MSTR,suppliers,"NULLIF(VD_ADDR, '')","NULLIF(VD_SORT, '')","UPPER(NULLIF(VD_LANG, ''))","UPPER(NULLIF(VD_CURR, ''))","UPPER(NULLIF(VD_TYPE, ''))","UPPER(NULLIF(VD_VT_ID, ''))","NULLIF(VD_CR_TERMS, '')","NULLIF(VD_TOT_TERMS_CODE, '')","CAST(VD_DISC_PCT AS DECIMAL(5,2))",CAST(VD_FIX_PR AS BOOLEAN),"NULLIF(VD_PR_LIST, '')","NULLIF(VD_PR_LIST2, '')","NULLIF(VD_FR_LIST, '')","NULLIF(VD_FR_TERMS, '')","CAST(VD_FR_MIN_WT AS DECIMAL(18,2))","NULLIF(VD_SHIPVIA, '')","NULLIF(VD_FOB, '')","NULLIF(VD_AP_ACCT, '')","NULLIF(VD_AP_CC, '')","NULLIF(VD_AP_SUB, '')","NULLIF(VD_PUR_ACCT, '')","NULLIF(VD_PUR_CC, '')","NULLIF(VD_PUR_SUB, '')","NULLIF(VD_PUR_CNTCT, '')","NULLIF(VD_AP_CNTCT, '')","NULLIF(VD_BUYER, '')","NULLIF(VD_REMIT, '')","NULLIF(VD_TAX_ID, '')",CAST(VD_TAXABLE AS BOOLEAN),CAST(VD_1099 AS BOOLEAN),"CAST(VD_BALANCE AS DECIMAL(18,2))","CAST(VD_DRFT_BAL AS DECIMAL(18,2))","CAST(VD_LC_BAL AS DECIMAL(18,2))",CAST(VD_HOLD AS BOOLEAN),"CAST(VD_PREPAY AS DECIMAL(18,2))","CAST(VD_MISC_CR AS DECIMAL(18,2))",CAST(VD_LAST_CK AS TIMESTAMP),CAST(VD_MOD_DATE AS TIMESTAMP),CAST(VD__DTE01 AS TIMESTAMP),CAST(VD__DTE02 AS TIMESTAMP),"NULLIF(VD_USERID, '')",CAST(VD_PARTIAL AS BOOLEAN),CAST(VD_PAY_SPEC AS BOOLEAN),CAST(VD_RCV_SO_PRICE AS BOOLEAN),CAST(VD_RCV_HELD_SO AS BOOLEAN),CAST(VD_TP_USE_PCT AS BOOLEAN),"CAST(VD_TP_PCT AS DECIMAL(5,2))","NULLIF(VD_EX_RATETYPE, '')","NULLIF(VD_BANK, '')","NULLIF(VD_CKFRM, '')","NULLIF(VD_DEBTOR, '')","NULLIF(VD_USER1, '')","NULLIF(VD_USER2, '')","NULLIF(VD__CHR01, '')","NULLIF(VD__CHR02, '')","NULLIF(VD__CHR03, '')","NULLIF(VD__CHR04, '')","NULLIF(VD__CHR05, '')","NULLIF(VD__CHR06, '')","NULLIF(VD__CHR07, '')","NULLIF(VD__CHR08, '')","NULLIF(VD__CHR09, '')","NULLIF(VD__CHR10, '')","CAST(VD__DEC01 AS DECIMAL(18,2))","CAST(VD__DEC02 AS DECIMAL(18,2))",CAST(VD__LOG01 AS BOOLEAN),"NULLIF(VD_CONREP_LOGIC, '')","NULLIF(VD_PROMO, '')","NULLIF(VD_TID_NOTICE, '')","NULLIF(VD_DB, '')","NULLIF(VD_DOMAIN, '')",CAST(PROGRESS_RECID AS BIGINT),current_timestamp(),,,,,,,,,,,,,,,,,,,,,,,,,,,,,,,,,,,,,,,,,,,,,,,,,,,,,,,,,,,,,,,,,,,,,,,,,,,,,,,,,,,,,,,,,,,,,,,,,,,,,,,,,,,,,,,,,,,,,,,,,,,,,,,,,,,,,,,,,,,,,,,,,
0,lh_bronze_sap_rise,md,ISUPPLIER,suppliers,Supplier,,,TransactionCurrency,,,,,,,,,,,,,,GLAccount,CostCenter,GLAccount,GLAccount,CostCenter,GLAccount,,,,,,,,AmountInCompanyCodeCurrency,AmountInCompanyCodeCurrency,AmountInCompanyCodeCurrency,,AmountInCompanyCodeCurrency,AmountInCompanyCodeCurrency,DocumentDate,DocumentDate,DocumentDate,DocumentDate,DocumentDate,,,,,,,,GLAccount,,,,,,,,,,,,,,,,,,,,,,CompanyCode,,LastChangeDateTime,,,,,,,,,,,,,,,,,,,,,,,,,,,,,,,,,,,,,,,,,,,,,,,,,,,,,,,,,,,,,,,,,,,,,,,,,,,,,,,,,,,,,,,,,,,,,,,,,,,,,,,,,,,,,,,,,,,,,,,,,,,,,,,,,,,,,,,,,Client,CreatedByUser,CreationDate,LastChangedByUser,LastChangeDate,DataSource,LogicalSystem,DataPackage,
1,lh_silver_erp,md,tax_code_details,tax_code_details,ref,document_id,line_number,trl,tr_type_code,tax_code,effective_date,qadd01_1,qadd01_2,qadd01_3,qadd02_1,qadd02_2,qadd02_3,qadd02_4,qadd02_5,qadd02_6,qadd02_7,qadd02_8,qadd02_9,qadd02_10,totamt,tottax,currency_code,user1,user2,chr01,chr02,dec01,dec02,dte01,log01,qad01,qad02,edited,qad04,posted_date,rcpt_tax_point,carrier,tax_env,zone_from,zone_to,tax_type_code,trans_ent,line_number_plant_id_ent,taxc,tax_usage,tax_in,by_line_number,currency_code_tax_amount,tax_amount,ent_tax_amount,currency_code_nontax_amount,nontax_amount,ent_nontax_amount,taxable_amount,currency_code_recov_amount,recov_amount,ent_recov_amount,currency_code_abs_ret_amount,abs_ret_amount,ent_abs_ret_amount,qad03,qad05,usage_tax_point,company_code,record_id,last_updated_at,,,,,,,,,,,,,,,,,,,,,,,,,,,,,,,,,,,,,,,,,,,,,,,,,,,,,,,,,,,,,,,,,,,,,,,,,,,,,,,,,,,,,,,,,,,,,,,,,,,,,,,,,,,,,,,,,,,,,,,,,,,,,,,,,,,,,,,,,,,,,,,,,,,,,,,
1,lh_bronze_qad1,md,TX2D_DET,tax_code_details,TX2D_REF,TX2D_NBR,TX2D_LINE,TX2D_TRL,TX2D_TR_TYPE,TX2D_TAX_CODE,TX2D_EFFDATE,`TX2D__QADD01##1`,`TX2D__QADD01##2`,`TX2D__QADD01##3`,`TX2D__QADD02##1`,`TX2D__QADD02##2`,`TX2D__QADD02##3`,`TX2D__QADD02##4`,`TX2D__QADD02##5`,`TX2D__QADD02##6`,`TX2D__QADD02##7`,`TX2D__QADD02##8`,`TX2D__QADD02##9`,`TX2D__QADD02##10`,TX2D_TOTAMT,TX2D_TOTTAX,TX2D_CURR,TX2D_USER1,TX2D_USER2,TX2D__CHR01,TX2D__CHR02,TX2D__DEC01,TX2D__DEC02,TX2D__DTE01,TX2D__LOG01,TX2D__QAD01,TX2D__QAD02,TX2D_EDITED,TX2D__QAD04,TX2D_POSTED_DATE,TX2D_RCPT_TAX_POINT,TX2D_CARRIER,TX2D_TAX_ENV,TX2D_ZONE_FROM,TX2D_ZONE_TO,TX2D_TAX_TYPE,TX2D_TRANS_ENT,TX2D_LINE_SITE_ENT,TX2D_TAXC,TX2D_TAX_USAGE,TX2D_TAX_IN,TX2D_BY_LINE,TX2D_CUR_TAX_AMT,TX2D_TAX_AMT,TX2D_ENT_TAX_AMT,TX2D_CUR_NONTAX_AMT,TX2D_NONTAX_AMT,TX2D_ENT_NONTAX_AMT,TX2D_TAXABLE_AMT,TX2D_CUR_RECOV_AMT,TX2D_RECOV_AMT,TX2D_ENT_RECOV_AMT,TX2D_CUR_ABS_RET_AMT,TX2D_ABS_RET_AMT,TX2D_ENT_ABS_RET_AMT,TX2D__QAD03,TX2D__QAD05,TX2D_USAGE_TAX_POINT,TX2D_DOMAIN,PROGRESS_RECID,current_timestamp(),,,,,,,,,,,,,,,,,,,,,,,,,,,,,,,,,,,,,,,,,,,,,,,,,,,,,,,,,,,,,,,,,,,,,,,,,,,,,,,,,,,,,,,,,,,,,,,,,,,,,,,,,,,,,,,,,,,,,,,,,,,,,,,,,,,,,,,,,,,,,,,,,,,,,,,
1,lh_bronze_sap_rise,md,ITAXCODE,tax_code_details,,,,,,TaxCode,DocumentDate,,,,,,,,,,,,,,,,TransactionCurrency,,,,,,,,,,,,,DocumentDate,,,,,,,,Plant,,,,,AmountInCompanyCodeCurrency,AmountInCompanyCodeCurrency,AmountInCompanyCodeCurrency,AmountInCompanyCodeCurrency,AmountInCompanyCodeCurrency,AmountInCompanyCodeCurrency,AmountInCompanyCodeCurrency,AmountInCompanyCodeCurrency,AmountInCompanyCodeCurrency,AmountInCompanyCodeCurrency,AmountInCompanyCodeCurrency,AmountInCompanyCodeCurrency,AmountInCompanyCodeCurrency,,,,CompanyCode,,LastChangeDateTime,,,,,,,,,,,,,,,,,,,,,,,,,,,,,,,,,,,,,,,,,,,,,,,,,,,,,,,,,,,,,,,,,,,,,,,,,,,,,,,,,,,,,,,,,,,,,,,,,,,,,,,,,,,,,,,,,,,,,,,,,,,,,,,,,,,,,,,,,,,,,,,Client,CreatedByUser,CreationDate,LastChangedByUser,LastChangeDate,DataSource,LogicalSystem,DataPackage,
1,lh_silver_erp,md,tax_codes,tax_codes,tax_code,tax_type,pt_tax_code,tax_usage,effdate,desc,tax_pct,method,by_line,base,min,max,mod_date,user_id,pct_recv,trl_taxable,cmtindx,currency_code,inv_disc,pmt_disc,update_tax,user1,user2,chr01,chr02,dec01,dec02,dte01,log01,rcpt_tax_point,ar_account_id,ar_cost_center_id,ara_account_id,ara_cost_center_id,ara_use,ap_account_id,ap_cost_center_id,apr_account_id,apr_cost_center_id,apr_use,tax_in,exp_date,ec_sales_list,ec_process_work,apr_sub,ap_sub,ara_sub,ar_sub,ap_disc_account_id,ap_disc_cost_center_id,ap_disc_sub,ar_disc_account_id,ar_disc_cost_center_id,ar_disc_sub,group,stx_account_id,stx_cost_center_id,stx_sub,register,usage_tax_point,company_code,record_id,last_updated_at,,,,,,,,,,,,,,,,,,,,,,,,,,,,,,,,,,,,,,,,,,,,,,,,,,,,,,,,,,,,,,,,,,,,,,,,,,,,,,,,,,,,,,,,,,,,,,,,,,,,,,,,,,,,,,,,,,,,,,,,,,,,,,,,,,,,,,,,,,,,,,,,,,,,,,,,,,,
1,lh_bronze_qad1,md,TX2_MSTR,tax_codes,TX2_TAX_CODE,TX2_TAX_TYPE,TX2_PT_TAXC,TX2_TAX_USAGE,TX2_EFFDATE,TX2_DESC,TX2_TAX_PCT,TX2_METHOD,TX2_BY_LINE,TX2_BASE,TX2_MIN,TX2_MAX,TX2_MOD_DATE,TX2_USERID,TX2_PCT_RECV,TX2_TRL_TAXABLE,TX2_CMTINDX,TX2_CURR,TX2_INV_DISC,TX2_PMT_DISC,TX2_UPDATE_TAX,TX2_USER1,TX2_USER2,TX2__CHR01,TX2__CHR02,TX2__DEC01,TX2__DEC02,TX2__DTE01,TX2__LOG01,TX2_RCPT_TAX_POINT,TX2_AR_ACCT,TX2_AR_CC,TX2_ARA_ACCT,TX2_ARA_CC,TX2_ARA_USE,TX2_AP_ACCT,TX2_AP_CC,TX2_APR_ACCT,TX2_APR_CC,TX2_APR_USE,TX2_TAX_IN,TX2_EXP_DATE,TX2_EC_SALES_LIST,TX2_EC_PROCESS_WORK,TX2_APR_SUB,TX2_AP_SUB,TX2_ARA_SUB,TX2_AR_SUB,TX2_AP_DISC_ACCT,TX2_AP_DISC_CC,TX2_AP_DISC_SUB,TX2_AR_DISC_ACCT,TX2_AR_DISC_CC,TX2_AR_DISC_SUB,TX2_GROUP,TX2_STX_ACCT,TX2_STX_CC,TX2_STX_SUB,TX2_REGISTER,TX2_USAGE_TAX_POINT,TX2_DOMAIN,PROGRESS_RECID,current_timestamp(),,,,,,,,,,,,,,,,,,,,,,,,,,,,,,,,,,,,,,,,,,,,,,,,,,,,,,,,,,,,,,,,,,,,,,,,,,,,,,,,,,,,,,,,,,,,,,,,,,,,,,,,,,,,,,,,,,,,,,,,,,,,,,,,,,,,,,,,,,,,,,,,,,,,,,,,,,,
1,lh_bronze_sap_rise,md,ITAXCODE,tax_codes,TaxCode,,,,DocumentDate,Description,,,,,,,DocumentDate,,,,,TransactionCurrency,,,DocumentDate,,,,,,,,,,GLAccount,CostCenter,GLAccount,CostCenter,,GLAccount,CostCenter,GLAccount,CostCenter,,,DocumentDate,,,,,,,GLAccount,CostCenter,,GLAccount,CostCenter,,,GLAccount,CostCenter,,,,CompanyCode,,LastChangeDateTime,,,,,,,,,,,,,,,,,,,,,,,,,,,,,,,,,,,,,,,,,,,,,,,,,,,,,,,,,,,,,,,,,,,,,,,,,,,,,,,,,,,,,,,,,,,,,,,,,,,,,,,,,,,,,,,,,,,,,,,,,,,,,,,,,,,,,,,,,,,,,,,,,,,Client,CreatedByUser,CreationDate,LastChangedByUser,LastChangeDate,DataSource,LogicalSystem,DataPackage,
0,lh_silver_erp,md,units_of_measure,units_of_measure,unit_of_measure,alternate_unit,conversion_factor,part_number,description,alternate_quantity,allowed_decimals,user_field_1,user_field_2,company_code,record_id,last_updated_at,,,,,,,,,,,,,,,,,,,,,,,,,,,,,,,,,,,,,,,,,,,,,,,,,,,,,,,,,,,,,,,,,,,,,,,,,,,,,,,,,,,,,,,,,,,,,,,,,,,,,,,,,,,,,,,,,,,,,,,,,,,,,,,,,,,,,,,,,,,,,,,,,,,,,,,,,,,,,,,,,,,,,,,,,,,,,,,,,,,,,,,,,,,,,,,,,,,,,,,,,,,,,,
0,lh_bronze_qad1,md,UM_MSTR,units_of_measure,UM_UM,UM_ALT_UM,UM_CONV,UM_PART,UM_DESC,UM_ALT_QTY,UM_DECIMALS,UM_USER1,UM_USER2,UM_DOMAIN,CAST(PROGRESS_RECID AS INT),current_timestamp(),,,,,,,,,,,,,,,,,,,,,,,,,,,,,,,,,,,,,,,,,,,,,,,,,,,,,,,,,,,,,,,,,,,,,,,,,,,,,,,,,,,,,,,,,,,,,,,,,,,,,,,,,,,,,,,,,,,,,,,,,,,,,,,,,,,,,,,,,,,,,,,,,,,,,,,,,,,,,,,,,,,,,,,,,,,,,,,,,,,,,,,,,,,,,,,,,,,,,,,,,,,,,,
0,lh_bronze_sap_rise,md,IUNITOFMEASURE,units_of_measure,,,,,Description,,,,,CompanyCode,,LastChangeDateTime,,,,,,,,,,,,,,,,,,,,,,,,,,,,,,,,,,,,,,,,,,,,,,,,,,,,,,,,,,,,,,,,,,,,,,,,,,,,,,,,,,,,,,,,,,,,,,,,,,,,,,,,,,,,,,,,,,,,,,,,,,,,,,,,,,,,,,,,,,,,,,,,,,,,,,,,,,,,,,,,,,,,,,,,,,,,,,,,,,,,,,,,,,,,,,,,,,,,,,Client,CreatedByUser,CreationDate,LastChangedByUser,LastChangeDate,DataSource,LogicalSystem,DataPackage,
1,lh_silver_erp,mm,material_plant_parameters,material_plant_parameters,material_id,plant_id,batch_number,bom_code,buyer_id,cumulative_lead_time,inspection_lead_time,inspection_required_flag,issue_policy,manufacturing_lead_time,ms_flag,order_maximum,order_minimum,order_multiple,order_period,order_policy_code,order_quantity,phantom_flag,planned_order_flag,pm_code,purchasing_lead_time,revision,reorder_point,routing_code,run_time,run_low_level_time,setup_time,setup_low_level_time,safety_stock,safety_time,planning_time_fence,user1,user2,vendor_id,yield_percent,assay,grade,ll_bom_flag,eco_pending_flag,rollup_flag,added_at,drawing_number,transaction_type,chr01,chr02,chr03,chr04,chr05,chr06,chr07,chr08,chr09,chr10,dte01,dte02,dec01,dec02,log01_flag,log02_flag,ll_drp_flag,po_plant_id,modification_date,user_id,network_code,rollup_id,manufacturing_percent,purchasing_percent,drp_percent,pou_code,weeks_average,weeks_maximum,weeks_minimum,pick_logic_code,joint_type,btb_type,configuration_type,operation_yield,run_sequence1,run_sequence2,atp_enforcement_code,atp_family,company_code,record_id,last_updated_at,,,,,,,,,,,,,,,,,,,,,,,,,,,,,,,,,,,,,,,,,,,,,,,,,,,,,,,,,,,,,,,,,,,,,,,,,,,,,,,,,,,,,,,,,,,,,,,,,,,,,,,,,,,,,,,,,,,,,,,,,,,,,,,,,,,,,,
1,lh_bronze_qad1,mm,PTP_DET,material_plant_parameters,PTP_PART,PTP_SITE,PTP_BATCH,PTP_BOM_CODE,PTP_BUYER,PTP_CUM_LEAD,PTP_INS_LEAD,PTP_INS_RQD,PTP_ISS_POL,PTP_MFG_LEAD,PTP_MS,PTP_ORD_MAX,PTP_ORD_MIN,PTP_ORD_MULT,PTP_ORD_PER,PTP_ORD_POL,PTP_ORD_QTY,PTP_PHANTOM,PTP_PLAN_ORD,PTP_PM_CODE,PTP_PUR_LEAD,PTP_REV,PTP_ROP,PTP_ROUTING,PTP_RUN,PTP_RUN_LL,PTP_SETUP,PTP_SETUP_LL,PTP_SFTY_STK,PTP_SFTY_TME,PTP_TIMEFNCE,PTP_USER1,PTP_USER2,PTP_VEND,PTP_YLD_PCT,PTP_ASSAY,PTP_GRADE,PTP_LL_BOM,PTP_ECO_PEND,PTP_ROLLUP,PTP_ADDED,PTP_DRAW,PTP_TRANTYPE,PTP__CHR01,PTP__CHR02,PTP__CHR03,PTP__CHR04,PTP__CHR05,PTP__CHR06,PTP__CHR07,PTP__CHR08,PTP__CHR09,PTP__CHR10,PTP__DTE01,PTP__DTE02,PTP__DEC01,PTP__DEC02,PTP__LOG01,PTP__LOG02,PTP_LL_DRP,PTP_PO_SITE,PTP_MOD_DATE,PTP_USERID,PTP_NETWORK,PTP_ROLLUP_ID,PTP_MFG_PCT,PTP_PUR_PCT,PTP_DRP_PCT,PTP_POU_CODE,PTP_WKS_AVG,PTP_WKS_MAX,PTP_WKS_MIN,PTP_PICK_LOGIC,PTP_JOINT_TYPE,PTP_BTB_TYPE,PTP_CFG_TYPE,PTP_OP_YIELD,PTP_RUN_SEQ1,PTP_RUN_SEQ2,PTP_ATP_ENFORCEMENT,PTP_ATP_FAMILY,PTP_DOMAIN,PROGRESS_RECID,current_timestamp(),,,,,,,,,,,,,,,,,,,,,,,,,,,,,,,,,,,,,,,,,,,,,,,,,,,,,,,,,,,,,,,,,,,,,,,,,,,,,,,,,,,,,,,,,,,,,,,,,,,,,,,,,,,,,,,,,,,,,,,,,,,,,,,,,,,,,,
1,lh_bronze_sap_rise,mm,IPRODUCT,material_plant_parameters,Material,Plant,,,,,,,,,,,,,,,,,,,,,,,,,,,,,,,,,,,,,,,,,,,,,,,,,,,,,,,,,,,Plant,DocumentDate,,,,,,,,,,,,,,,,,,,,CompanyCode,,LastChangeDateTime,,,,,,,,,,,,,,,,,,,,,,,,,,,,,,,,,,,,,,,,,,,,,,,,,,,,,,,,,,,,,,,,,,,,,,,,,,,,,,,,,,,,,,,,,,,,,,,,,,,,,,,,,,,,,,,,,,,,,,,,,,,,,,Client,CreatedByUser,CreationDate,LastChangedByUser,LastChangeDate,DataSource,LogicalSystem,DataPackage,
2,lh_silver_erp,co,allocation_rule_items,allocation_rule_items,allocation_code,account_id,cost_center_id,project_id,pct,user1,user2,subaccount_id,company_code,record_id,last_updated_at,,,,,,,,,,,,,,,,,,,,,,,,,,,,,,,,,,,,,,,,,,,,,,,,,,,,,,,,,,,,,,,,,,,,,,,,,,,,,,,,,,,,,,,,,,,,,,,,,,,,,,,,,,,,,,,,,,,,,,,,,,,,,,,,,,,,,,,,,,,,,,,,,,,,,,,,,,,,,,,,,,,,,,,,,,,,,,,,,,,,,,,,,,,,,,,,,,,,,,,,,,,,,,,
2,lh_bronze_qad1,co,ALD_DET,allocation_rule_items,ALD_CODE,ALD_ACC,ALD_CC,ALD_PROJECT,ALD_PCT,ALD_USER1,ALD_USER2,ALD_SUB,ALD_DOMAIN,PROGRESS_RECID,current_timestamp(),,,,,,,,,,,,,,,,,,,,,,,,,,,,,,,,,,,,,,,,,,,,,,,,,,,,,,,,,,,,,,,,,,,,,,,,,,,,,,,,,,,,,,,,,,,,,,,,,,,,,,,,,,,,,,,,,,,,,,,,,,,,,,,,,,,,,,,,,,,,,,,,,,,,,,,,,,,,,,,,,,,,,,,,,,,,,,,,,,,,,,,,,,,,,,,,,,,,,,,,,,,,,,,
2,lh_bronze_sap_rise,co,ICOSTCENTER,allocation_rule_items,CostCenter,GLAccount,CostCenter,WBSElementInternalID,,,,GLAccount,CompanyCode,,LastChangeDateTime,,,,,,,,,,,,,,,,,,,,,,,,,,,,,,,,,,,,,,,,,,,,,,,,,,,,,,,,,,,,,,,,,,,,,,,,,,,,,,,,,,,,,,,,,,,,,,,,,,,,,,,,,,,,,,,,,,,,,,,,,,,,,,,,,,,,,,,,,,,,,,,,,,,,,,,,,,,,,,,,,,,,,,,,,,,,,,,,,,,,,,,,,,,,,,,,,,,,,,,Client,CreatedByUser,CreationDate,LastChangedByUser,LastChangeDate,DataSource,LogicalSystem,DataPackage,
2,lh_silver_erp,co,allocation_rules,allocation_rules,allocation_code,desc,user1,user2,user_id,company_code,record_id,last_updated_at,,,,,,,,,,,,,,,,,,,,,,,,,,,,,,,,,,,,,,,,,,,,,,,,,,,,,,,,,,,,,,,,,,,,,,,,,,,,,,,,,,,,,,,,,,,,,,,,,,,,,,,,,,,,,,,,,,,,,,,,,,,,,,,,,,,,,,,,,,,,,,,,,,,,,,,,,,,,,,,,,,,,,,,,,,,,,,,,,,,,,,,,,,,,,,,,,,,,,,,,,,,,,,,,,,
2,lh_bronze_qad1,co,AL_MSTR,allocation_rules,AL_CODE,AL_DESC,AL_USER1,AL_USER2,AL_USERID,AL_DOMAIN,PROGRESS_RECID,current_timestamp(),,,,,,,,,,,,,,,,,,,,,,,,,,,,,,,,,,,,,,,,,,,,,,,,,,,,,,,,,,,,,,,,,,,,,,,,,,,,,,,,,,,,,,,,,,,,,,,,,,,,,,,,,,,,,,,,,,,,,,,,,,,,,,,,,,,,,,,,,,,,,,,,,,,,,,,,,,,,,,,,,,,,,,,,,,,,,,,,,,,,,,,,,,,,,,,,,,,,,,,,,,,,,,,,,,
2,lh_bronze_sap_rise,co,ICOSTCENTER,allocation_rules,CostCenter,Description,,,,CompanyCode,,LastChangeDateTime,,,,,,,,,,,,,,,,,,,,,,,,,,,,,,,,,,,,,,,,,,,,,,,,,,,,,,,,,,,,,,,,,,,,,,,,,,,,,,,,,,,,,,,,,,,,,,,,,,,,,,,,,,,,,,,,,,,,,,,,,,,,,,,,,,,,,,,,,,,,,,,,,,,,,,,,,,,,,,,,,,,,,,,,,,,,,,,,,,,,,,,,,,,,,,,,,,,,,,,,,,Client,CreatedByUser,CreationDate,LastChangedByUser,LastChangeDate,DataSource,LogicalSystem,DataPackage,
2,lh_silver_erp,co,cost_components,cost_components,sim,element,desc,category,user1,user2,company_code,record_id,last_updated_at,,,,,,,,,,,,,,,,,,,,,,,,,,,,,,,,,,,,,,,,,,,,,,,,,,,,,,,,,,,,,,,,,,,,,,,,,,,,,,,,,,,,,,,,,,,,,,,,,,,,,,,,,,,,,,,,,,,,,,,,,,,,,,,,,,,,,,,,,,,,,,,,,,,,,,,,,,,,,,,,,,,,,,,,,,,,,,,,,,,,,,,,,,,,,,,,,,,,,,,,,,,,,,,,,
2,lh_bronze_qad1,co,SC_MSTR,cost_components,SC_SIM,SC_ELEMENT,SC_DESC,SC_CATEGORY,SC_USER1,SC_USER2,SC_DOMAIN,PROGRESS_RECID,current_timestamp(),,,,,,,,,,,,,,,,,,,,,,,,,,,,,,,,,,,,,,,,,,,,,,,,,,,,,,,,,,,,,,,,,,,,,,,,,,,,,,,,,,,,,,,,,,,,,,,,,,,,,,,,,,,,,,,,,,,,,,,,,,,,,,,,,,,,,,,,,,,,,,,,,,,,,,,,,,,,,,,,,,,,,,,,,,,,,,,,,,,,,,,,,,,,,,,,,,,,,,,,,,,,,,,,,
2,lh_bronze_sap_rise,co,ICOSTELEMENT,cost_components,,CostElement,CostElementName,,,,CompanyCode,,LastChangeDateTime,,,,,,,,,,,,,,,,,,,,,,,,,,,,,,,,,,,,,,,,,,,,,,,,,,,,,,,,,,,,,,,,,,,,,,,,,,,,,,,,,,,,,,,,,,,,,,,,,,,,,,,,,,,,,,,,,,,,,,,,,,,,,,,,,,,,,,,,,,,,,,,,,,,,,,,,,,,,,,,,,,,,,,,,,,,,,,,,,,,,,,,,,,,,,,,,,,,,,,,,,Client,CreatedByUser,CreationDate,LastChangedByUser,LastChangeDate,DataSource,LogicalSystem,DataPackage,
2,lh_silver_erp,co,cost_estimate,cost_estimate,sim,material_id,cst_tot,mtl_tl,lbr_tl,bdn_tl,ovh_tl,gl_subaccount_id_tl,mtl_ll,lbr_ll,bdn_ll,ovh_ll,gl_subaccount_id_ll,cst_date,user1,user2,serial,plant_id,rollup,rollup_id,nrv,qadc01,cost_changed,company_code,record_id,last_updated_at,,,,,,,,,,,,,,,,,,,,,,,,,,,,,,,,,,,,,,,,,,,,,,,,,,,,,,,,,,,,,,,,,,,,,,,,,,,,,,,,,,,,,,,,,,,,,,,,,,,,,,,,,,,,,,,,,,,,,,,,,,,,,,,,,,,,,,,,,,,,,,,,,,,,,,,,,,,,,,,,,,,,,,,,,,,,,,,,,,,,,,,,,,,,,,,,
2,lh_bronze_qad1,co,SCT_DET,cost_estimate,SCT_SIM,SCT_PART,SCT_CST_TOT,SCT_MTL_TL,SCT_LBR_TL,SCT_BDN_TL,SCT_OVH_TL,SCT_SUB_TL,SCT_MTL_LL,SCT_LBR_LL,SCT_BDN_LL,SCT_OVH_LL,SCT_SUB_LL,SCT_CST_DATE,SCT_USER1,SCT_USER2,SCT_SERIAL,SCT_SITE,SCT_ROLLUP,SCT_ROLLUP_ID,SCT_NRV,SCT__QADC01,SCT_COST_CHANGED,SCT_DOMAIN,PROGRESS_RECID,current_timestamp(),,,,,,,,,,,,,,,,,,,,,,,,,,,,,,,,,,,,,,,,,,,,,,,,,,,,,,,,,,,,,,,,,,,,,,,,,,,,,,,,,,,,,,,,,,,,,,,,,,,,,,,,,,,,,,,,,,,,,,,,,,,,,,,,,,,,,,,,,,,,,,,,,,,,,,,,,,,,,,,,,,,,,,,,,,,,,,,,,,,,,,,,,,,,,,,,
2,lh_bronze_sap_rise,co,ICOSTCENTER,cost_estimate,,Material,,,,,,GLAccount,,,,,GLAccount,DocumentDate,,,,Plant,,,,,,CompanyCode,,LastChangeDateTime,,,,,,,,,,,,,,,,,,,,,,,,,,,,,,,,,,,,,,,,,,,,,,,,,,,,,,,,,,,,,,,,,,,,,,,,,,,,,,,,,,,,,,,,,,,,,,,,,,,,,,,,,,,,,,,,,,,,,,,,,,,,,,,,,,,,,,,,,,,,,,,,,,,,,,,,,,,,,,,,,,,,,,,,,,,,,,,,,,,,,,,,Client,CreatedByUser,CreationDate,LastChangedByUser,LastChangeDate,DataSource,LogicalSystem,DataPackage,
2,lh_silver_erp,co,cost_estimate_items,cost_estimate_items,sim,material_id,element,cst_tl,cst_ll,user1,user2,user_id,mod_date,percent_tl,percent_ll,ao,plant_id,qadc01,company_code,record_id,last_updated_at,,,,,,,,,,,,,,,,,,,,,,,,,,,,,,,,,,,,,,,,,,,,,,,,,,,,,,,,,,,,,,,,,,,,,,,,,,,,,,,,,,,,,,,,,,,,,,,,,,,,,,,,,,,,,,,,,,,,,,,,,,,,,,,,,,,,,,,,,,,,,,,,,,,,,,,,,,,,,,,,,,,,,,,,,,,,,,,,,,,,,,,,,,,,,,,,,,,,,,,,,
2,lh_bronze_qad1,co,SPT_DET,cost_estimate_items,SPT_SIM,SPT_PART,SPT_ELEMENT,SPT_CST_TL,SPT_CST_LL,SPT_USER1,SPT_USER2,SPT_USERID,SPT_MOD_DATE,SPT_PCT_TL,SPT_PCT_LL,SPT_AO,SPT_SITE,SPT__QADC01,SPT_DOMAIN,PROGRESS_RECID,current_timestamp(),,,,,,,,,,,,,,,,,,,,,,,,,,,,,,,,,,,,,,,,,,,,,,,,,,,,,,,,,,,,,,,,,,,,,,,,,,,,,,,,,,,,,,,,,,,,,,,,,,,,,,,,,,,,,,,,,,,,,,,,,,,,,,,,,,,,,,,,,,,,,,,,,,,,,,,,,,,,,,,,,,,,,,,,,,,,,,,,,,,,,,,,,,,,,,,,,,,,,,,,,
2,lh_bronze_sap_rise,co,ICOSTELEMENT,cost_estimate_items,,Material,CostElement,,,,,,DocumentDate,,,,Plant,,CompanyCode,,LastChangeDateTime,,,,,,,,,,,,,,,,,,,,,,,,,,,,,,,,,,,,,,,,,,,,,,,,,,,,,,,,,,,,,,,,,,,,,,,,,,,,,,,,,,,,,,,,,,,,,,,,,,,,,,,,,,,,,,,,,,,,,,,,,,,,,,,,,,,,,,,,,,,,,,,,,,,,,,,,,,,,,,,,,,,,,,,,,,,,,,,,,,,,,,,,,,,,,,,,,Client,CreatedByUser,CreationDate,LastChangedByUser,LastChangeDate,DataSource,LogicalSystem,DataPackage,
0,lh_silver_erp,fi,cost_centers,cost_centers,cost_center_id,description,user_field_1,user_field_2,is_active,category_id,company_code,record_id,last_updated_at,,,,,,,,,,,,,,,,,,,,,,,,,,,,,,,,,,,,,,,,,,,,,,,,,,,,,,,,,,,,,,,,,,,,,,,,,,,,,,,,,,,,,,,,,,,,,,,,,,,,,,,,,,,,,,,,,,,,,,,,,,,,,,,,,,,,,,,,,,,,,,,,,,,,,,,,,,,,,,,,,,,,,,,,,,,,,,,,,,,,,,,,,,,,,,,,,,,,,,,,,,,,,,,,,
0,lh_bronze_qad1,fi,CC_MSTR,cost_centers,CC_CTR,CC_DESC,CC_USER1,CC_USER2,CAST(CC_ACTIVE AS BOOLEAN),"COALESCE(CC_USER1, ' ')",CC_DOMAIN,CAST(PROGRESS_RECID AS INT),current_timestamp(),,,,,,,,,,,,,,,,,,,,,,,,,,,,,,,,,,,,,,,,,,,,,,,,,,,,,,,,,,,,,,,,,,,,,,,,,,,,,,,,,,,,,,,,,,,,,,,,,,,,,,,,,,,,,,,,,,,,,,,,,,,,,,,,,,,,,,,,,,,,,,,,,,,,,,,,,,,,,,,,,,,,,,,,,,,,,,,,,,,,,,,,,,,,,,,,,,,,,,,,,,,,,,,,,
0,lh_bronze_sap_rise,fi,ICOSTCENTER,cost_centers,CostCenter,Description,,,,,CompanyCode,,LastChangeDateTime,,,,,,,,,,,,,,,,,,,,,,,,,,,,,,,,,,,,,,,,,,,,,,,,,,,,,,,,,,,,,,,,,,,,,,,,,,,,,,,,,,,,,,,,,,,,,,,,,,,,,,,,,,,,,,,,,,,,,,,,,,,,,,,,,,,,,,,,,,,,,,,,,,,,,,,,,,,,,,,,,,,,,,,,,,,,,,,,,,,,,,,,,,,,,,,,,,,,,,,,,Client,CreatedByUser,CreationDate,LastChangedByUser,LastChangeDate,DataSource,LogicalSystem,DataPackage,
0,lh_silver_erp,fi,segments,segments,segment_id,name,primary,currency_code,user1,user2,adj_bs,page_num,next_prot,src_desc_lang,address_id,consolidation,type,company_code,record_id,last_updated_at,,,,,,,,,,,,,,,,,,,,,,,,,,,,,,,,,,,,,,,,,,,,,,,,,,,,,,,,,,,,,,,,,,,,,,,,,,,,,,,,,,,,,,,,,,,,,,,,,,,,,,,,,,,,,,,,,,,,,,,,,,,,,,,,,,,,,,,,,,,,,,,,,,,,,,,,,,,,,,,,,,,,,,,,,,,,,,,,,,,,,,,,,,,,,,,,,,,,,,,,,,
0,lh_bronze_qad1,fi,EN_MSTR,segments,EN_ENTITY,EN_NAME,EN_PRIMARY,EN_CURR,EN_USER1,EN_USER2,EN_ADJ_BS,EN_PAGE_NUM,EN_NEXT_PROT,EN_SRC_DESC_LANG,EN_ADDR,EN_CONSOLIDATION,EN_TYPE,EN_DOMAIN,PROGRESS_RECID,current_timestamp(),,,,,,,,,,,,,,,,,,,,,,,,,,,,,,,,,,,,,,,,,,,,,,,,,,,,,,,,,,,,,,,,,,,,,,,,,,,,,,,,,,,,,,,,,,,,,,,,,,,,,,,,,,,,,,,,,,,,,,,,,,,,,,,,,,,,,,,,,,,,,,,,,,,,,,,,,,,,,,,,,,,,,,,,,,,,,,,,,,,,,,,,,,,,,,,,,,,,,,,,,,
0,lh_bronze_sap_rise,fi,ISEGMENT,segments,Segment,,,TransactionCurrency,,,,,,Description,,,,CompanyCode,,LastChangeDateTime,,,,,,,,,,,,,,,,,,,,,,,,,,,,,,,,,,,,,,,,,,,,,,,,,,,,,,,,,,,,,,,,,,,,,,,,,,,,,,,,,,,,,,,,,,,,,,,,,,,,,,,,,,,,,,,,,,,,,,,,,,,,,,,,,,,,,,,,,,,,,,,,,,,,,,,,,,,,,,,,,,,,,,,,,,,,,,,,,,,,,,,,,,,,,,,,,,Client,CreatedByUser,CreationDate,LastChangedByUser,LastChangeDate,DataSource,LogicalSystem,DataPackage,
3,lh_silver_erp,md,accessorial_charge_conditions,accessorial_charge_conditions,charge_code,desc,account_id,cost_center_id,project_id,taxable,tax_code,fst,pst,user1,user2,sub,company_code,record_id,last_updated_at,,,,,,,,,,,,,,,,,,,,,,,,,,,,,,,,,,,,,,,,,,,,,,,,,,,,,,,,,,,,,,,,,,,,,,,,,,,,,,,,,,,,,,,,,,,,,,,,,,,,,,,,,,,,,,,,,,,,,,,,,,,,,,,,,,,,,,,,,,,,,,,,,,,,,,,,,,,,,,,,,,,,,,,,,,,,,,,,,,,,,,,,,,,,,,,,,,,,,,,,,,,
3,lh_bronze_qad1,md,TRL_MSTR,accessorial_charge_conditions,TRL_CODE,TRL_DESC,TRL_ACCT,TRL_CC,TRL_PROJECT,TRL_TAXABLE,TRL_TAXC,TRL_FST,TRL_PST,TRL_USER1,TRL_USER2,TRL_SUB,TRL_DOMAIN,PROGRESS_RECID,current_timestamp(),,,,,,,,,,,,,,,,,,,,,,,,,,,,,,,,,,,,,,,,,,,,,,,,,,,,,,,,,,,,,,,,,,,,,,,,,,,,,,,,,,,,,,,,,,,,,,,,,,,,,,,,,,,,,,,,,,,,,,,,,,,,,,,,,,,,,,,,,,,,,,,,,,,,,,,,,,,,,,,,,,,,,,,,,,,,,,,,,,,,,,,,,,,,,,,,,,,,,,,,,,,
3,lh_bronze_sap_rise,md,ICONDITIONRECORD,accessorial_charge_conditions,,Description,GLAccount,CostCenter,WBSElementInternalID,,,,,,,,CompanyCode,,LastChangeDateTime,,,,,,,,,,,,,,,,,,,,,,,,,,,,,,,,,,,,,,,,,,,,,,,,,,,,,,,,,,,,,,,,,,,,,,,,,,,,,,,,,,,,,,,,,,,,,,,,,,,,,,,,,,,,,,,,,,,,,,,,,,,,,,,,,,,,,,,,,,,,,,,,,,,,,,,,,,,,,,,,,,,,,,,,,,,,,,,,,,,,,,,,,,,,,,,,,,,Client,CreatedByUser,CreationDate,LastChangedByUser,LastChangeDate,DataSource,LogicalSystem,DataPackage,
3,lh_silver_erp,md,sales_employee,sales_employee,address_id,region_id,sort_code,user_field_1,user_field_2,company_code,record_id,last_updated_at,,,,,,,,,,,,,,,,,,,,,,,,,,,,,,,,,,,,,,,,,,,,,,,,,,,,,,,,,,,,,,,,,,,,,,,,,,,,,,,,,,,,,,,,,,,,,,,,,,,,,,,,,,,,,,,,,,,,,,,,,,,,,,,,,,,,,,,,,,,,,,,,,,,,,,,,,,,,,,,,,,,,,,,,,,,,,,,,,,,,,,,,,,,,,,,,,,,,,,,,,,,,,,,,,,
3,lh_bronze_qad1,md,SP_MSTR,sales_employee,TRIM(SP_ADDR),TRIM(SP_TERRITORY),TRIM(SP_SORT),TRIM(SP_USER1),TRIM(SP_USER2),TRIM(SP_DOMAIN),CAST(PROGRESS_RECID AS INT),current_timestamp(),,,,,,,,,,,,,,,,,,,,,,,,,,,,,,,,,,,,,,,,,,,,,,,,,,,,,,,,,,,,,,,,,,,,,,,,,,,,,,,,,,,,,,,,,,,,,,,,,,,,,,,,,,,,,,,,,,,,,,,,,,,,,,,,,,,,,,,,,,,,,,,,,,,,,,,,,,,,,,,,,,,,,,,,,,,,,,,,,,,,,,,,,,,,,,,,,,,,,,,,,,,,,,,,,,
3,lh_bronze_sap_rise,md,ISALESEMPLOYEE,sales_employee,,,,,,CompanyCode,,LastChangeDateTime,,,,,,,,,,,,,,,,,,,,,,,,,,,,,,,,,,,,,,,,,,,,,,,,,,,,,,,,,,,,,,,,,,,,,,,,,,,,,,,,,,,,,,,,,,,,,,,,,,,,,,,,,,,,,,,,,,,,,,,,,,,,,,,,,,,,,,,,,,,,,,,,,,,,,,,,,,,,,,,,,,,,,,,,,,,,,,,,,,,,,,,,,,,,,,,,,,,,,,,,,,Client,CreatedByUser,CreationDate,LastChangedByUser,LastChangeDate,DataSource,LogicalSystem,DataPackage,
3,lh_silver_erp,sd,analyst_codes,analyst_codes,user_id,analysis_code,cmtindx,desc,type,sec_group,mod_date,active,user1,user2,company_code,record_id,last_updated_at,,,,,,,,,,,,,,,,,,,,,,,,,,,,,,,,,,,,,,,,,,,,,,,,,,,,,,,,,,,,,,,,,,,,,,,,,,,,,,,,,,,,,,,,,,,,,,,,,,,,,,,,,,,,,,,,,,,,,,,,,,,,,,,,,,,,,,,,,,,,,,,,,,,,,,,,,,,,,,,,,,,,,,,,,,,,,,,,,,,,,,,,,,,,,,,,,,,,,,,,,,,,,
3,lh_bronze_qad1,sd,AN_MSTR,analyst_codes,AN_USERID,AN_CODE,AN_CMTINDX,AN_DESC,AN_TYPE,AN_SEC_GROUP,AN_MOD_DATE,AN_ACTIVE,AN_USER1,AN_USER2,AN_DOMAIN,PROGRESS_RECID,current_timestamp(),,,,,,,,,,,,,,,,,,,,,,,,,,,,,,,,,,,,,,,,,,,,,,,,,,,,,,,,,,,,,,,,,,,,,,,,,,,,,,,,,,,,,,,,,,,,,,,,,,,,,,,,,,,,,,,,,,,,,,,,,,,,,,,,,,,,,,,,,,,,,,,,,,,,,,,,,,,,,,,,,,,,,,,,,,,,,,,,,,,,,,,,,,,,,,,,,,,,,,,,,,,,,
3,lh_bronze_sap_rise,sd,ISALESEMPLOYEE,analyst_codes,,,,Description,,,DocumentDate,,,,CompanyCode,,LastChangeDateTime,,,,,,,,,,,,,,,,,,,,,,,,,,,,,,,,,,,,,,,,,,,,,,,,,,,,,,,,,,,,,,,,,,,,,,,,,,,,,,,,,,,,,,,,,,,,,,,,,,,,,,,,,,,,,,,,,,,,,,,,,,,,,,,,,,,,,,,,,,,,,,,,,,,,,,,,,,,,,,,,,,,,,,,,,,,,,,,,,,,,,,,,,,,,,,,,,,,,,Client,CreatedByUser,CreationDate,LastChangedByUser,LastChangeDate,DataSource,LogicalSystem,DataPackage,
3,lh_silver_erp,sd,customer_materials,customer_materials,customer_id,material_id,customer_material_id,comment,user1,user2,user_id,mod_date,pkg_code,eco_customer_id,customer_material_desc,company_code,record_id,last_updated_at,,,,,,,,,,,,,,,,,,,,,,,,,,,,,,,,,,,,,,,,,,,,,,,,,,,,,,,,,,,,,,,,,,,,,,,,,,,,,,,,,,,,,,,,,,,,,,,,,,,,,,,,,,,,,,,,,,,,,,,,,,,,,,,,,,,,,,,,,,,,,,,,,,,,,,,,,,,,,,,,,,,,,,,,,,,,,,,,,,,,,,,,,,,,,,,,,,,,,,,,,,,,
3,lh_bronze_qad1,sd,CP_MSTR,customer_materials,CP_CUST,CP_PART,CP_CUST_PART,CP_COMMENT,CP_USER1,CP_USER2,CP_USERID,CP_MOD_DATE,CP_PKG_CODE,CP_CUST_ECO,CP_CUST_PARTD,CP_DOMAIN,PROGRESS_RECID,current_timestamp(),,,,,,,,,,,,,,,,,,,,,,,,,,,,,,,,,,,,,,,,,,,,,,,,,,,,,,,,,,,,,,,,,,,,,,,,,,,,,,,,,,,,,,,,,,,,,,,,,,,,,,,,,,,,,,,,,,,,,,,,,,,,,,,,,,,,,,,,,,,,,,,,,,,,,,,,,,,,,,,,,,,,,,,,,,,,,,,,,,,,,,,,,,,,,,,,,,,,,,,,,,,,
3,lh_bronze_sap_rise,sd,ICUSTOMERMATERIAL,customer_materials,Customer,Material,Material,,,,,DocumentDate,,Customer,Description,CompanyCode,,LastChangeDateTime,,,,,,,,,,,,,,,,,,,,,,,,,,,,,,,,,,,,,,,,,,,,,,,,,,,,,,,,,,,,,,,,,,,,,,,,,,,,,,,,,,,,,,,,,,,,,,,,,,,,,,,,,,,,,,,,,,,,,,,,,,,,,,,,,,,,,,,,,,,,,,,,,,,,,,,,,,,,,,,,,,,,,,,,,,,,,,,,,,,,,,,,,,,,,,,,,,,,Client,CreatedByUser,CreationDate,LastChangedByUser,LastChangeDate,DataSource,LogicalSystem,DataPackage,
3,lh_silver_erp,sd,pricing_conditions,pricing_conditions,list,description,cs_code,material_id_code,start,expire,comb_type_code,amount_type_code,break_cat,unit_of_measure_code,currency_code,quantity_type_code,manual,max_quantity,cost_set,discount_gl_account_id,discount_gl_subaccount_id,discount_project_id,list_id,confg_discount,min_net,max_ordered,list_price,min_price,max_price,user_id,mod_date,cs_type_code,material_id_type_code,discount_cost_center_id,terms,comment_index,srch_type_code,print,accr_gl_account_id,accr_cost_center_id,accr_project_id,accr_gl_subaccount_id,discount_seq,user1,user2,qadc01,qadd01,dte01,dte02,dec01,dec02,log01,chr01,chr02,chr03,chr04,chr05,chr06,chr07,chr08,chr09,chr10,extrec,promo1,promo2,promo3,promo4,pig_code,company_code,record_id,last_updated_at,,,,,,,,,,,,,,,,,,,,,,,,,,,,,,,,,,,,,,,,,,,,,,,,,,,,,,,,,,,,,,,,,,,,,,,,,,,,,,,,,,,,,,,,,,,,,,,,,,,,,,,,,,,,,,,,,,,,,,,,,,,,,,,,,,,,,,,,,,,,,,,,,,,,,,,
3,lh_bronze_qad1,sd,PI_MSTR,pricing_conditions,PI_LIST,PI_DESC,PI_CS_CODE,PI_PART_CODE,PI_START,PI_EXPIRE,PI_COMB_TYPE,PI_AMT_TYPE,PI_BREAK_CAT,PI_UM,PI_CURR,PI_QTY_TYPE,PI_MANUAL,PI_MAX_QTY,PI_COST_SET,PI_DISC_ACCT,PI_DISC_SUB,PI_DISC_PROJ,PI_LIST_ID,PI_CONFG_DISC,PI_MIN_NET,PI_MAX_ORD,PI_LIST_PRICE,PI_MIN_PRICE,PI_MAX_PRICE,PI_USERID,PI_MOD_DATE,PI_CS_TYPE,PI_PART_TYPE,PI_DISC_CC,PI_TERMS,PI_CMTINDX,PI_SRCH_TYPE,PI_PRINT,PI_ACCR_ACCT,PI_ACCR_CC,PI_ACCR_PROJ,PI_ACCR_SUB,PI_DISC_SEQ,PI_USER1,PI_USER2,PI__QADC01,PI__QADD01,PI__DTE01,PI__DTE02,PI__DEC01,PI__DEC02,PI__LOG01,PI__CHR01,PI__CHR02,PI__CHR03,PI__CHR04,PI__CHR05,PI__CHR06,PI__CHR07,PI__CHR08,PI__CHR09,PI__CHR10,PI_EXTREC,PI_PROMO1,PI_PROMO2,PI_PROMO3,PI_PROMO4,PI_PIG_CODE,PI_DOMAIN,PROGRESS_RECID,current_timestamp(),,,,,,,,,,,,,,,,,,,,,,,,,,,,,,,,,,,,,,,,,,,,,,,,,,,,,,,,,,,,,,,,,,,,,,,,,,,,,,,,,,,,,,,,,,,,,,,,,,,,,,,,,,,,,,,,,,,,,,,,,,,,,,,,,,,,,,,,,,,,,,,,,,,,,,,
3,lh_bronze_sap_rise,sd,ICONDITIONRECORD,pricing_conditions,,Description,,Material,,,,AmountInCompanyCodeCurrency,,,TransactionCurrency,,,,,GLAccount,GLAccount,WBSElementInternalID,,,,,,,,,DocumentDate,,Material,CostCenter,,,,,GLAccount,CostCenter,WBSElementInternalID,GLAccount,,,,,,,,,,,,,,,,,,,,,,,,,,,CompanyCode,,LastChangeDateTime,,,,,,,,,,,,,,,,,,,,,,,,,,,,,,,,,,,,,,,,,,,,,,,,,,,,,,,,,,,,,,,,,,,,,,,,,,,,,,,,,,,,,,,,,,,,,,,,,,,,,,,,,,,,,,,,,,,,,,,,,,,,,,,,,,,,,,,,,,,,,,,Client,CreatedByUser,CreationDate,LastChangedByUser,LastChangeDate,DataSource,LogicalSystem,DataPackage,
4,lh_silver_erp,mm,purchasing_conditions,purchasing_conditions,list_id,prod_line,material_id,unit_of_measure_code,start,expire,amt_type,min_qty1,min_qty2,min_qty3,min_qty4,min_qty5,min_qty6,min_qty7,min_qty8,min_qty9,min_qty10,min_qty11,min_qty12,min_qty13,min_qty14,min_qty15,amt1,amt2,amt3,amt4,amt5,amt6,amt7,amt8,amt9,amt10,amt11,amt12,amt13,amt14,amt15,currency_code,tax_in,user1,user2,mod_date,user_id,min_price,max_price1,max_price2,max_price3,max_price4,max_price5,max_price6,max_price7,max_price8,max_price9,max_price10,company_code,record_id,last_updated_at,,,,,,,,,,,,,,,,,,,,,,,,,,,,,,,,,,,,,,,,,,,,,,,,,,,,,,,,,,,,,,,,,,,,,,,,,,,,,,,,,,,,,,,,,,,,,,,,,,,,,,,,,,,,,,,,,,,,,,,,,,,,,,,,,,,,,,,,,,,,,,,,,,,,,,,,,,,,,,,,,
4,lh_bronze_qad1,mm,PC_MSTR,purchasing_conditions,PC_LIST,PC_PROD_LINE,PC_PART,PC_UM,PC_START,PC_EXPIRE,PC_AMT_TYPE,`PC_MIN_QTY##1`,`PC_MIN_QTY##2`,`PC_MIN_QTY##3`,`PC_MIN_QTY##4`,`PC_MIN_QTY##5`,`PC_MIN_QTY##6`,`PC_MIN_QTY##7`,`PC_MIN_QTY##8`,`PC_MIN_QTY##9`,`PC_MIN_QTY##10`,`PC_MIN_QTY##11`,`PC_MIN_QTY##12`,`PC_MIN_QTY##13`,`PC_MIN_QTY##14`,`PC_MIN_QTY##15`,`PC_AMT##1`,`PC_AMT##2`,`PC_AMT##3`,`PC_AMT##4`,`PC_AMT##5`,`PC_AMT##6`,`PC_AMT##7`,`PC_AMT##8`,`PC_AMT##9`,`PC_AMT##10`,`PC_AMT##11`,`PC_AMT##12`,`PC_AMT##13`,`PC_AMT##14`,`PC_AMT##15`,PC_CURR,PC_TAX_IN,PC_USER1,PC_USER2,PC_MOD_DATE,PC_USERID,PC_MIN_PRICE,`PC_MAX_PRICE##1`,`PC_MAX_PRICE##2`,`PC_MAX_PRICE##3`,`PC_MAX_PRICE##4`,`PC_MAX_PRICE##5`,`PC_MAX_PRICE##6`,`PC_MAX_PRICE##7`,`PC_MAX_PRICE##8`,`PC_MAX_PRICE##9`,`PC_MAX_PRICE##10`,PC_DOMAIN,PROGRESS_RECID,current_timestamp(),,,,,,,,,,,,,,,,,,,,,,,,,,,,,,,,,,,,,,,,,,,,,,,,,,,,,,,,,,,,,,,,,,,,,,,,,,,,,,,,,,,,,,,,,,,,,,,,,,,,,,,,,,,,,,,,,,,,,,,,,,,,,,,,,,,,,,,,,,,,,,,,,,,,,,,,,,,,,,,,,
4,lh_bronze_sap_rise,mm,IPURCHASEINFORECORD,purchasing_conditions,,,Material,,,,,,,,,,,,,,,,,,,,,,,,,,,,,,,,,,,TransactionCurrency,,,,DocumentDate,,,,,,,,,,,,,CompanyCode,,LastChangeDateTime,,,,,,,,,,,,,,,,,,,,,,,,,,,,,,,,,,,,,,,,,,,,,,,,,,,,,,,,,,,,,,,,,,,,,,,,,,,,,,,,,,,,,,,,,,,,,,,,,,,,,,,,,,,,,,,,,,,,,,,,,,,,,,,,,,,,,,,,,,,,,,,,,,,,,,,,,Client,CreatedByUser,CreationDate,LastChangedByUser,LastChangeDate,DataSource,LogicalSystem,DataPackage,
4,lh_silver_erp,mm,purchasing_info_records,purchasing_info_records,material_id,vendor_id,vendor_material_id,unit_of_measure_code,lead_vendor,q_price,q_date,q_qty,mfgr,mfgr_material_id,comment,pr_list,user1,user2,currency_code,bkage_amt,duty_amt,duty_type,frt_amt,sch_pct,appr_date,chr01,chr02,chr03,chr04,chr05,dte01,dte02,dec01,dec02,log01,mod_date,user_id,pkg_code,ins_rqd,rcpt_stat,tp_use_pct,tp_pct,company_code,record_id,last_updated_at,,,,,,,,,,,,,,,,,,,,,,,,,,,,,,,,,,,,,,,,,,,,,,,,,,,,,,,,,,,,,,,,,,,,,,,,,,,,,,,,,,,,,,,,,,,,,,,,,,,,,,,,,,,,,,,,,,,,,,,,,,,,,,,,,,,,,,,,,,,,,,,,,,,,,,,,,,,,,,,,,,,,,,,,,,,,,,,,,
4,lh_bronze_qad1,mm,VP_MSTR,purchasing_info_records,VP_PART,VP_VEND,VP_VEND_PART,VP_UM,VP_VEND_LEAD,VP_Q_PRICE,VP_Q_DATE,VP_Q_QTY,VP_MFGR,VP_MFGR_PART,VP_COMMENT,VP_PR_LIST,VP_USER1,VP_USER2,VP_CURR,VP_BKAGE_AMT,VP_DUTY_AMT,VP_DUTY_TYPE,VP_FRT_AMT,VP_SCH_PCT,VP_APPR_DATE,VP__CHR01,VP__CHR02,VP__CHR03,VP__CHR04,VP__CHR05,VP__DTE01,VP__DTE02,VP__DEC01,VP__DEC02,VP__LOG01,VP_MOD_DATE,VP_USERID,VP_PKG_CODE,VP_INS_RQD,VP_RCPT_STAT,VP_TP_USE_PCT,VP_TP_PCT,VP_DOMAIN,PROGRESS_RECID,current_timestamp(),,,,,,,,,,,,,,,,,,,,,,,,,,,,,,,,,,,,,,,,,,,,,,,,,,,,,,,,,,,,,,,,,,,,,,,,,,,,,,,,,,,,,,,,,,,,,,,,,,,,,,,,,,,,,,,,,,,,,,,,,,,,,,,,,,,,,,,,,,,,,,,,,,,,,,,,,,,,,,,,,,,,,,,,,,,,,,,,,
4,lh_bronze_sap_rise,mm,IPURCHASEINFORECORD,purchasing_info_records,Material,,Material,,,,DocumentDate,,,Material,,,,,TransactionCurrency,,,,,,DocumentDate,,,,,,,,,,,DocumentDate,,,,,,,CompanyCode,,LastChangeDateTime,,,,,,,,,,,,,,,,,,,,,,,,,,,,,,,,,,,,,,,,,,,,,,,,,,,,,,,,,,,,,,,,,,,,,,,,,,,,,,,,,,,,,,,,,,,,,,,,,,,,,,,,,,,,,,,,,,,,,,,,,,,,,,,,,,,,,,,,,,,,,,,,,,,,,,,,,,,,,,,,,,,,,,,,,Client,CreatedByUser,CreationDate,LastChangedByUser,LastChangeDate,DataSource,LogicalSystem,DataPackage,
4,lh_silver_erp,mm,source_list_header,source_list_header,network,desc,planner,user1,user2,company_code,record_id,last_updated_at,,,,,,,,,,,,,,,,,,,,,,,,,,,,,,,,,,,,,,,,,,,,,,,,,,,,,,,,,,,,,,,,,,,,,,,,,,,,,,,,,,,,,,,,,,,,,,,,,,,,,,,,,,,,,,,,,,,,,,,,,,,,,,,,,,,,,,,,,,,,,,,,,,,,,,,,,,,,,,,,,,,,,,,,,,,,,,,,,,,,,,,,,,,,,,,,,,,,,,,,,,,,,,,,,,
4,lh_bronze_qad1,mm,SSM_MSTR,source_list_header,SSM_NETWORK,SSM_DESC,SSM_PLANNER,SSM_USER1,SSM_USER2,SSM_DOMAIN,PROGRESS_RECID,current_timestamp(),,,,,,,,,,,,,,,,,,,,,,,,,,,,,,,,,,,,,,,,,,,,,,,,,,,,,,,,,,,,,,,,,,,,,,,,,,,,,,,,,,,,,,,,,,,,,,,,,,,,,,,,,,,,,,,,,,,,,,,,,,,,,,,,,,,,,,,,,,,,,,,,,,,,,,,,,,,,,,,,,,,,,,,,,,,,,,,,,,,,,,,,,,,,,,,,,,,,,,,,,,,,,,,,,,
4,lh_bronze_sap_rise,mm,ISOURCELIST,source_list_header,,Description,,,,CompanyCode,,LastChangeDateTime,,,,,,,,,,,,,,,,,,,,,,,,,,,,,,,,,,,,,,,,,,,,,,,,,,,,,,,,,,,,,,,,,,,,,,,,,,,,,,,,,,,,,,,,,,,,,,,,,,,,,,,,,,,,,,,,,,,,,,,,,,,,,,,,,,,,,,,,,,,,,,,,,,,,,,,,,,,,,,,,,,,,,,,,,,,,,,,,,,,,,,,,,,,,,,,,,,,,,,,,,,Client,CreatedByUser,CreationDate,LastChangedByUser,LastChangeDate,DataSource,LogicalSystem,DataPackage,
4,lh_silver_erp,mm,source_list_items,source_list_items,network,rec_plant_id,src_plant_id,ref,percent,start,end,trans,leadtime,user1,user2,company_code,record_id,last_updated_at,,,,,,,,,,,,,,,,,,,,,,,,,,,,,,,,,,,,,,,,,,,,,,,,,,,,,,,,,,,,,,,,,,,,,,,,,,,,,,,,,,,,,,,,,,,,,,,,,,,,,,,,,,,,,,,,,,,,,,,,,,,,,,,,,,,,,,,,,,,,,,,,,,,,,,,,,,,,,,,,,,,,,,,,,,,,,,,,,,,,,,,,,,,,,,,,,,,,,,,,,,,,
4,lh_bronze_qad1,mm,SSD_DET,source_list_items,SSD_NETWORK,SSD_REC_SITE,SSD_SRC_SITE,SSD_REF,SSD_PERCENT,SSD_START,SSD_END,SSD_TRANS,SSD_LEADTIME,SSD_USER1,SSD_USER2,SSD_DOMAIN,PROGRESS_RECID,current_timestamp(),,,,,,,,,,,,,,,,,,,,,,,,,,,,,,,,,,,,,,,,,,,,,,,,,,,,,,,,,,,,,,,,,,,,,,,,,,,,,,,,,,,,,,,,,,,,,,,,,,,,,,,,,,,,,,,,,,,,,,,,,,,,,,,,,,,,,,,,,,,,,,,,,,,,,,,,,,,,,,,,,,,,,,,,,,,,,,,,,,,,,,,,,,,,,,,,,,,,,,,,,,,,
4,lh_bronze_sap_rise,mm,ISOURCELIST,source_list_items,,Plant,Plant,,,,,,,,,CompanyCode,,LastChangeDateTime,,,,,,,,,,,,,,,,,,,,,,,,,,,,,,,,,,,,,,,,,,,,,,,,,,,,,,,,,,,,,,,,,,,,,,,,,,,,,,,,,,,,,,,,,,,,,,,,,,,,,,,,,,,,,,,,,,,,,,,,,,,,,,,,,,,,,,,,,,,,,,,,,,,,,,,,,,,,,,,,,,,,,,,,,,,,,,,,,,,,,,,,,,,,,,,,,,,,Client,CreatedByUser,CreationDate,LastChangedByUser,LastChangeDate,DataSource,LogicalSystem,DataPackage,
5,lh_silver_erp,ecp,positions,positions,title_id,segment_id,work_address,members,level,leveltab,chr01,chr02,chr03,dec01,dec02,dec03,log01,titles_dte01,company_code,record_id,last_updated_at,,,,,,,,,,,,,,,,,,,,,,,,,,,,,,,,,,,,,,,,,,,,,,,,,,,,,,,,,,,,,,,,,,,,,,,,,,,,,,,,,,,,,,,,,,,,,,,,,,,,,,,,,,,,,,,,,,,,,,,,,,,,,,,,,,,,,,,,,,,,,,,,,,,,,,,,,,,,,,,,,,,,,,,,,,,,,,,,,,,,,,,,,,,,,,,,,,,,,,,,,
5,lh_bronze_qad2,ecp,XXTITLED_DET,positions,XXTITLED_ID,XXTITLED_ENTITY,XXTITLED_ENTWK_ADDR,XXTITLED_MEMBERS,XXTITLED_LEVEL,XXTITLED_LEVELTAB,XXTITLED__CHR01,XXTITLED__CHR02,XXTITLED__CHR03,XXTITLED__DEC01,XXTITLED__DEC02,XXTITLED__DEC03,XXTITLED__LOG01,XXTITLES__DTE01,XXTITLED_DOMAIN,PROGRESS_RECID,current_timestamp(),,,,,,,,,,,,,,,,,,,,,,,,,,,,,,,,,,,,,,,,,,,,,,,,,,,,,,,,,,,,,,,,,,,,,,,,,,,,,,,,,,,,,,,,,,,,,,,,,,,,,,,,,,,,,,,,,,,,,,,,,,,,,,,,,,,,,,,,,,,,,,,,,,,,,,,,,,,,,,,,,,,,,,,,,,,,,,,,,,,,,,,,,,,,,,,,,,,,,,,,,
5,lh_bronze_sap_rise,ecp,IPOSITION,positions,,Segment,,,,,,,,,,,,,CompanyCode,,LastChangeDateTime,,,,,,,,,,,,,,,,,,,,,,,,,,,,,,,,,,,,,,,,,,,,,,,,,,,,,,,,,,,,,,,,,,,,,,,,,,,,,,,,,,,,,,,,,,,,,,,,,,,,,,,,,,,,,,,,,,,,,,,,,,,,,,,,,,,,,,,,,,,,,,,,,,,,,,,,,,,,,,,,,,,,,,,,,,,,,,,,,,,,,,,,,,,,,,,,,Client,CreatedByUser,CreationDate,LastChangedByUser,LastChangeDate,DataSource,LogicalSystem,DataPackage,
5,lh_silver_erp,ecp,positions_history,positions_history,employee_id,pre_title_id,title_id,pre_depart,xxtitleh_initial_date,xxtitleh_finish_date,create_date,create_usrid,work_address,chr01,chr02,chr03,dat01,dat02,dat03,log01,log02,log03,company_code,record_id,last_updated_at,,,,,,,,,,,,,,,,,,,,,,,,,,,,,,,,,,,,,,,,,,,,,,,,,,,,,,,,,,,,,,,,,,,,,,,,,,,,,,,,,,,,,,,,,,,,,,,,,,,,,,,,,,,,,,,,,,,,,,,,,,,,,,,,,,,,,,,,,,,,,,,,,,,,,,,,,,,,,,,,,,,,,,,,,,,,,,,,,,,,,,,,,,,,,,,,,,,,,
5,lh_bronze_qad2,ecp,XXTITLEH_HIST,positions_history,XXTITLEH_ADDR,XXTITLEH_PRE_TITLE,XXTITLEH_TITLE,XXTITLEH_PRE_DEPART,XXTITLEH_XXTITLEH_INITIAL_DATE,XXTITLEH_XXTITLEH_FINISH_DATE,XXTITLEH_CREATE_DATE,XXTITLEH_CREATE_USRID,XXTITLEH_ENTWK_ADDR,XXTITLEH__CHR01,XXTITLEH__CHR02,XXTITLEH__CHR03,XXTITLEH__DAT01,XXTITLEH__DAT02,XXTITLEH__DAT03,XXTITLEH__LOG01,XXTITLEH__LOG02,XXTITLEH__LOG03,XXTITLEH_DOMAIN,PROGRESS_RECID,current_timestamp(),,,,,,,,,,,,,,,,,,,,,,,,,,,,,,,,,,,,,,,,,,,,,,,,,,,,,,,,,,,,,,,,,,,,,,,,,,,,,,,,,,,,,,,,,,,,,,,,,,,,,,,,,,,,,,,,,,,,,,,,,,,,,,,,,,,,,,,,,,,,,,,,,,,,,,,,,,,,,,,,,,,,,,,,,,,,,,,,,,,,,,,,,,,,,,,,,,,,,
5,lh_bronze_sap_rise,ecp,IPOSITION,positions_history,,,,,DocumentDate,DocumentDate,DocumentDate,,,,,,,,,,,,CompanyCode,,LastChangeDateTime,,,,,,,,,,,,,,,,,,,,,,,,,,,,,,,,,,,,,,,,,,,,,,,,,,,,,,,,,,,,,,,,,,,,,,,,,,,,,,,,,,,,,,,,,,,,,,,,,,,,,,,,,,,,,,,,,,,,,,,,,,,,,,,,,,,,,,,,,,,,,,,,,,,,,,,,,,,,,,,,,,,,,,,,,,,,,,,,,,,,,,,,,,,,,Client,CreatedByUser,CreationDate,LastChangedByUser,LastChangeDate,DataSource,LogicalSystem,DataPackage,
0,lh_silver_erp,fi,projects,projects,project_id,description,is_active,begin_date,comment_index,comp_date,finish_date,revised_date,revised_finish_date,status,type,user_field_1,user_field_2,company_code,record_id,last_updated_at,,,,,,,,,,,,,,,,,,,,,,,,,,,,,,,,,,,,,,,,,,,,,,,,,,,,,,,,,,,,,,,,,,,,,,,,,,,,,,,,,,,,,,,,,,,,,,,,,,,,,,,,,,,,,,,,,,,,,,,,,,,,,,,,,,,,,,,,,,,,,,,,,,,,,,,,,,,,,,,,,,,,,,,,,,,,,,,,,,,,,,,,,,,,,,,,,,,,,,,,,,
0,lh_bronze_qad1,fi,PJ_MSTR,projects,PJ_PROJECT,PJ_DESC,CAST(PJ_ACTIVE AS BOOLEAN),CAST(PJ_BEG_DT AS DATE),CAST(PJ_CMTINDX AS INTEGER),CAST(PJ_COMP AS DATE),CAST(PJ_FINDATE AS DATE),CAST(PJ_REVDATE AS DATE),CAST(PJ_REVFIN AS DATE),PJ_STAT,PJ_TYPE,PJ_USER1,PJ_USER2,PJ_DOMAIN,CAST(PROGRESS_RECID AS INT),current_timestamp(),,,,,,,,,,,,,,,,,,,,,,,,,,,,,,,,,,,,,,,,,,,,,,,,,,,,,,,,,,,,,,,,,,,,,,,,,,,,,,,,,,,,,,,,,,,,,,,,,,,,,,,,,,,,,,,,,,,,,,,,,,,,,,,,,,,,,,,,,,,,,,,,,,,,,,,,,,,,,,,,,,,,,,,,,,,,,,,,,,,,,,,,,,,,,,,,,,,,,,,,,,
0,lh_bronze_sap_rise,fi,IPROJECT,projects,WBSElement,WBSElementDescription,,DocumentDate,,DocumentDate,DocumentDate,DocumentDate,DocumentDate,,,,,CompanyCode,,LastChangeDateTime,,,,,,,,,,,,,,,,,,,,,,,,,,,,,,,,,,,,,,,,,,,,,,,,,,,,,,,,,,,,,,,,,,,,,,,,,,,,,,,,,,,,,,,,,,,,,,,,,,,,,,,,,,,,,,,,,,,,,,,,,,,,,,,,,,,,,,,,,,,,,,,,,,,,,,,,,,,,,,,,,,,,,,,,,,,,,,,,,,,,,,,,,,,,,,,,,,Client,CreatedByUser,CreationDate,LastChangedByUser,LastChangeDate,DataSource,LogicalSystem,DataPackage,
5,lh_silver_erp,md,work_centers,work_centers,work_center_id,description,department,work_storage_location_id,machine_id,user_field_1,user_field_2,modified_date,modified_by,company_code,record_id,last_updated_at,,,,,,,,,,,,,,,,,,,,,,,,,,,,,,,,,,,,,,,,,,,,,,,,,,,,,,,,,,,,,,,,,,,,,,,,,,,,,,,,,,,,,,,,,,,,,,,,,,,,,,,,,,,,,,,,,,,,,,,,,,,,,,,,,,,,,,,,,,,,,,,,,,,,,,,,,,,,,,,,,,,,,,,,,,,,,,,,,,,,,,,,,,,,,,,,,,,,,,,,,,,,,,
5,lh_bronze_qad1,md,WC_MSTR,work_centers,WC_WKCTR,WC_DESC,"COALESCE(WC_DEPT, ' ')","COALESCE(WC_WK_LOC, ' ')","COALESCE(WC_MCH, ' ')",WC_USER1,WC_USER2,CAST(WC_MOD_DATE AS DATE),"COALESCE(WC_USERID, ' ')",WC_DOMAIN,CAST(PROGRESS_RECID AS INT),current_timestamp(),,,,,,,,,,,,,,,,,,,,,,,,,,,,,,,,,,,,,,,,,,,,,,,,,,,,,,,,,,,,,,,,,,,,,,,,,,,,,,,,,,,,,,,,,,,,,,,,,,,,,,,,,,,,,,,,,,,,,,,,,,,,,,,,,,,,,,,,,,,,,,,,,,,,,,,,,,,,,,,,,,,,,,,,,,,,,,,,,,,,,,,,,,,,,,,,,,,,,,,,,,,,,,
5,lh_bronze_sap_rise,md,IWORKCENTER,work_centers,,Description,,,,,,DocumentDate,,CompanyCode,,LastChangeDateTime,,,,,,,,,,,,,,,,,,,,,,,,,,,,,,,,,,,,,,,,,,,,,,,,,,,,,,,,,,,,,,,,,,,,,,,,,,,,,,,,,,,,,,,,,,,,,,,,,,,,,,,,,,,,,,,,,,,,,,,,,,,,,,,,,,,,,,,,,,,,,,,,,,,,,,,,,,,,,,,,,,,,,,,,,,,,,,,,,,,,,,,,,,,,,,,,,,,,,,Client,CreatedByUser,CreationDate,LastChangedByUser,LastChangeDate,DataSource,LogicalSystem,DataPackage,
5,lh_silver_erp,mm,budget_work_center,budget_work_center,work_center,user_name,creation_date,total_quantity,posting_date,planning_schedule,quantity_01,quantity_02,quantity_03,quantity_04,quantity_05,prbg_chr01,prbg_chr02,prbg_chr03,prbg_chr04,prbg_chr05,prbg_dec01,prbg_dec02,prbg_dte01,prbg_dte02,company_code,record_id,last_updated_at,,,,,,,,,,,,,,,,,,,,,,,,,,,,,,,,,,,,,,,,,,,,,,,,,,,,,,,,,,,,,,,,,,,,,,,,,,,,,,,,,,,,,,,,,,,,,,,,,,,,,,,,,,,,,,,,,,,,,,,,,,,,,,,,,,,,,,,,,,,,,,,,,,,,,,,,,,,,,,,,,,,,,,,,,,,,,,,,,,,,,,,,,,,,,,,,,,,
5,lh_bronze_qad1,mm,XXPRBG_HIST,budget_work_center,XXPRBG_MCH,XXPRBG_USERID,XXPRBG_DATE_CREATE,XXPRBG_QTY,XXPRBG_DATE,XXPRBG_SCHEDULE,XXPRBG_QTY_1,XXPRBG_QTY_2,XXPRBG_QTY_3,XXPRBG_QTY_4,XXPRBG_QTY_5,XXPRBG__CHR01,XXPRBG__CHR02,XXPRBG__CHR03,XXPRBG__CHR04,XXPRBG__CHR05,XXPRBG__DEC01,XXPRBG__DEC02,XXPRBG__DTE01,XXPRBG__DTE02,XXPRBG_DOMAIN,PROGRESS_RECID,current_timestamp(),,,,,,,,,,,,,,,,,,,,,,,,,,,,,,,,,,,,,,,,,,,,,,,,,,,,,,,,,,,,,,,,,,,,,,,,,,,,,,,,,,,,,,,,,,,,,,,,,,,,,,,,,,,,,,,,,,,,,,,,,,,,,,,,,,,,,,,,,,,,,,,,,,,,,,,,,,,,,,,,,,,,,,,,,,,,,,,,,,,,,,,,,,,,,,,,,,,
5,lh_bronze_qad2,mm,XXPRBG_HIST,budget_work_center,XXPRBG_MCH,XXPRBG_USERID,XXPRBG_DATE_CREATE,XXPRBG_QTY,XXPRBG_DATE,XXPRBG_SCHEDULE,NULL,NULL,NULL,NULL,NULL,XXPRBG__CHR01,XXPRBG__CHR02,NULL,NULL,NULL,XXPRBG__DEC01,XXPRBG__DEC02,XXPRBG__DTE01,XXPRBG__DTE02,XXPRBG_DOMAIN,PROGRESS_RECID,current_timestamp(),,,,,,,,,,,,,,,,,,,,,,,,,,,,,,,,,,,,,,,,,,,,,,,,,,,,,,,,,,,,,,,,,,,,,,,,,,,,,,,,,,,,,,,,,,,,,,,,,,,,,,,,,,,,,,,,,,,,,,,,,,,,,,,,,,,,,,,,,,,,,,,,,,,,,,,,,,,,,,,,,,,,,,,,,,,,,,,,,,,,,,,,,,,,,,,,,,,
5,lh_bronze_sap_rise,mm,IWORKCENTER,budget_work_center,,,DocumentDate,,PostingDate,,,,,,,,,,,,,,,,CompanyCode,,LastChangeDateTime,,,,,,,,,,,,,,,,,,,,,,,,,,,,,,,,,,,,,,,,,,,,,,,,,,,,,,,,,,,,,,,,,,,,,,,,,,,,,,,,,,,,,,,,,,,,,,,,,,,,,,,,,,,,,,,,,,,,,,,,,,,,,,,,,,,,,,,,,,,,,,,,,,,,,,,,,,,,,,,,,,,,,,,,,,,,,,,,,,,,,,,,,,,Client,CreatedByUser,CreationDate,LastChangedByUser,LastChangeDate,DataSource,LogicalSystem,DataPackage,
5,lh_silver_erp,pp,bill_of_material,bill_of_material,pararent,component,reference,qty_period,scrp_pct,ps_code,lt_off,start,end,rmks,op,item_no,mandatory,exclusive,process,qty_type,user1,user2,fcst_pct,default,group,critical,qty_per_b,comp_unit_of_measure,unit_of_measure_conv,assay,comm_code,non_bal,user_id,mod_date,batch_pct,cmtindx,start_ecn,end_ecn,joint_type,cop_qty,cst_pct,prod_pct,qty_cons,qty_exch,qty_diag,chr01,chr02,dte01,dte02,dec01,dec02,log01,log02,company_code,record_id,last_updated_at,,,,,,,,,,,,,,,,,,,,,,,,,,,,,,,,,,,,,,,,,,,,,,,,,,,,,,,,,,,,,,,,,,,,,,,,,,,,,,,,,,,,,,,,,,,,,,,,,,,,,,,,,,,,,,,,,,,,,,,,,,,,,,,,,,,,,,,,,,,,,,,,,,,,,,,,,,,,,,,,,,,,,,
5,lh_bronze_qad1,pp,PS_MSTR,bill_of_material,PS_PAR,PS_COMP,PS_REF,PS_QTY_PER,PS_SCRP_PCT,PS_PS_CODE,PS_LT_OFF,PS_START,PS_END,PS_RMKS,PS_OP,PS_ITEM_NO,PS_MANDATORY,PS_EXCLUSIVE,PS_PROCESS,PS_QTY_TYPE,PS_USER1,PS_USER2,PS_FCST_PCT,PS_DEFAULT,PS_GROUP,PS_CRITICAL,PS_QTY_PER_B,PS_COMP_UM,PS_UM_CONV,PS_ASSAY,PS_COMM_CODE,PS_NON_BAL,PS_USERID,PS_MOD_DATE,PS_BATCH_PCT,PS_CMTINDX,PS_START_ECN,PS_END_ECN,PS_JOINT_TYPE,PS_COP_QTY,PS_CST_PCT,PS_PROD_PCT,PS_QTY_CONS,PS_QTY_EXCH,PS_QTY_DIAG,PS__CHR01,PS__CHR02,PS__DTE01,PS__DTE02,PS__DEC01,PS__DEC02,PS__LOG01,PS__LOG02,PS_DOMAIN,PROGRESS_RECID,current_timestamp(),,,,,,,,,,,,,,,,,,,,,,,,,,,,,,,,,,,,,,,,,,,,,,,,,,,,,,,,,,,,,,,,,,,,,,,,,,,,,,,,,,,,,,,,,,,,,,,,,,,,,,,,,,,,,,,,,,,,,,,,,,,,,,,,,,,,,,,,,,,,,,,,,,,,,,,,,,,,,,,,,,,,,,
5,lh_bronze_sap_rise,pp,IBOMITEM,bill_of_material,,,,,,,,,,,,,,,,,,,,,,,,,,,,,,DocumentDate,,,,,,,,,,,,,,,,,,,,CompanyCode,,LastChangeDateTime,,,,,,,,,,,,,,,,,,,,,,,,,,,,,,,,,,,,,,,,,,,,,,,,,,,,,,,,,,,,,,,,,,,,,,,,,,,,,,,,,,,,,,,,,,,,,,,,,,,,,,,,,,,,,,,,,,,,,,,,,,,,,,,,,,,,,,,,,,,,,,,,,,,,,,,,,,,,,,Client,CreatedByUser,CreationDate,LastChangedByUser,LastChangeDate,DataSource,LogicalSystem,DataPackage,
5,lh_silver_erp,pp,bill_of_material_header,bill_of_material_header,parent,desc,batch,unit_of_measure_code,cmtindx,ll_code,user1,user2,user_id,mod_date,chr01,chr02,chr03,chr04,chr05,dte01,dte02,dec01,dec02,log01,formula,mthd,fsm_type,plant_id,storage_location_id,mthd_qtycompl,company_code,record_id,last_updated_at,,,,,,,,,,,,,,,,,,,,,,,,,,,,,,,,,,,,,,,,,,,,,,,,,,,,,,,,,,,,,,,,,,,,,,,,,,,,,,,,,,,,,,,,,,,,,,,,,,,,,,,,,,,,,,,,,,,,,,,,,,,,,,,,,,,,,,,,,,,,,,,,,,,,,,,,,,,,,,,,,,,,,,,,,,,,,,,,,,,,,,,,,,,,,
5,lh_bronze_qad1,pp,BOM_MSTR,bill_of_material_header,BOM_PARENT,BOM_DESC,BOM_BATCH,BOM_BATCH_UM,BOM_CMTINDX,BOM_LL_CODE,BOM_USER1,BOM_USER2,BOM_USERID,BOM_MOD_DATE,BOM__CHR01,BOM__CHR02,BOM__CHR03,BOM__CHR04,BOM__CHR05,BOM__DTE01,BOM__DTE02,BOM__DEC01,BOM__DEC02,BOM__LOG01,BOM_FORMULA,BOM_MTHD,BOM_FSM_TYPE,BOM_SITE,BOM_LOC,BOM_MTHD_QTYCOMPL,BOM_DOMAIN,PROGRESS_RECID,current_timestamp(),,,,,,,,,,,,,,,,,,,,,,,,,,,,,,,,,,,,,,,,,,,,,,,,,,,,,,,,,,,,,,,,,,,,,,,,,,,,,,,,,,,,,,,,,,,,,,,,,,,,,,,,,,,,,,,,,,,,,,,,,,,,,,,,,,,,,,,,,,,,,,,,,,,,,,,,,,,,,,,,,,,,,,,,,,,,,,,,,,,,,,,,,,,,,
5,lh_bronze_sap_rise,pp,IBOMHEADER,bill_of_material_header,,Description,,,,,,,,DocumentDate,,,,,,,,,,,,,,Plant,,,CompanyCode,,LastChangeDateTime,,,,,,,,,,,,,,,,,,,,,,,,,,,,,,,,,,,,,,,,,,,,,,,,,,,,,,,,,,,,,,,,,,,,,,,,,,,,,,,,,,,,,,,,,,,,,,,,,,,,,,,,,,,,,,,,,,,,,,,,,,,,,,,,,,,,,,,,,,,,,,,,,,,,,,,,,,,,,,,,,,,,,,,,,,,,,,,,,,,,,Client,CreatedByUser,CreationDate,LastChangedByUser,LastChangeDate,DataSource,LogicalSystem,DataPackage,
5,lh_silver_erp,pp,routing_operations,routing_operations,routing_id,operation_number,operation_description,work_center_id,machine_id,user_field_1,user_field_2,modified_date,modified_by,company_code,record_id,last_updated_at,,,,,,,,,,,,,,,,,,,,,,,,,,,,,,,,,,,,,,,,,,,,,,,,,,,,,,,,,,,,,,,,,,,,,,,,,,,,,,,,,,,,,,,,,,,,,,,,,,,,,,,,,,,,,,,,,,,,,,,,,,,,,,,,,,,,,,,,,,,,,,,,,,,,,,,,,,,,,,,,,,,,,,,,,,,,,,,,,,,,,,,,,,,,,,,,,,,,,,,,,,,,,,
5,lh_bronze_qad1,pp,RO_DET,routing_operations,RO_ROUTING,CAST(CAST(RO_OP AS INT) AS STRING),RO_DESC,RO_WKCTR,RO_MCH,RO_USER1,RO_USER2,CAST(RO_MOD_DATE AS DATE),RO_MOD_USERID,RO_DOMAIN,CAST(PROGRESS_RECID AS INT),current_timestamp(),,,,,,,,,,,,,,,,,,,,,,,,,,,,,,,,,,,,,,,,,,,,,,,,,,,,,,,,,,,,,,,,,,,,,,,,,,,,,,,,,,,,,,,,,,,,,,,,,,,,,,,,,,,,,,,,,,,,,,,,,,,,,,,,,,,,,,,,,,,,,,,,,,,,,,,,,,,,,,,,,,,,,,,,,,,,,,,,,,,,,,,,,,,,,,,,,,,,,,,,,,,,,,
5,lh_bronze_sap_rise,pp,IPRODUCTROUTING,routing_operations,,,Description,,,,,DocumentDate,,CompanyCode,,LastChangeDateTime,,,,,,,,,,,,,,,,,,,,,,,,,,,,,,,,,,,,,,,,,,,,,,,,,,,,,,,,,,,,,,,,,,,,,,,,,,,,,,,,,,,,,,,,,,,,,,,,,,,,,,,,,,,,,,,,,,,,,,,,,,,,,,,,,,,,,,,,,,,,,,,,,,,,,,,,,,,,,,,,,,,,,,,,,,,,,,,,,,,,,,,,,,,,,,,,,,,,,,Client,CreatedByUser,CreationDate,LastChangedByUser,LastChangeDate,DataSource,LogicalSystem,DataPackage,
5,lh_silver_erp,tm,incoterms,incoterms,incoterm_id,type,desc,user1,user2,chr01,chr02,chr03,chr04,chr05,chr06,chr07,chr08,dec01,dec02,dte01,dte02,log01,log02,accrual_level,lc_charge,company_code,record_id,last_updated_at,,,,,,,,,,,,,,,,,,,,,,,,,,,,,,,,,,,,,,,,,,,,,,,,,,,,,,,,,,,,,,,,,,,,,,,,,,,,,,,,,,,,,,,,,,,,,,,,,,,,,,,,,,,,,,,,,,,,,,,,,,,,,,,,,,,,,,,,,,,,,,,,,,,,,,,,,,,,,,,,,,,,,,,,,,,,,,,,,,,,,,,,,,,,,,,,,,
5,lh_bronze_qad1,tm,FT_MSTR,incoterms,FT_TERMS,FT_TYPE,FT_DESC,FT_USER1,FT_USER2,FT__CHR01,FT__CHR02,FT__CHR03,FT__CHR04,FT__CHR05,FT__CHR06,FT__CHR07,FT__CHR08,FT__DEC01,FT__DEC02,FT__DTE01,FT__DTE02,FT__LOG01,FT__LOG02,FT_ACCRUAL_LEVEL,FT_LC_CHARGE,FT_DOMAIN,PROGRESS_RECID,current_timestamp(),,,,,,,,,,,,,,,,,,,,,,,,,,,,,,,,,,,,,,,,,,,,,,,,,,,,,,,,,,,,,,,,,,,,,,,,,,,,,,,,,,,,,,,,,,,,,,,,,,,,,,,,,,,,,,,,,,,,,,,,,,,,,,,,,,,,,,,,,,,,,,,,,,,,,,,,,,,,,,,,,,,,,,,,,,,,,,,,,,,,,,,,,,,,,,,,,,
5,lh_bronze_sap_rise,tm,IINCOTERMS,incoterms,,,Description,,,,,,,,,,,,,,,,,,,CompanyCode,,LastChangeDateTime,,,,,,,,,,,,,,,,,,,,,,,,,,,,,,,,,,,,,,,,,,,,,,,,,,,,,,,,,,,,,,,,,,,,,,,,,,,,,,,,,,,,,,,,,,,,,,,,,,,,,,,,,,,,,,,,,,,,,,,,,,,,,,,,,,,,,,,,,,,,,,,,,,,,,,,,,,,,,,,,,,,,,,,,,,,,,,,,,,,,,,,,,,Client,CreatedByUser,CreationDate,LastChangedByUser,LastChangeDate,DataSource,LogicalSystem,DataPackage,
6,lh_silver_erp,aa,asset_balance_details,asset_balance_details,fixed_asset_id,account_type,account_id,subaccount_id,cost_center_id,project_id,glseq,mod_userid,mod_date,user1,user2,chr01,dec01,log01,dte01,int01,company_code,record_id,last_updated_at,,,,,,,,,,,,,,,,,,,,,,,,,,,,,,,,,,,,,,,,,,,,,,,,,,,,,,,,,,,,,,,,,,,,,,,,,,,,,,,,,,,,,,,,,,,,,,,,,,,,,,,,,,,,,,,,,,,,,,,,,,,,,,,,,,,,,,,,,,,,,,,,,,,,,,,,,,,,,,,,,,,,,,,,,,,,,,,,,,,,,,,,,,,,,,,,,,,,,,,
6,lh_bronze_qad1,aa,FABA_DET,asset_balance_details,FABA_FA_ID,FABA_ACCTYPE,FABA_ACCT,FABA_SUB,FABA_CC,FABA_PROJ,FABA_GLSEQ,FABA_MOD_USERID,FABA_MOD_DATE,FABA_USER1,FABA_USER2,FABA__CHR01,FABA__DEC01,FABA__LOG01,FABA__DTE01,FABA__INT01,FABA_DOMAIN,PROGRESS_RECID,current_timestamp(),,,,,,,,,,,,,,,,,,,,,,,,,,,,,,,,,,,,,,,,,,,,,,,,,,,,,,,,,,,,,,,,,,,,,,,,,,,,,,,,,,,,,,,,,,,,,,,,,,,,,,,,,,,,,,,,,,,,,,,,,,,,,,,,,,,,,,,,,,,,,,,,,,,,,,,,,,,,,,,,,,,,,,,,,,,,,,,,,,,,,,,,,,,,,,,,,,,,,,,
6,lh_bronze_sap_rise,aa,IASHV,asset_balance_details,Subnumber,AssetTransactionType,GLAccount,GLAccountInChartOfAccounts,CostCenter,WBSElementInternalID,,,DocumentDate,,,,,,,,CompanyCode,,LastChangeDateTime,,,,,,,,,,,,,,,,,,,,,,,,,,,,,,,,,,,,,,,,,,,,,,,,,,,,,,,,,,,,,,,,,,,,,,,,,,,,,,,,,,,,,,,,,,,,,,,,,,,,,,,,,,,,,,,,,,,,,,,,,,,,,,,,,,,,,,,,,,,,,,,,,,,,,,,,,,,,,,,,,,,,,,,,,,,,,,,,,,,,,,,,,,,,,,,Client,CreatedByUser,CreationDate,LastChangedByUser,LastChangeDate,DataSource,LogicalSystem,DataPackage,
6,lh_silver_erp,aa,asset_budget_details,asset_budget_details,fixed_asset_id,fabk_seq,fabk_id,famt_id,life,date,amt,ovrdt,ovramt,salvamt,resrv,uplife,upper,unit_of_measure_code,famtr_id,upcost,cst_adjper,mod_userid,mod_date,user1,user2,chr01,dec01,log01,dte01,int01,int02,dec02,company_code,record_id,last_updated_at,,,,,,,,,,,,,,,,,,,,,,,,,,,,,,,,,,,,,,,,,,,,,,,,,,,,,,,,,,,,,,,,,,,,,,,,,,,,,,,,,,,,,,,,,,,,,,,,,,,,,,,,,,,,,,,,,,,,,,,,,,,,,,,,,,,,,,,,,,,,,,,,,,,,,,,,,,,,,,,,,,,,,,,,,,,,,,,,,,,,,,,,,,,
6,lh_bronze_qad1,aa,FAB_DET,asset_budget_details,FAB_FA_ID,FAB_FABK_SEQ,FAB_FABK_ID,FAB_FAMT_ID,FAB_LIFE,FAB_DATE,FAB_AMT,FAB_OVRDT,FAB_OVRAMT,FAB_SALVAMT,FAB_RESRV,FAB_UPLIFE,FAB_UPPER,FAB_UM,FAB_FAMTR_ID,FAB_UPCOST,FAB_CST_ADJPER,FAB_MOD_USERID,FAB_MOD_DATE,FAB_USER1,FAB_USER2,FAB__CHR01,FAB__DEC01,FAB__LOG01,FAB__DTE01,FAB__INT01,FAB__INT02,FAB__DEC02,FAB_DOMAIN,PROGRESS_RECID,current_timestamp(),,,,,,,,,,,,,,,,,,,,,,,,,,,,,,,,,,,,,,,,,,,,,,,,,,,,,,,,,,,,,,,,,,,,,,,,,,,,,,,,,,,,,,,,,,,,,,,,,,,,,,,,,,,,,,,,,,,,,,,,,,,,,,,,,,,,,,,,,,,,,,,,,,,,,,,,,,,,,,,,,,,,,,,,,,,,,,,,,,,,,,,,,,,
6,lh_bronze_sap_rise,aa,IASHV,asset_budget_details,Subnumber,,,,,DocumentDate,,,,,,,,,,,,,DocumentDate,,,,,,,,,,CompanyCode,,LastChangeDateTime,,,,,,,,,,,,,,,,,,,,,,,,,,,,,,,,,,,,,,,,,,,,,,,,,,,,,,,,,,,,,,,,,,,,,,,,,,,,,,,,,,,,,,,,,,,,,,,,,,,,,,,,,,,,,,,,,,,,,,,,,,,,,,,,,,,,,,,,,,,,,,,,,,,,,,,,,,,,,,,,,,,,,,,,,,,,,,,,,,,Client,CreatedByUser,CreationDate,LastChangedByUser,LastChangeDate,DataSource,LogicalSystem,DataPackage,
6,lh_silver_erp,aa,asset_transactions,asset_transactions,fixed_asset_id,type,amt,yrper,life,resrv,famt_id,fabk_id,migrate,mod_userid,mod_date,user1,user2,chr01,dec01,log01,dte01,int01,company_code,record_id,last_updated_at,,,,,,,,,,,,,,,,,,,,,,,,,,,,,,,,,,,,,,,,,,,,,,,,,,,,,,,,,,,,,,,,,,,,,,,,,,,,,,,,,,,,,,,,,,,,,,,,,,,,,,,,,,,,,,,,,,,,,,,,,,,,,,,,,,,,,,,,,,,,,,,,,,,,,,,,,,,,,,,,,,,,,,,,,,,,,,,,,,,,,,,,,,,,,,,,,,,,,
6,lh_bronze_qad1,aa,FAADJ_MSTR,asset_transactions,FAADJ_FA_ID,FAADJ_TYPE,FAADJ_AMT,FAADJ_YRPER,FAADJ_LIFE,FAADJ_RESRV,FAADJ_FAMT_ID,FAADJ_FABK_ID,FAADJ_MIGRATE,FAADJ_MOD_USERID,FAADJ_MOD_DATE,FAADJ_USER1,FAADJ_USER2,FAADJ__CHR01,FAADJ__DEC01,FAADJ__LOG01,FAADJ__DTE01,FAADJ__INT01,FAADJ_DOMAIN,PROGRESS_RECID,current_timestamp(),,,,,,,,,,,,,,,,,,,,,,,,,,,,,,,,,,,,,,,,,,,,,,,,,,,,,,,,,,,,,,,,,,,,,,,,,,,,,,,,,,,,,,,,,,,,,,,,,,,,,,,,,,,,,,,,,,,,,,,,,,,,,,,,,,,,,,,,,,,,,,,,,,,,,,,,,,,,,,,,,,,,,,,,,,,,,,,,,,,,,,,,,,,,,,,,,,,,,
6,lh_bronze_sap_rise,aa,IASHV,asset_transactions,Subnumber,,,,,,,,,,DocumentDate,,,,,,,,CompanyCode,,LastChangeDateTime,,,,,,,,,,,,,,,,,,,,,,,,,,,,,,,,,,,,,,,,,,,,,,,,,,,,,,,,,,,,,,,,,,,,,,,,,,,,,,,,,,,,,,,,,,,,,,,,,,,,,,,,,,,,,,,,,,,,,,,,,,,,,,,,,,,,,,,,,,,,,,,,,,,,,,,,,,,,,,,,,,,,,,,,,,,,,,,,,,,,,,,,,,,,,Client,CreatedByUser,CreationDate,LastChangedByUser,LastChangeDate,DataSource,LogicalSystem,DataPackage,
6,lh_silver_erp,aa,fixed_assets,fixed_assets,fixed_asset_id,segment_id,post,dep,desc1,receiver,auth_number,qty,code,startdt,wardt,disp_dt,disp_rsn,puramt,replamt,dispamt,salvamt,custodian,facls_id,parent,vendsrc,po,fabch_id,cmtindx,ins_co,ins_date,ins_id,insamt,migrate,mod_userid,mod_date,user1,user2,chr01,chr02,chr03,chr04,dec01,dec02,dec03,dec04,log01,log02,log03,log04,dte01,dte02,dte03,dte04,int01,int02,int03,int04,split_from,split_date,faloc_id,company_code,record_id,last_updated_at,,,,,,,,,,,,,,,,,,,,,,,,,,,,,,,,,,,,,,,,,,,,,,,,,,,,,,,,,,,,,,,,,,,,,,,,,,,,,,,,,,,,,,,,,,,,,,,,,,,,,,,,,,,,,,,,,,,,,,,,,,,,,,,,,,,,,,,,,,,,,,,,,,,,,,,,,,,,,,,
6,lh_bronze_qad1,aa,FA_MSTR,fixed_assets,FA_ID,FA_ENTITY,FA_POST,FA_DEP,FA_DESC1,FA_RECEIVER,FA_AUTH_NUMBER,FA_QTY,FA_CODE,FA_STARTDT,FA_WARDT,FA_DISP_DT,FA_DISP_RSN,FA_PURAMT,FA_REPLAMT,FA_DISPAMT,FA_SALVAMT,FA_CUSTODIAN,FA_FACLS_ID,FA_PARENT,FA_VENDSRC,FA_PO,FA_FABCH_ID,FA_CMTINDX,FA_INS_CO,FA_INS_DATE,FA_INS_NBR,FA_INSAMT,FA_MIGRATE,FA_MOD_USERID,FA_MOD_DATE,FA_USER1,FA_USER2,FA__CHR01,FA__CHR02,FA__CHR03,FA__CHR04,FA__DEC01,FA__DEC02,FA__DEC03,FA__DEC04,FA__LOG01,FA__LOG02,FA__LOG03,FA__LOG04,FA__DTE01,FA__DTE02,FA__DTE03,FA__DTE04,FA__INT01,FA__INT02,FA__INT03,FA__INT04,FA_SPLIT_FROM,FA_SPLIT_DATE,FA_FALOC_ID,FA_DOMAIN,PROGRESS_RECID,current_timestamp(),,,,,,,,,,,,,,,,,,,,,,,,,,,,,,,,,,,,,,,,,,,,,,,,,,,,,,,,,,,,,,,,,,,,,,,,,,,,,,,,,,,,,,,,,,,,,,,,,,,,,,,,,,,,,,,,,,,,,,,,,,,,,,,,,,,,,,,,,,,,,,,,,,,,,,,,,,,,,,,
6,lh_bronze_sap_rise,aa,IASHV,fixed_assets,Asset,Segment,,,AssetDescription,,,,,,,,,,,,,,,,,,,,,DocumentDate,,,,,DocumentDate,,,,,,,,,,,,,,,,,,,,,,,,DocumentDate,,CompanyCode,,LastChangeDateTime,,,,,,,,,,,,,,,,,,,,,,,,,,,,,,,,,,,,,,,,,,,,,,,,,,,,,,,,,,,,,,,,,,,,,,,,,,,,,,,,,,,,,,,,,,,,,,,,,,,,,,,,,,,,,,,,,,,,,,,,,,,,,,,,,,,,,,,,,,,,,,,,,,,,,,,Client,CreatedByUser,CreationDate,LastChangedByUser,LastChangeDate,DataSource,LogicalSystem,DataPackage,
6,lh_silver_erp,ecp,payroll_register,payroll_register,employee_id,concept_id,payroll_date,amount,company_address,payroll_run_type,payment_method,custom_string_01,custom_string_02,custom_decimal_01,custom_decimal_02,custom_string_03,custom_string_04,custom_string_05,custom_decimal_03,custom_decimal_04,custom_decimal_05,custom_datetime_01,custom_datetime_02,custom_datetime_03,absence_type_code,absence_days,source_oid,company_code,record_id,last_updated_at,,,,,,,,,,,,,,,,,,,,,,,,,,,,,,,,,,,,,,,,,,,,,,,,,,,,,,,,,,,,,,,,,,,,,,,,,,,,,,,,,,,,,,,,,,,,,,,,,,,,,,,,,,,,,,,,,,,,,,,,,,,,,,,,,,,,,,,,,,,,,,,,,,,,,,,,,,,,,,,,,,,,,,,,,,,,,,,,,,,,,,,,,,,,,,,,
6,lh_bronze_qad2,ecp,XXNOM_MSTR,payroll_register,XXNOM_EMP,XXNOM_CON,XXNOM_FECHA,XXNOM_MONTO,XXNOM_ENTPR_ADDR,XXNOM_TYPE_PR,XXNOM_FP,XXNOM__CHR01,XXNOM__CHR02,XXNOM__DEC01,XXNOM__DEC02,XXNOM__CHR03,XXNOM__CHR04,XXNOM__CHR05,XXNOM__DEC03,XXNOM__DEC04,XXNOM__DEC05,XXNOM__DTE01,XXNOM__DTE02,XXNOM__DTE03,XXNOM_CVEVAC,XXNOM_DAYVAC,OID_XXNOM_MSTR,XXNOM_DOMAIN,PROGRESS_RECID,current_timestamp(),,,,,,,,,,,,,,,,,,,,,,,,,,,,,,,,,,,,,,,,,,,,,,,,,,,,,,,,,,,,,,,,,,,,,,,,,,,,,,,,,,,,,,,,,,,,,,,,,,,,,,,,,,,,,,,,,,,,,,,,,,,,,,,,,,,,,,,,,,,,,,,,,,,,,,,,,,,,,,,,,,,,,,,,,,,,,,,,,,,,,,,,,,,,,,,,
6,lh_bronze_sap_rise,ecp,IFIGLITM,payroll_register,,,DocumentDate,AmountInCompanyCodeCurrency,,,,,,,,,,,,,,DocumentDate,DocumentDate,DocumentDate,,,,CompanyCode,,LastChangeDateTime,,,,,,,,,,,,,,,,,,,,,,,,,,,,,,,,,,,,,,,,,,,,,,,,,,,,,,,,,,,,,,,,,,,,,,,,,,,,,,,,,,,,,,,,,,,,,,,,,,,,,,,,,,,,,,,,,,,,,,,,,,,,,,,,,,,,,,,,,,,,,,,,,,,,,,,,,,,,,,,,,,,,,,,,,,,,,,,,,,,,,,,,Client,CreatedByUser,CreationDate,LastChangedByUser,LastChangeDate,DataSource,LogicalSystem,DataPackage,
6,lh_silver_erp,fi,account_balance_items,account_balance_items,account_id,cost_center_id,segment_id,project_id,year,period,amount,currency_amount,user1,user2,gl_subaccount_id,ecur_amount,qadc01,dr_amount,cr_amount,cr_currency_amount,dr_currency_amount,company_code,record_id,last_updated_at,,,,,,,,,,,,,,,,,,,,,,,,,,,,,,,,,,,,,,,,,,,,,,,,,,,,,,,,,,,,,,,,,,,,,,,,,,,,,,,,,,,,,,,,,,,,,,,,,,,,,,,,,,,,,,,,,,,,,,,,,,,,,,,,,,,,,,,,,,,,,,,,,,,,,,,,,,,,,,,,,,,,,,,,,,,,,,,,,,,,,,,,,,,,,,,,,,,,,,
6,lh_bronze_qad1,fi,ACD_DET,account_balance_items,ACD_ACC,ACD_CC,ACD_ENTITY,ACD_PROJECT,ACD_YEAR,ACD_PER,ACD_AMT,ACD_CURR_AMT,ACD_USER1,ACD_USER2,ACD_SUB,ACD_ECUR_AMT,ACD__QADC01,ACD_DR_AMT,ACD_CR_AMT,ACD_CR_CURR_AMT,ACD_DR_CURR_AMT,ACD_DOMAIN,PROGRESS_RECID,current_timestamp(),,,,,,,,,,,,,,,,,,,,,,,,,,,,,,,,,,,,,,,,,,,,,,,,,,,,,,,,,,,,,,,,,,,,,,,,,,,,,,,,,,,,,,,,,,,,,,,,,,,,,,,,,,,,,,,,,,,,,,,,,,,,,,,,,,,,,,,,,,,,,,,,,,,,,,,,,,,,,,,,,,,,,,,,,,,,,,,,,,,,,,,,,,,,,,,,,,,,,,
6,lh_bronze_sap_rise,fi,IACCDOCITEM,account_balance_items,GLAccount,CostCenter,Segment,WBSElementInternalID,FiscalYear,FiscalPeriod,AmountInCompanyCodeCurrency,TransactionCurrencyAmount,,,GLAccount,AmountInCompanyCodeCurrency,,AmountInCompanyCodeCurrency,AmountInCompanyCodeCurrency,AmountInCompanyCodeCurrency,AmountInCompanyCodeCurrency,CompanyCode,,LastChangeDateTime,,,,,,,,,,,,,,,,,,,,,,,,,,,,,,,,,,,,,,,,,,,,,,,,,,,,,,,,,,,,,,,,,,,,,,,,,,,,,,,,,,,,,,,,,,,,,,,,,,,,,,,,,,,,,,,,,,,,,,,,,,,,,,,,,,,,,,,,,,,,,,,,,,,,,,,,,,,,,,,,,,,,,,,,,,,,,,,,,,,,,,,,,,,,,,Client,CreatedByUser,CreationDate,LastChangedByUser,LastChangeDate,DataSource,LogicalSystem,DataPackage,
6,lh_silver_erp,fi,accounts_payable,accounts_payable,type_code,ref,batch_id,supplier_id,effective_date,date,amount,gl_account_id,cost_center_id,discount_gl_account_id,discount_cost_center_id,open,remark,user1,user2,currency_code,exchange_rate,bank_id,sort,expt_date,segment_id,ent_ex,ckfrm,qad01,qad02,qad03,dy_code,remit,exchange_rate_2,exchange_rate_type,base_amount,exchange_rate_sequence,gl_subaccount_id,discount_gl_subaccount_id,unapplied_ref,company_code,record_id,last_updated_at,,,,,,,,,,,,,,,,,,,,,,,,,,,,,,,,,,,,,,,,,,,,,,,,,,,,,,,,,,,,,,,,,,,,,,,,,,,,,,,,,,,,,,,,,,,,,,,,,,,,,,,,,,,,,,,,,,,,,,,,,,,,,,,,,,,,,,,,,,,,,,,,,,,,,,,,,,,,,,,,,,,,,,,,,,,,,,,,,,,,
6,lh_bronze_qad1,fi,AP_MSTR,accounts_payable,AP_TYPE,AP_REF,AP_BATCH,AP_VEND,AP_EFFDATE,AP_DATE,AP_AMT,AP_ACCT,AP_CC,AP_DISC_ACCT,AP_DISC_CC,AP_OPEN,AP_RMK,AP_USER1,AP_USER2,AP_CURR,AP_EX_RATE,AP_BANK,AP_SORT,AP_EXPT_DATE,AP_ENTITY,AP_ENT_EX,AP_CKFRM,AP__QAD01,AP__QAD02,AP__QAD03,AP_DY_CODE,AP_REMIT,AP_EX_RATE2,AP_EX_RATETYPE,AP_BASE_AMT,AP_EXRU_SEQ,AP_SUB,AP_DISC_SUB,AP_UNAPPLIED_REF,AP_DOMAIN,PROGRESS_RECID,current_timestamp(),,,,,,,,,,,,,,,,,,,,,,,,,,,,,,,,,,,,,,,,,,,,,,,,,,,,,,,,,,,,,,,,,,,,,,,,,,,,,,,,,,,,,,,,,,,,,,,,,,,,,,,,,,,,,,,,,,,,,,,,,,,,,,,,,,,,,,,,,,,,,,,,,,,,,,,,,,,,,,,,,,,,,,,,,,,,,,,,,,,,
6,lh_bronze_sap_rise,fi,IFISLI,accounts_payable,,AccountingDocument,,Supplier,DocumentDate,PostingDate,AmountInCompanyCodeCurrency,GLAccount,CostCenter,GLAccount,CostCenter,,,,,TransactionCurrency,,,,DocumentDate,Segment,,,,,,,,,,AmountInCompanyCodeCurrency,,GLAccount,GLAccount,,CompanyCode,,LastChangeDateTime,,,,,,,,,,,,,,,,,,,,,,,,,,,,,,,,,,,,,,,,,,,,,,,,,,,,,,,,,,,,,,,,,,,,,,,,,,,,,,,,,,,,,,,,,,,,,,,,,,,,,,,,,,,,,,,,,,,,,,,,,,,,,,,,,,,,,,,,,,,,,,,,,,,,,,,,,,,,,,,,,,,,,,,,,,,,Client,CreatedByUser,CreationDate,LastChangedByUser,LastChangeDate,DataSource,LogicalSystem,DataPackage,
6,lh_silver_erp,fi,accounts_receivable,accounts_receivable,document_type,document_id,customer_account,sales_order_id,extra_commission_pct_1,extra_commission_pct_2,effective_date,posting_date,payment_code,purchase_order_id,amount,amount_applied,cash_discount_date,payment_due_date,expected_payment_date,account_id,cost_center_id,sales_amount,addl_sales_employee_1,addl_sales_employee_2,paid_date,batch_id,discount_account_id,discount_cost_center_id,ship_to_id,open_item_flag,disputed_flag,check_number,comment_index,user_field_1,user_field_2,currency_code,exchange_rate,variance_gl_account_id,variance_cost_center,bank_id,margin_amount,entity_code,enterprise_exchange_rate,udf_char_01,udf_char_02,udf_char_03,udf_char_04,udf_char_05,udf_date_01,udf_date_02,udf_decimal_01,udf_decimal_02,udf_flag_01,draft_flag,last_due_date,print_flag,invoice_credit_reference,freight_terms,commission_pct_1,commission_pct_2,commission_pct_3,commission_pct_4,sales_employee_1,sales_employee_2,sales_employee_3,sales_employee_4,bill_to_id,tax_date,tax_environment,draft_selected_flag,collection_method,amount_change,discount_change,base_amount,fsm_type,commission_amount_1,commission_amount_2,commission_amount_3,commission_amount_4,dunning_procedure_code,dunning_level,exchange_rate_2,exchange_rate_type,base_amount_change,base_amount_applied,base_commission_amount_1,base_commission_amount_2,base_commission_amount_3,base_commission_amount_4,exchange_rate_sequence,direct_debit_currency,direct_debit_exchange_rate,direct_debit_exchange_rate_2,direct_debit_exrate_sequence,application_owner,subaccount_id,discount_subaccount,variance_subaccount_id,prepayment_flag,ship_from_id,customer_bank,draft_discount_date,reconciliation_date,document_status,customer_initiated_flag,draft_submit_date,payment_method,void_date,company_code,record_id,last_updated_at,,,,,,,,,,,,,,,,,,,,,,,,,,,,,,,,,,,,,,,,,,,,,,,,,,,,,,,,,,,,,,,,,,,,,,,,,,,,,,,,,,,,,,,,,,,,,,,,,,,,,,,,,,,,,,,
6,lh_bronze_qad1,fi,AR_MSTR,accounts_receivable,AR_TYPE,AR_NBR,AR_CUST,AR_SO_NBR,`AR_XCOMM_PCT##1`,`AR_XCOMM_PCT##2`,AR_EFFDATE,AR_DATE,AR_CR_TERMS,AR_PO,AR_AMT,AR_APPLIED,AR_DISC_DATE,AR_DUE_DATE,AR_EXPT_DATE,AR_ACCT,AR_CC,AR_SALES_AMT,AR_XSLSPSN1,AR_XSLSPSN2,AR_PAID_DATE,AR_BATCH,AR_DISC_ACCT,AR_DISC_CC,AR_SHIP,AR_OPEN,AR_CONTESTED,AR_CHECK,AR_CMTINDX,AR_USER1,AR_USER2,AR_CURR,AR_EX_RATE,AR_VAR_ACCT,AR_VAR_CC,AR_BANK,AR_MRGN_AMT,AR_ENTITY,AR_ENT_EX,AR__CHR01,AR__CHR02,AR__CHR03,AR__CHR04,AR__CHR05,AR__DTE01,AR__DTE02,AR__DEC01,AR__DEC02,AR__LOG01,AR_DRAFT,AR_LDUE_DATE,AR_PRINT,AR_INV_CR,AR_FR_TERMS,`AR_COMM_PCT##1`,`AR_COMM_PCT##2`,`AR_COMM_PCT##3`,`AR_COMM_PCT##4`,`AR_SLSPSN##1`,`AR_SLSPSN##2`,`AR_SLSPSN##3`,`AR_SLSPSN##4`,AR_BILL,AR_TAX_DATE,AR_TAX_ENV,AR_DRFT_SEL,AR_COLL_MTHD,AR_AMT_CHG,AR_DISC_CHG,AR_BASE_AMT,AR_FSM_TYPE,`AR_COMM_AMT##1`,`AR_COMM_AMT##2`,`AR_COMM_AMT##3`,`AR_COMM_AMT##4`,AR_DY_CODE,AR_DUN_LEVEL,AR_EX_RATE2,AR_EX_RATETYPE,AR_BASE_AMT_CHG,AR_BASE_APPLIED,`AR_BASE_COMM_AMT##1`,`AR_BASE_COMM_AMT##2`,`AR_BASE_COMM_AMT##3`,`AR_BASE_COMM_AMT##4`,AR_EXRU_SEQ,AR_DD_CURR,AR_DD_EX_RATE,AR_DD_EX_RATE2,AR_DD_EXRU_SEQ,AR_APP_OWNER,AR_SUB,AR_DISC_SUB,AR_VAR_SUB,AR_PREPAYMENT,AR_SHIPFROM,AR_CUSTOMER_BANK,AR_DRAFT_DISC_DATE,AR_RECON_DATE,AR_STATUS,AR_CUSTOMER_INITIATED,AR_DRAFT_SUBMIT_DATE,AR_PAY_METHOD,AR_VOID_DATE,AR_DOMAIN,PROGRESS_RECID,current_timestamp(),,,,,,,,,,,,,,,,,,,,,,,,,,,,,,,,,,,,,,,,,,,,,,,,,,,,,,,,,,,,,,,,,,,,,,,,,,,,,,,,,,,,,,,,,,,,,,,,,,,,,,,,,,,,,,,
6,lh_bronze_sap_rise,fi,IFICLI,accounts_receivable,DocumentType,AccountingDocument,Customer,SalesOrder,,,DocumentDate,PostingDate,,,AmountInCompanyCodeCurrency,AmountInCompanyCodeCurrency,DocumentDate,DocumentDate,DocumentDate,GLAccount,CostCenter,AmountInCompanyCodeCurrency,,,DocumentDate,,GLAccount,CostCenter,,,,,,,,TransactionCurrency,,GLAccount,,,AmountInCompanyCodeCurrency,,,,,,,,DocumentDate,DocumentDate,,,,,DocumentDate,,,,,,,,,,,,,DocumentDate,,,,AmountInCompanyCodeCurrency,,AmountInCompanyCodeCurrency,,AmountInCompanyCodeCurrency,AmountInCompanyCodeCurrency,AmountInCompanyCodeCurrency,AmountInCompanyCodeCurrency,,,,,AmountInCompanyCodeCurrency,AmountInCompanyCodeCurrency,AmountInCompanyCodeCurrency,AmountInCompanyCodeCurrency,AmountInCompanyCodeCurrency,AmountInCompanyCodeCurrency,,,,,,,GLAccount,,GLAccount,,,,DocumentDate,DocumentDate,,,DocumentDate,,DocumentDate,CompanyCode,,LastChangeDateTime,,,,,,,,,,,,,,,,,,,,,,,,,,,,,,,,,,,,,,,,,,,,,,,,,,,,,,,,,,,,,,,,,,,,,,,,,,,,,,,,,,,,,,,,,,,,,,,,,,,,,,,Client,CreatedByUser,CreationDate,LastChangedByUser,LastChangeDate,DataSource,LogicalSystem,DataPackage,
6,lh_silver_erp,fi,accounts_receivable_items,accounts_receivable_items,document_id,line_type,account_id,cost_center_id,amount,discount_amount,currency_amount,currency_discount_amount,line_text,reference_text,tax_code,tax_indicator,tax_attribute,tax_usage,entity_code,project_code,exchange_rate,exchange_rate_2,exchange_rate_type,exchange_rate_sequence,dunning_procedure_code,dunning_document_id,deduction_number,subaccount,user_field_1,user_field_2,company_code,record_id,last_updated_at,,,,,,,,,,,,,,,,,,,,,,,,,,,,,,,,,,,,,,,,,,,,,,,,,,,,,,,,,,,,,,,,,,,,,,,,,,,,,,,,,,,,,,,,,,,,,,,,,,,,,,,,,,,,,,,,,,,,,,,,,,,,,,,,,,,,,,,,,,,,,,,,,,,,,,,,,,,,,,,,,,,,,,,,,,,,,,,,,,,,,,,,,,,,,
6,lh_bronze_qad1,fi,ARD_DET,accounts_receivable_items,ARD_NBR,ARD_TYPE,ARD_ACCT,ARD_CC,ARD_AMT,ARD_DISC,ARD_CUR_AMT,ARD_CUR_DISC,ARD_DESC,ARD_REF,ARD_TAXC,ARD_TAX,ARD_TAX_AT,ARD_TAX_USAGE,ARD_ENTITY,ARD_PROJECT,ARD_EX_RATE,ARD_EX_RATE2,ARD_EX_RATETYPE,ARD_EXRU_SEQ,ARD_DY_CODE,ARD_DY_NUM,ARD_DED_NBR,ARD_SUB,ARD_USER1,ARD_USER2,ARD_DOMAIN,PROGRESS_RECID,current_timestamp(),,,,,,,,,,,,,,,,,,,,,,,,,,,,,,,,,,,,,,,,,,,,,,,,,,,,,,,,,,,,,,,,,,,,,,,,,,,,,,,,,,,,,,,,,,,,,,,,,,,,,,,,,,,,,,,,,,,,,,,,,,,,,,,,,,,,,,,,,,,,,,,,,,,,,,,,,,,,,,,,,,,,,,,,,,,,,,,,,,,,,,,,,,,,,
6,lh_bronze_sap_rise,fi,IACCDOCITEM,accounts_receivable_items,AccountingDocument,,GLAccount,CostCenter,AmountInCompanyCodeCurrency,AmountInCompanyCodeCurrency,AmountInCompanyCodeCurrency,AmountInCompanyCodeCurrency,,,,,,,,,,,,,,,,,,,CompanyCode,,LastChangeDateTime,,,,,,,,,,,,,,,,,,,,,,,,,,,,,,,,,,,,,,,,,,,,,,,,,,,,,,,,,,,,,,,,,,,,,,,,,,,,,,,,,,,,,,,,,,,,,,,,,,,,,,,,,,,,,,,,,,,,,,,,,,,,,,,,,,,,,,,,,,,,,,,,,,,,,,,,,,,,,,,,,,,,,,,,,,,,,,,,,,,,,Client,CreatedByUser,CreationDate,LastChangedByUser,LastChangeDate,DataSource,LogicalSystem,DataPackage,
6,lh_silver_erp,fi,ap_invoices,ap_invoices,ref,payment_code,invoice_id,applied,discount_date,due_date,hold,paid_date,amount_change,discount_change,purchase_order_id,receiver,ndisc_amount,hold_amount,comment_index,currency_code,exchange_rate,user1,separate,ship_to_id,chr01,chr02,chr03,chr04,chr05,dte01,dte02,dec01,dec02,log01,tax_percent_1,tax_percent_2,tax_percent_3,type_code,confirmed,conf_by,purchase_order_id_received,prepay,tax_date,modok,user2,tax_env,recur,rcycle,rnbr_cyc,rstart,rexpire,release_date,rv_id,lc_amount,qad01,qad02,qad03,is_ers,taxable,taxc,tax_usage,exchange_rate_2,exchange_rate_type,base_applied,base_amount_change,base_discount_change,base_ndisc,base_hold_amount,exchange_rate_sequence,waiting_exp,resale_amount,company_code,record_id,last_updated_at,,,,,,,,,,,,,,,,,,,,,,,,,,,,,,,,,,,,,,,,,,,,,,,,,,,,,,,,,,,,,,,,,,,,,,,,,,,,,,,,,,,,,,,,,,,,,,,,,,,,,,,,,,,,,,,,,,,,,,,,,,,,,,,,,,,,,,,,,,,,,,,,,,,,
6,lh_bronze_qad1,fi,VO_MSTR,ap_invoices,VO_REF,VO_CR_TERMS,VO_INVOICE,VO_APPLIED,VO_DISC_DATE,VO_DUE_DATE,VO_HOLD,VO_PAID_DATE,VO_AMT_CHG,VO_DISC_CHG,VO_PO,VO_RECEIVER,VO_NDISC_AMT,VO_HOLD_AMT,VO_CMTINDX,VO_CURR,VO_EX_RATE,VO_USER1,VO_SEPARATE,VO_SHIP,VO__CHR01,VO__CHR02,VO__CHR03,VO__CHR04,VO__CHR05,VO__DTE01,VO__DTE02,VO__DEC01,VO__DEC02,VO__LOG01,`VO_TAX_PCT##1`,`VO_TAX_PCT##2`,`VO_TAX_PCT##3`,VO_TYPE,VO_CONFIRMED,VO_CONF_BY,VO_PO_RCVD,VO_PREPAY,VO_TAX_DATE,VO_MODOK,VO_USER2,VO_TAX_ENV,VO_RECUR,VO_RCYCLE,VO_RNBR_CYC,VO_RSTART,VO_REXPIRE,VO_REL_DATE,VO_RV_NBR,VO_LC_AMT,VO__QAD01,VO__QAD02,VO__QAD03,VO_IS_ERS,VO_TAXABLE,VO_TAXC,VO_TAX_USAGE,VO_EX_RATE2,VO_EX_RATETYPE,VO_BASE_APPLIED,VO_BASE_AMT_CHG,VO_BASE_DISC_CHG,VO_BASE_NDISC,VO_BASE_HOLD_AMT,VO_EXRU_SEQ,VO_WAITING_EXP,VO_RESALE_AMT,VO_DOMAIN,PROGRESS_RECID,current_timestamp(),,,,,,,,,,,,,,,,,,,,,,,,,,,,,,,,,,,,,,,,,,,,,,,,,,,,,,,,,,,,,,,,,,,,,,,,,,,,,,,,,,,,,,,,,,,,,,,,,,,,,,,,,,,,,,,,,,,,,,,,,,,,,,,,,,,,,,,,,,,,,,,,,,,,
6,lh_bronze_sap_rise,fi,IFISLI,ap_invoices,AccountingDocument,,,,DocumentDate,DocumentDate,,DocumentDate,AmountInCompanyCodeCurrency,,,,AmountInCompanyCodeCurrency,AmountInCompanyCodeCurrency,,TransactionCurrency,,,,,,,,,,,,,,,,,,,,,,,DocumentDate,,,,,,,,,DocumentDate,,AmountInCompanyCodeCurrency,,,,,,,,,,,AmountInCompanyCodeCurrency,,,AmountInCompanyCodeCurrency,,,AmountInCompanyCodeCurrency,CompanyCode,,LastChangeDateTime,,,,,,,,,,,,,,,,,,,,,,,,,,,,,,,,,,,,,,,,,,,,,,,,,,,,,,,,,,,,,,,,,,,,,,,,,,,,,,,,,,,,,,,,,,,,,,,,,,,,,,,,,,,,,,,,,,,,,,,,,,,,,,,,,,,,,,,,,,,,Client,CreatedByUser,CreationDate,LastChangedByUser,LastChangeDate,DataSource,LogicalSystem,DataPackage,
6,lh_silver_erp,fi,budget_header,budget_header,segment_id,account_id,cost_center_id,project_id,format_position_id,budget_account_id,budget_cost_center_id,budget_format_position_id,budget_code,user_1,user_2,sub_account_id,budget_subaccount_id,company_code,record_id,last_updated_at,,,,,,,,,,,,,,,,,,,,,,,,,,,,,,,,,,,,,,,,,,,,,,,,,,,,,,,,,,,,,,,,,,,,,,,,,,,,,,,,,,,,,,,,,,,,,,,,,,,,,,,,,,,,,,,,,,,,,,,,,,,,,,,,,,,,,,,,,,,,,,,,,,,,,,,,,,,,,,,,,,,,,,,,,,,,,,,,,,,,,,,,,,,,,,,,,,,,,,,,,,
6,lh_bronze_qad1,fi,BG_MSTR,budget_header,BG_ENTITY,BG_ACC,BG_CC,BG_PROJECT,CAST(BG_FPOS AS INT),BG_BUDG_ACC,BG_BUDG_CC,CAST(BG_BUDG_FPOS AS INT),BG_CODE,BG_USER1,BG_USER2,BG_SUB,BG_BUDG_SUB,BG_DOMAIN,CAST(PROGRESS_RECID AS INT),current_timestamp(),,,,,,,,,,,,,,,,,,,,,,,,,,,,,,,,,,,,,,,,,,,,,,,,,,,,,,,,,,,,,,,,,,,,,,,,,,,,,,,,,,,,,,,,,,,,,,,,,,,,,,,,,,,,,,,,,,,,,,,,,,,,,,,,,,,,,,,,,,,,,,,,,,,,,,,,,,,,,,,,,,,,,,,,,,,,,,,,,,,,,,,,,,,,,,,,,,,,,,,,,,
6,lh_bronze_sap_rise,fi,ICSTCNTRBDGT,budget_header,Segment,GLAccount,CostCenter,WBSElementInternalID,,GLAccount,CostCenter,,,,,GLAccount,GLAccount,CompanyCode,,LastChangeDateTime,,,,,,,,,,,,,,,,,,,,,,,,,,,,,,,,,,,,,,,,,,,,,,,,,,,,,,,,,,,,,,,,,,,,,,,,,,,,,,,,,,,,,,,,,,,,,,,,,,,,,,,,,,,,,,,,,,,,,,,,,,,,,,,,,,,,,,,,,,,,,,,,,,,,,,,,,,,,,,,,,,,,,,,,,,,,,,,,,,,,,,,,,,,,,,,,,,Client,CreatedByUser,CreationDate,LastChangedByUser,LastChangeDate,DataSource,LogicalSystem,DataPackage,
6,lh_silver_erp,fi,budget_line_items,budget_line_items,account_id,cost_center_id,project_id,entry_date,budget_year,budget_period,amount,percentage,format_position_id,segment_id,budget_code,user_1,user_2,user_id,created_date,subaccount_id,currency_amount,exchange_rate,company_code,record_id,last_updated_at,,,,,,,,,,,,,,,,,,,,,,,,,,,,,,,,,,,,,,,,,,,,,,,,,,,,,,,,,,,,,,,,,,,,,,,,,,,,,,,,,,,,,,,,,,,,,,,,,,,,,,,,,,,,,,,,,,,,,,,,,,,,,,,,,,,,,,,,,,,,,,,,,,,,,,,,,,,,,,,,,,,,,,,,,,,,,,,,,,,,,,,,,,,,,,,,,,,,,
6,lh_bronze_qad1,fi,BGD_DET,budget_line_items,BGD_ACC,BGD_CC,BGD_PROJECT,CAST(BGD_ENT_DT AS DATE),CAST(BGD_YEAR AS INT),CAST(BGD_PER AS INT),"CAST(BGD_AMT AS DECIMAL(38,10))","CAST(BGD_PCT AS DECIMAL(38,10))",CAST(BGD_FPOS AS INT),BGD_ENTITY,BGD_CODE,BGD_USER1,BGD_USER2,BGD_USERID,BGD_DATE,BGD_SUB,"CAST(BGD_ECUR_AMT AS DECIMAL(38,10))","CAST(BGD_EN_ENRATE AS DECIMAL(20,10))",BGD_DOMAIN,CAST(PROGRESS_RECID AS INT),current_timestamp(),,,,,,,,,,,,,,,,,,,,,,,,,,,,,,,,,,,,,,,,,,,,,,,,,,,,,,,,,,,,,,,,,,,,,,,,,,,,,,,,,,,,,,,,,,,,,,,,,,,,,,,,,,,,,,,,,,,,,,,,,,,,,,,,,,,,,,,,,,,,,,,,,,,,,,,,,,,,,,,,,,,,,,,,,,,,,,,,,,,,,,,,,,,,,,,,,,,,,
6,lh_bronze_sap_rise,fi,ICSTCNTRBDGT,budget_line_items,GLAccount,CostCenter,WBSElementInternalID,DocumentDate,,,AmountInCompanyCodeCurrency,,,Segment,,,,,DocumentDate,GLAccount,AmountInCompanyCodeCurrency,,CompanyCode,,LastChangeDateTime,,,,,,,,,,,,,,,,,,,,,,,,,,,,,,,,,,,,,,,,,,,,,,,,,,,,,,,,,,,,,,,,,,,,,,,,,,,,,,,,,,,,,,,,,,,,,,,,,,,,,,,,,,,,,,,,,,,,,,,,,,,,,,,,,,,,,,,,,,,,,,,,,,,,,,,,,,,,,,,,,,,,,,,,,,,,,,,,,,,,,,,,,,,,,Client,CreatedByUser,CreationDate,LastChangedByUser,LastChangeDate,DataSource,LogicalSystem,DataPackage,
6,lh_silver_erp,fi,e_documents_history,e_documents_history,cfdi_type,subprocess,document_id,internal_reference,issuer_rfc,receiver_rfc,series,folio,cfdi_date,cancellation_date,tax_amount,total_amount,exchange_rate,uuid,certificate,payment_type,street,colony,number,zip_code,external_number,city,cfdi_state,country,customer_id,customer_name,billing_id,billing_name,ship_to_id,ship_to_name,approval_number,approval_year,sat_version,currency,company_code,record_id,last_updated_at,,,,,,,,,,,,,,,,,,,,,,,,,,,,,,,,,,,,,,,,,,,,,,,,,,,,,,,,,,,,,,,,,,,,,,,,,,,,,,,,,,,,,,,,,,,,,,,,,,,,,,,,,,,,,,,,,,,,,,,,,,,,,,,,,,,,,,,,,,,,,,,,,,,,,,,,,,,,,,,,,,,,,,,,,,,,,,,,,,,,,
6,lh_bronze_qad1,fi,XXCFDI_HIST,e_documents_history,"COALESCE(XXCFDI_TYPE, ' ')",XXCFDI_SUBPROC,"COALESCE(XXCFDI_DOC, ' ')","COALESCE(XXCFDI_REF_INT, ' ')","COALESCE(XXCFDI_RFC_EMI, ' ')","COALESCE(XXCFDI_RFC_REC, ' ')","COALESCE(XXCFDI_SER, ' ')","COALESCE(XXCFDI_FOLIO, ' ')",XXCFDI_DATE_NBR,XXCFDI_DATE_CAN,XXCFDI_AMT_TAX,XXXCFDI_AMT_ALL,XXCFDI_EX_RATE,XXCFDI_UUID,XXCFDI_CER,XXCFDI_TYPE_PAY,XXCFDI_STREET,XXCFDI_COLONY,XXCFDI_NUMBER,XXCFDI_ZP,XXCFDI_NUM_EXT,XXCFDI_CITY,XXCFDI_ESTATE,XXCFDI_COUNTRY,XXCFDI_CUST,"COALESCE(XXCFDI_NAME_CUST, ' ')",XXCFDI_BILL,"COALESCE(XXCFDI_NAME_BILL, ' ')","COALESCE(XXCFDI_SHIPTO, ' ')",XXCFDI_NAME_SHIPTO,XXCFDI_NUM_APRO,XXCFDI_YEAR_APRO,XXCFDI_VERSION_SAT,XXCFDI_CURR,XXCFDI_DOMAIN,PROGRESS_RECID,current_timestamp(),,,,,,,,,,,,,,,,,,,,,,,,,,,,,,,,,,,,,,,,,,,,,,,,,,,,,,,,,,,,,,,,,,,,,,,,,,,,,,,,,,,,,,,,,,,,,,,,,,,,,,,,,,,,,,,,,,,,,,,,,,,,,,,,,,,,,,,,,,,,,,,,,,,,,,,,,,,,,,,,,,,,,,,,,,,,,,,,,,,,,
6,lh_bronze_qad2,fi,XXCFDI_HIST,e_documents_history,"COALESCE(XXCFDI_TYPE, ' ')",XXCFDI_SUBPROC,"COALESCE(XXCFDI_DOC, ' ')","COALESCE(XXCFDI_REF_INT, ' ')","COALESCE(XXCFDI_RFC_EMI, ' ')","COALESCE(XXCFDI_RFC_REC, ' ')","COALESCE(XXCFDI_SER, ' ')","COALESCE(XXCFDI_FOLIO, ' ')",XXCFDI_DATE_NBR,XXCFDI_DATE_CAN,XXCFDI_AMT_TAX,XXXCFDI_AMT_ALL,XXCFDI_EX_RATE,XXCFDI_UUID,XXCFDI_CER,XXCFDI_TYPE_PAY,XXCFDI_STREET,XXCFDI_COLONY,XXCFDI_NUMBER,XXCFDI_ZP,XXCFDI_NUM_EXT,XXCFDI_CITY,XXCFDI_ESTATE,XXCFDI_COUNTRY,XXCFDI_CUST,"COALESCE(XXCFDI_NAME_CUST, ' ')",XXCFDI_BILL,"COALESCE(XXCFDI_NAME_BILL, ' ')","COALESCE(XXCFDI_SHIPTO, ' ')",XXCFDI_NAME_SHIPTO,XXCFDI_NUM_APRO,XXCFDI_YEAR_APRO,XXCFDI_VERSION_SAT,XXCFDI_CURR,XXCFDI_DOMAIN,PROGRESS_RECID,current_timestamp(),,,,,,,,,,,,,,,,,,,,,,,,,,,,,,,,,,,,,,,,,,,,,,,,,,,,,,,,,,,,,,,,,,,,,,,,,,,,,,,,,,,,,,,,,,,,,,,,,,,,,,,,,,,,,,,,,,,,,,,,,,,,,,,,,,,,,,,,,,,,,,,,,,,,,,,,,,,,,,,,,,,,,,,,,,,,,,,,,,,,,
6,lh_bronze_sap_rise,fi,IACCDOC,e_documents_history,,,AccountingDocument,,,,,,DocumentDate,DocumentDate,AmountInCompanyCodeCurrency,AmountInCompanyCodeCurrency,,,,,,,,,,,,,Customer,,,,,,,,,,CompanyCode,,LastChangeDateTime,,,,,,,,,,,,,,,,,,,,,,,,,,,,,,,,,,,,,,,,,,,,,,,,,,,,,,,,,,,,,,,,,,,,,,,,,,,,,,,,,,,,,,,,,,,,,,,,,,,,,,,,,,,,,,,,,,,,,,,,,,,,,,,,,,,,,,,,,,,,,,,,,,,,,,,,,,,,,,,,,,,,,,,,,,,,,Client,CreatedByUser,CreationDate,LastChangedByUser,LastChangeDate,DataSource,LogicalSystem,DataPackage,
6,lh_silver_erp,fi,journal_posting_items,journal_posting_items,cr_gl_account_id,cr_cost_center_id,dr_gl_account_id,dr_cost_center_id,trnbr,gl_amount,gl_ref,type_code,cr_project_id,dr_project_id,cr_line_number,dr_line_number,user1,user2,sequence,qadc01,dy_code,dy_num,cr_gl_subaccount_id,dr_gl_subaccount_id,effective_trans,company_code,record_id,last_updated_at,,,,,,,,,,,,,,,,,,,,,,,,,,,,,,,,,,,,,,,,,,,,,,,,,,,,,,,,,,,,,,,,,,,,,,,,,,,,,,,,,,,,,,,,,,,,,,,,,,,,,,,,,,,,,,,,,,,,,,,,,,,,,,,,,,,,,,,,,,,,,,,,,,,,,,,,,,,,,,,,,,,,,,,,,,,,,,,,,,,,,,,,,,,,,,,,,,
6,lh_bronze_qad1,fi,TRGL_DET,journal_posting_items,TRGL_CR_ACCT,TRGL_CR_CC,TRGL_DR_ACCT,TRGL_DR_CC,TRGL_TRNBR,TRGL_GL_AMT,TRGL_GL_REF,TRGL_TYPE,TRGL_CR_PROJ,TRGL_DR_PROJ,TRGL_CR_LINE,TRGL_DR_LINE,TRGL_USER1,TRGL_USER2,TRGL_SEQUENCE,TRGL__QADC01,TRGL_DY_CODE,TRGL_DY_NUM,TRGL_CR_SUB,TRGL_DR_SUB,TRGL_EFF_TRANS,TRGL_DOMAIN,PROGRESS_RECID,current_timestamp(),,,,,,,,,,,,,,,,,,,,,,,,,,,,,,,,,,,,,,,,,,,,,,,,,,,,,,,,,,,,,,,,,,,,,,,,,,,,,,,,,,,,,,,,,,,,,,,,,,,,,,,,,,,,,,,,,,,,,,,,,,,,,,,,,,,,,,,,,,,,,,,,,,,,,,,,,,,,,,,,,,,,,,,,,,,,,,,,,,,,,,,,,,,,,,,,,,
6,lh_bronze_sap_rise,fi,IFIGLITM,journal_posting_items,GLAccount,CostCenter,GLAccount,CostCenter,,AmountInCompanyCodeCurrency,,,WBSElementInternalID,WBSElementInternalID,,,,,,,,,GLAccount,GLAccount,,CompanyCode,,LastChangeDateTime,,,,,,,,,,,,,,,,,,,,,,,,,,,,,,,,,,,,,,,,,,,,,,,,,,,,,,,,,,,,,,,,,,,,,,,,,,,,,,,,,,,,,,,,,,,,,,,,,,,,,,,,,,,,,,,,,,,,,,,,,,,,,,,,,,,,,,,,,,,,,,,,,,,,,,,,,,,,,,,,,,,,,,,,,,,,,,,,,,,,,,,,,,Client,CreatedByUser,CreationDate,LastChangedByUser,LastChangeDate,DataSource,LogicalSystem,DataPackage,
6,lh_silver_erp,fi,parked_journal_entries,parked_journal_entries,segment_id,account_id,cost_center_id,reference,description,reg_date,effective_date,amount,user_id,project_id,batch_id,currency_code,amount_currency,unb,tr_type,error,line,exchange_rate,address_id,doc,doc_type,user1,user2,fx_ind,sub,rflag,ecur_amt,en_exrate,entr_exrate,period,year,correction,dy_code,dy_num,exchange_rate2,exchange_rate_type,en_exrate2,exru_seq,en_exru_seq,src_desc,company_code,record_id,last_updated_at,,,,,,,,,,,,,,,,,,,,,,,,,,,,,,,,,,,,,,,,,,,,,,,,,,,,,,,,,,,,,,,,,,,,,,,,,,,,,,,,,,,,,,,,,,,,,,,,,,,,,,,,,,,,,,,,,,,,,,,,,,,,,,,,,,,,,,,,,,,,,,,,,,,,,,,,,,,,,,,,,,,,,,,,,,,,,,,
6,lh_bronze_qad1,fi,GLT_DET,parked_journal_entries,GLT_ENTITY,GLT_ACCT,GLT_CC,GLT_REF,GLT_DESC,GLT_DATE,GLT_EFFDATE,GLT_AMT,GLT_USERID,GLT_PROJECT,GLT_BATCH,GLT_CURR,GLT_CURR_AMT,GLT_UNB,GLT_TR_TYPE,GLT_ERROR,GLT_LINE,GLT_EX_RATE,GLT_ADDR,GLT_DOC,GLT_DOC_TYPE,GLT_USER1,GLT_USER2,GLT_FX_IND,GLT_SUB,GLT_RFLAG,GLT_ECUR_AMT,GLT_EN_EXRATE,GLT_ENTR_EXRATE,GLT_PER,GLT_YEAR,GLT_CORRECTION,GLT_DY_CODE,GLT_DY_NUM,GLT_EX_RATE2,GLT_EX_RATETYPE,GLT_EN_EXRATE2,GLT_EXRU_SEQ,GLT_EN_EXRU_SEQ,GLT_SRC_DESC,GLT_DOMAIN,PROGRESS_RECID,current_timestamp(),,,,,,,,,,,,,,,,,,,,,,,,,,,,,,,,,,,,,,,,,,,,,,,,,,,,,,,,,,,,,,,,,,,,,,,,,,,,,,,,,,,,,,,,,,,,,,,,,,,,,,,,,,,,,,,,,,,,,,,,,,,,,,,,,,,,,,,,,,,,,,,,,,,,,,,,,,,,,,,,,,,,,,,,,,,,,,,
6,lh_bronze_sap_rise,fi,IACCDOC,parked_journal_entries,Segment,GLAccount,CostCenter,,Description,DocumentDate,DocumentDate,AmountInCompanyCodeCurrency,,WBSElementInternalID,,TransactionCurrency,AmountInCompanyCodeCurrency,,,,,,,,,,,,,,,,,,,,,,,,,,,Description,CompanyCode,,LastChangeDateTime,,,,,,,,,,,,,,,,,,,,,,,,,,,,,,,,,,,,,,,,,,,,,,,,,,,,,,,,,,,,,,,,,,,,,,,,,,,,,,,,,,,,,,,,,,,,,,,,,,,,,,,,,,,,,,,,,,,,,,,,,,,,,,,,,,,,,,,,,,,,,,,,,,,,,,,,,,,,,,,,,,,,,,,Client,CreatedByUser,CreationDate,LastChangedByUser,LastChangeDate,DataSource,LogicalSystem,DataPackage,
6,lh_silver_erp,fi,payment_cleared_items,payment_cleared_items,ref,voucher,type_code,gl_account_id,cost_center_id,project_id,amount,discount,entity,user1,user2,currency_code_amount,currency_code_discount,exchange_rate,qadc01,dy_code,dy_num,exchange_rate_2,exchange_rate_type,exchange_rate_sequence,gl_subaccount_id,unapplied_ref,company_code,record_id,last_updated_at,,,,,,,,,,,,,,,,,,,,,,,,,,,,,,,,,,,,,,,,,,,,,,,,,,,,,,,,,,,,,,,,,,,,,,,,,,,,,,,,,,,,,,,,,,,,,,,,,,,,,,,,,,,,,,,,,,,,,,,,,,,,,,,,,,,,,,,,,,,,,,,,,,,,,,,,,,,,,,,,,,,,,,,,,,,,,,,,,,,,,,,,,,,,,,,,,
6,lh_bronze_qad1,fi,CKD_DET,payment_cleared_items,CKD_REF,CKD_VOUCHER,CKD_TYPE,CKD_ACCT,CKD_CC,CKD_PROJECT,CKD_AMT,CKD_DISC,CKD_ENTITY,CKD_USER1,CKD_USER2,CKD_CUR_AMT,CKD_CUR_DISC,CKD_EX_RATE,CKD__QADC01,CKD_DY_CODE,CKD_DY_NUM,CKD_EX_RATE2,CKD_EX_RATETYPE,CKD_EXRU_SEQ,CKD_SUB,CKD_UNAPPLIED_REF,CKD_DOMAIN,PROGRESS_RECID,current_timestamp(),,,,,,,,,,,,,,,,,,,,,,,,,,,,,,,,,,,,,,,,,,,,,,,,,,,,,,,,,,,,,,,,,,,,,,,,,,,,,,,,,,,,,,,,,,,,,,,,,,,,,,,,,,,,,,,,,,,,,,,,,,,,,,,,,,,,,,,,,,,,,,,,,,,,,,,,,,,,,,,,,,,,,,,,,,,,,,,,,,,,,,,,,,,,,,,,,
6,lh_bronze_sap_rise,fi,IFISLI,payment_cleared_items,,,,GLAccount,CostCenter,WBSElementInternalID,AmountInCompanyCodeCurrency,,,,,AmountInCompanyCodeCurrency,TransactionCurrency,,,,,,,,GLAccount,,CompanyCode,,LastChangeDateTime,,,,,,,,,,,,,,,,,,,,,,,,,,,,,,,,,,,,,,,,,,,,,,,,,,,,,,,,,,,,,,,,,,,,,,,,,,,,,,,,,,,,,,,,,,,,,,,,,,,,,,,,,,,,,,,,,,,,,,,,,,,,,,,,,,,,,,,,,,,,,,,,,,,,,,,,,,,,,,,,,,,,,,,,,,,,,,,,,,,,,,,,,Client,CreatedByUser,CreationDate,LastChangedByUser,LastChangeDate,DataSource,LogicalSystem,DataPackage,
6,lh_silver_erp,fi,supplier_invoice,supplier_invoice,id,buyer,lc_charge,supplier_id,internal_ref_type_code,internal_ref,external_ref,trans_date,effective_date,cost_update,last_voucher,ers_status,ers_opt,ers_price_lst_opt,shipfrom,shipto,order_type_code,order_id,line_number,material_id,trans_quantity,vouchered_quantity,currency_code,exchange_rate,exchange_rate_2,exchange_rate_type,exchange_rate_sequence,accrued_amount,vouchered_amount,accrual_gl_account_id,accrual_gl_subaccount_id,accrual_cost_center_id,project_id,taxable,taxc,tax_env,tax_in,tax_usage,approver,consignment,mod_user_id,mod_date,user1,user2,qadc01,qadc02,qadc03,qadd01,company_code,record_id,last_updated_at,,,,,,,,,,,,,,,,,,,,,,,,,,,,,,,,,,,,,,,,,,,,,,,,,,,,,,,,,,,,,,,,,,,,,,,,,,,,,,,,,,,,,,,,,,,,,,,,,,,,,,,,,,,,,,,,,,,,,,,,,,,,,,,,,,,,,,,,,,,,,,,,,,,,,,,,,,,,,,,,,,,,,,,
6,lh_bronze_qad1,fi,PVO_MSTR,supplier_invoice,PVO_ID,PVO_BUYER,PVO_LC_CHARGE,PVO_SUPPLIER,PVO_INTERNAL_REF_TYPE,PVO_INTERNAL_REF,PVO_EXTERNAL_REF,PVO_TRANS_DATE,PVO_EFF_DATE,PVO_COST_UPDATE,PVO_LAST_VOUCHER,PVO_ERS_STATUS,PVO_ERS_OPT,PVO_ERS_PRICE_LST_OPT,PVO_SHIPFROM,PVO_SHIPTO,PVO_ORDER_TYPE,PVO_ORDER,PVO_LINE,PVO_PART,PVO_TRANS_QTY,PVO_VOUCHERED_QTY,PVO_CURR,PVO_EX_RATE,PVO_EX_RATE2,PVO_EX_RATETYPE,PVO_EXRU_SEQ,PVO_ACCRUED_AMT,PVO_VOUCHERED_AMT,PVO_ACCRUAL_ACCT,PVO_ACCRUAL_SUB,PVO_ACCRUAL_CC,PVO_PROJECT,PVO_TAXABLE,PVO_TAXC,PVO_TAX_ENV,PVO_TAX_IN,PVO_TAX_USAGE,PVO_APPROVER,PVO_CONSIGNMENT,PVO_MOD_USERID,PVO_MOD_DATE,PVO_USER1,PVO_USER2,PVO__QADC01,PVO__QADC02,PVO__QADC03,PVO__QADD01,PVO_DOMAIN,PROGRESS_RECID,current_timestamp(),,,,,,,,,,,,,,,,,,,,,,,,,,,,,,,,,,,,,,,,,,,,,,,,,,,,,,,,,,,,,,,,,,,,,,,,,,,,,,,,,,,,,,,,,,,,,,,,,,,,,,,,,,,,,,,,,,,,,,,,,,,,,,,,,,,,,,,,,,,,,,,,,,,,,,,,,,,,,,,,,,,,,,,
6,lh_bronze_sap_rise,fi,IFISLI,supplier_invoice,,,,Supplier,,,,DocumentDate,DocumentDate,DocumentDate,,,,,,,,,,Material,,,TransactionCurrency,,,,,AmountInCompanyCodeCurrency,AmountInCompanyCodeCurrency,GLAccount,GLAccount,CostCenter,WBSElementInternalID,,,,,,,,,DocumentDate,,,,,,,CompanyCode,,LastChangeDateTime,,,,,,,,,,,,,,,,,,,,,,,,,,,,,,,,,,,,,,,,,,,,,,,,,,,,,,,,,,,,,,,,,,,,,,,,,,,,,,,,,,,,,,,,,,,,,,,,,,,,,,,,,,,,,,,,,,,,,,,,,,,,,,,,,,,,,,,,,,,,,,,,,,,,,,,,,,,,,,,Client,CreatedByUser,CreationDate,LastChangedByUser,LastChangeDate,DataSource,LogicalSystem,DataPackage,
6,lh_silver_erp,fi,supplier_invoice_gl_details,supplier_invoice_gl_details,ref,purchase_order_id,user1,user2,qadc01,company_code,record_id,last_updated_at,,,,,,,,,,,,,,,,,,,,,,,,,,,,,,,,,,,,,,,,,,,,,,,,,,,,,,,,,,,,,,,,,,,,,,,,,,,,,,,,,,,,,,,,,,,,,,,,,,,,,,,,,,,,,,,,,,,,,,,,,,,,,,,,,,,,,,,,,,,,,,,,,,,,,,,,,,,,,,,,,,,,,,,,,,,,,,,,,,,,,,,,,,,,,,,,,,,,,,,,,,,,,,,,,,
6,lh_bronze_qad1,fi,VPO_DET,supplier_invoice_gl_details,VPO_REF,VPO_PO,VPO_USER1,VPO_USER2,VPO__QADC01,VPO_DOMAIN,PROGRESS_RECID,current_timestamp(),,,,,,,,,,,,,,,,,,,,,,,,,,,,,,,,,,,,,,,,,,,,,,,,,,,,,,,,,,,,,,,,,,,,,,,,,,,,,,,,,,,,,,,,,,,,,,,,,,,,,,,,,,,,,,,,,,,,,,,,,,,,,,,,,,,,,,,,,,,,,,,,,,,,,,,,,,,,,,,,,,,,,,,,,,,,,,,,,,,,,,,,,,,,,,,,,,,,,,,,,,,,,,,,,,
6,lh_bronze_sap_rise,fi,IACCDOCITEM,supplier_invoice_gl_details,,,,,,CompanyCode,,LastChangeDateTime,,,,,,,,,,,,,,,,,,,,,,,,,,,,,,,,,,,,,,,,,,,,,,,,,,,,,,,,,,,,,,,,,,,,,,,,,,,,,,,,,,,,,,,,,,,,,,,,,,,,,,,,,,,,,,,,,,,,,,,,,,,,,,,,,,,,,,,,,,,,,,,,,,,,,,,,,,,,,,,,,,,,,,,,,,,,,,,,,,,,,,,,,,,,,,,,,,,,,,,,,,Client,CreatedByUser,CreationDate,LastChangedByUser,LastChangeDate,DataSource,LogicalSystem,DataPackage,
6,lh_silver_erp,fi,supplier_invoice_items,supplier_invoice_items,id,id_line_number,order_type_code,order_id,order_line_number,qadc04,accrual_gl_account_id,accrual_gl_subaccount_id,accrual_cost_center_id,project_id,accrued_amount,vouchered_amount,cost_update,internal_ref,internal_ref_type_code,material_id,shipto,shipfrom,channel,mod_user_id,mod_date,user1,user2,qadc01,qadc02,qadc03,taxable,taxc,tax_env,tax_in,tax_usage,qadd01,company_code,record_id,last_updated_at,,,,,,,,,,,,,,,,,,,,,,,,,,,,,,,,,,,,,,,,,,,,,,,,,,,,,,,,,,,,,,,,,,,,,,,,,,,,,,,,,,,,,,,,,,,,,,,,,,,,,,,,,,,,,,,,,,,,,,,,,,,,,,,,,,,,,,,,,,,,,,,,,,,,,,,,,,,,,,,,,,,,,,,,,,,,,,,,,,,,,,,
6,lh_bronze_qad1,fi,PVOD_DET,supplier_invoice_items,PVOD_ID,PVOD_ID_LINE,PVOD_ORDER_TYPE,PVOD_ORDER,PVOD_ORDER_LINE,PVOD__QADC04,PVOD_ACCRUAL_ACCT,PVOD_ACCRUAL_SUB,PVOD_ACCRUAL_CC,PVOD_PROJECT,PVOD_ACCRUED_AMT,PVOD_VOUCHERED_AMT,PVOD_COST_UPDATE,PVOD_INTERNAL_REF,PVOD_INTERNAL_REF_TYPE,PVOD_PART,PVOD_SHIPTO,PVOD_SHIPFROM,PVOD_CHANNEL,PVOD_MOD_USERID,PVOD_MOD_DATE,PVOD_USER1,PVOD_USER2,PVOD__QADC01,PVOD__QADC02,PVOD__QADC03,PVOD_TAXABLE,PVOD_TAXC,PVOD_TAX_ENV,PVOD_TAX_IN,PVOD_TAX_USAGE,PVOD__QADD01,PVOD_DOMAIN,PROGRESS_RECID,current_timestamp(),,,,,,,,,,,,,,,,,,,,,,,,,,,,,,,,,,,,,,,,,,,,,,,,,,,,,,,,,,,,,,,,,,,,,,,,,,,,,,,,,,,,,,,,,,,,,,,,,,,,,,,,,,,,,,,,,,,,,,,,,,,,,,,,,,,,,,,,,,,,,,,,,,,,,,,,,,,,,,,,,,,,,,,,,,,,,,,,,,,,,,,
6,lh_bronze_sap_rise,fi,IFISLI,supplier_invoice_items,,,,,,,GLAccount,GLAccount,CostCenter,WBSElementInternalID,AmountInCompanyCodeCurrency,AmountInCompanyCodeCurrency,DocumentDate,,,Material,,,,,DocumentDate,,,,,,,,,,,,CompanyCode,,LastChangeDateTime,,,,,,,,,,,,,,,,,,,,,,,,,,,,,,,,,,,,,,,,,,,,,,,,,,,,,,,,,,,,,,,,,,,,,,,,,,,,,,,,,,,,,,,,,,,,,,,,,,,,,,,,,,,,,,,,,,,,,,,,,,,,,,,,,,,,,,,,,,,,,,,,,,,,,,,,,,,,,,,,,,,,,,,,,,,,,,,Client,CreatedByUser,CreationDate,LastChangedByUser,LastChangeDate,DataSource,LogicalSystem,DataPackage,
6,lh_silver_erp,fi,supplier_payment_history,supplier_payment_history,ref,qadc02,qadi01,document_id,currency_amount,inv_cost,inv_quantity,inv_date,user1,user2,avg_post,gl_account_id,cost_center_id,amount,element,qadc01,project_id,costadj_gl_account_id,costadj_gl_subaccount_id,costadj_cost_center_id,description_gl_account_id,description_gl_subaccount_id,description_cost_center_id,gl_subaccount_id,adj_inv,adj_wip,adj_amount,description_amount,cf_adj_amount,cf_description_amount,adj_prv_cst,qoh_at_adj,pvo_id,pvod_id_line_number,company_code,record_id,last_updated_at,,,,,,,,,,,,,,,,,,,,,,,,,,,,,,,,,,,,,,,,,,,,,,,,,,,,,,,,,,,,,,,,,,,,,,,,,,,,,,,,,,,,,,,,,,,,,,,,,,,,,,,,,,,,,,,,,,,,,,,,,,,,,,,,,,,,,,,,,,,,,,,,,,,,,,,,,,,,,,,,,,,,,,,,,,,,,,,,,,,,,
6,lh_bronze_qad1,fi,VPH_HIST,supplier_payment_history,VPH_REF,VPH__QADC02,VPH__QADI01,VPH_NBR,VPH_CURR_AMT,VPH_INV_COST,VPH_INV_QTY,VPH_INV_DATE,VPH_USER1,VPH_USER2,VPH_AVG_POST,VPH_ACCT,VPH_CC,VPH_AMT,VPH_ELEMENT,VPH__QADC01,VPH_PROJECT,VPH_COSTADJ_ACCT,VPH_COSTADJ_SUB,VPH_COSTADJ_CC,VPH_DSCR_ACCT,VPH_DSCR_SUB,VPH_DSCR_CC,VPH_SUB,VPH_ADJ_INV,VPH_ADJ_WIP,VPH_ADJ_AMT,VPH_DSCR_AMT,VPH_CF_ADJ_AMT,VPH_CF_DSCR_AMT,VPH_ADJ_PRV_CST,VPH_QOH_AT_ADJ,VPH_PVO_ID,VPH_PVOD_ID_LINE,VPH_DOMAIN,PROGRESS_RECID,current_timestamp(),,,,,,,,,,,,,,,,,,,,,,,,,,,,,,,,,,,,,,,,,,,,,,,,,,,,,,,,,,,,,,,,,,,,,,,,,,,,,,,,,,,,,,,,,,,,,,,,,,,,,,,,,,,,,,,,,,,,,,,,,,,,,,,,,,,,,,,,,,,,,,,,,,,,,,,,,,,,,,,,,,,,,,,,,,,,,,,,,,,,,
6,lh_bronze_sap_rise,fi,IFISLI,supplier_payment_history,,,,,AmountInCompanyCodeCurrency,,,DocumentDate,,,,GLAccount,CostCenter,AmountInCompanyCodeCurrency,,,WBSElementInternalID,GLAccount,GLAccount,CostCenter,GLAccount,GLAccount,CostCenter,GLAccount,,,AmountInCompanyCodeCurrency,AmountInCompanyCodeCurrency,AmountInCompanyCodeCurrency,AmountInCompanyCodeCurrency,,,,,CompanyCode,,LastChangeDateTime,,,,,,,,,,,,,,,,,,,,,,,,,,,,,,,,,,,,,,,,,,,,,,,,,,,,,,,,,,,,,,,,,,,,,,,,,,,,,,,,,,,,,,,,,,,,,,,,,,,,,,,,,,,,,,,,,,,,,,,,,,,,,,,,,,,,,,,,,,,,,,,,,,,,,,,,,,,,,,,,,,,,,,,,,,,,,Client,CreatedByUser,CreationDate,LastChangedByUser,LastChangeDate,DataSource,LogicalSystem,DataPackage,
6,lh_silver_erp,fi,universal_journal_entries,universal_journal_entries,account_id,cost_center_id,transaction_type,entry_date,effective_date,amount,reference,description,unit_base,user_id,project_id,error_flag,batch_id,currency_code,currency_amount,segment_id,line_number,exchange_rate,address_id,document_id,document_type,user_field_1,user_field_2,fx_indicator,sub_account,entered_currency_amount,entered_exchange_rate,exchange_rate_2,exchange_rate_type,entered_exchange_rate_2,source_description,company_code,record_id,last_updated_at,,,,,,,,,,,,,,,,,,,,,,,,,,,,,,,,,,,,,,,,,,,,,,,,,,,,,,,,,,,,,,,,,,,,,,,,,,,,,,,,,,,,,,,,,,,,,,,,,,,,,,,,,,,,,,,,,,,,,,,,,,,,,,,,,,,,,,,,,,,,,,,,,,,,,,,,,,,,,,,,,,,,,,,,,,,,,,,,,,,,,,,,
6,lh_bronze_qad1,fi,GLTR_HIST,universal_journal_entries,"COALESCE(GLTR_ACC, ' ')","COALESCE(GLTR_CTR, ' ')",GLTR_TR_TYPE,GLTR_ENT_DT,GLTR_EFF_DT,GLTR_AMT,"COALESCE(GLTR_REF, ' ')",GLTR_DESC,GLTR_UNB,"COALESCE(GLTR_USER, ' ')","COALESCE(GLTR_PROJECT, ' ')",GLTR_ERROR,"COALESCE(GLTR_BATCH, ' ')",UPPER(GLTR_CURR),GLTR_CURRAMT,"COALESCE(GLTR_ENTITY, ' ')",GLTR_LINE,GLTR_EX_RATE,"COALESCE(GLTR_ADDR, ' ')","COALESCE(GLTR_DOC, ' ')",GLTR_DOC_TYP,GLTR_USER1,GLTR_USER2,GLTR_FX_IND,GLTR_SUB,GLTR_ECUR_AMT,GLTR_EN_EXRATE,GLTR_EX_RATE2,GLTR_EX_RATETYPE,GLTR_EN_EXRATE2,GLTR_SRC_DESC,GLTR_DOMAIN,PROGRESS_RECID,current_timestamp(),,,,,,,,,,,,,,,,,,,,,,,,,,,,,,,,,,,,,,,,,,,,,,,,,,,,,,,,,,,,,,,,,,,,,,,,,,,,,,,,,,,,,,,,,,,,,,,,,,,,,,,,,,,,,,,,,,,,,,,,,,,,,,,,,,,,,,,,,,,,,,,,,,,,,,,,,,,,,,,,,,,,,,,,,,,,,,,,,,,,,,,,
6,lh_bronze_sap_rise,fi,IFIGLITM,universal_journal_entries,GLAccount,CostCenter,,DocumentDate,DocumentDate,AmountInCompanyCodeCurrency,,Description,,,WBSElementInternalID,,,TransactionCurrency,AmountInCompanyCodeCurrency,Segment,,,,,,,,,,AmountInCompanyCodeCurrency,,,,,Description,CompanyCode,,LastChangeDateTime,,,,,,,,,,,,,,,,,,,,,,,,,,,,,,,,,,,,,,,,,,,,,,,,,,,,,,,,,,,,,,,,,,,,,,,,,,,,,,,,,,,,,,,,,,,,,,,,,,,,,,,,,,,,,,,,,,,,,,,,,,,,,,,,,,,,,,,,,,,,,,,,,,,,,,,,,,,,,,,,,,,,,,,,,,,,,,,,Client,CreatedByUser,CreationDate,LastChangedByUser,LastChangeDate,DataSource,LogicalSystem,DataPackage,
6,lh_silver_erp,md,assets,assets,asset_id,description_1,description_2,description_3,description_short,brand,model,asset_type,asset_group,ip_address,plant_id,segment_id,department,cost_center_code,validity_flag,asset_status,acquisition_date,responsible_employee,license_plate,maintenance_frequency,depreciation_years,depreciation_start_year,last_depreciation_date,serial_number_1,serial_number_2,serial_number_3,serial_number_4,quantity_kg,quantity_m3,comment_index,gl_account_id,depreciation_gl_account_id,invoice_number,purchase_order_number,purchase_order_date,vendor_id,po_comment_index,company_id,registration_date,created_by,company_code,unit_of_measure_event,acquisition_cost,kilometers_driven,event_start,driver_name,pending_cost,cost_account_id,warranty_months,warranty_type,warranty_expiry_date,warranty_remarks,chr_field_01,chr_field_02,chr_field_03,chr_field_04,chr_field_05,date_field_01,date_field_02,date_field_03,date_field_04,date_field_05,bool_field_01,bool_field_02,bool_field_03,bool_field_04,bool_field_05,dec_field_01,dec_field_02,dec_field_03,dec_field_04,dec_field_05,record_id,last_updated_at,,,,,,,,,,,,,,,,,,,,,,,,,,,,,,,,,,,,,,,,,,,,,,,,,,,,,,,,,,,,,,,,,,,,,,,,,,,,,,,,,,,,,,,,,,,,,,,,,,,,,,,,,,,,,,,,,,,,,,,,,,,,,,,,,,,,,,,,,,,,,,,,
6,lh_bronze_qad1,md,XXASSX_MSTR,assets,"CAST(NULLIF(XXASSX_NBR, '') AS STRING)","NULLIF(`XXASSX_DESC##1`, '')","NULLIF(`XXASSX_DESC##2`, '')","NULLIF(`XXASSX_DESC##3`, '')","NULLIF(XXASSX_DESC_CUT, '')","NULLIF(XXASSX_MARK, '')","NULLIF(XXASSX_MODEL, '')","NULLIF(XXASSX_TYPE, '')","NULLIF(XXASSX_GROUP, '')","NULLIF(XXASSX_IP, '')","NULLIF(XXASSX_SITE, '')","NULLIF(XXASSX_ENTITY, '')","NULLIF(XXASSX_DEPT, '')","NULLIF(XXASSX_CC, '')","UPPER(NULLIF(XXASSX_VALID, ''))","NULLIF(XXASSX_STATUS, '')",CAST(XXASSX_DATE AS TIMESTAMP),"NULLIF(XXASSX_PERSON_CHARGE, '')","NULLIF(XXASSX_PLATES, '')","NULLIF(XXASSX_FREQ, '')",CAST(XXASSX_DEPCN AS INT),CAST(XXASSX_YEAR_DEPCN AS INT),CAST(XXASSX_LAST_DEPDAT AS TIMESTAMP),"NULLIF(`XXASSX_SERIES##1`, '')","NULLIF(`XXASSX_SERIES##2`, '')","NULLIF(`XXASSX_SERIES##3`, '')","NULLIF(`XXASSX_SERIES##4`, '')","CAST(XXASSX_QTY_KG AS DECIMAL(18,2))","CAST(XXASSX_QTY_M3 AS DECIMAL(18,2))",CAST(XXASSX_CMTINDX AS BIGINT),"NULLIF(XXASSX_ACC, '')","NULLIF(XXASSX_ACC_DEPCN, '')","NULLIF(XXASSX_INVOICE, '')","NULLIF(XXASSX_PO_NBR, '')",CAST(XXASSX_PO_DATE AS TIMESTAMP),"NULLIF(XXASSX_VEND, '')",CAST(XXASSX_PO_CMTINDX AS BIGINT),"NULLIF(XXASSX_CIA, '')",CAST(XXASSX_REG_DATE AS TIMESTAMP),"NULLIF(XXASSX_USERID, '')","NULLIF(XXASSX_DOMAIN, '')","NULLIF(XXASSX_UM_EVENT, '')","CAST(XXASSX_COST AS DECIMAL(18,2))","CAST(XXASSX_KM_ACT AS DECIMAL(18,2))","NULLIF(XXASSX_EVENT_INI, '')","NULLIF(XXASSX_DRIVER, '')","CAST(XXASSX_COST_PEND AS DECIMAL(18,2))","NULLIF(XXASSX_ACC_COST, '')",CAST(XXASSX_GUA AS INT),"NULLIF(XXASSX_GUA_TYPE, '')",CAST(XXASSX_GUA_DATE AS TIMESTAMP),"NULLIF(XXASSX_GUA_RMKS, '')","NULLIF(XXASSX__CHR01, '')","NULLIF(XXASSX__CHR02, '')","NULLIF(XXASSX__CHR03, '')","NULLIF(XXASSX__CHR04, '')","NULLIF(XXASSX__CHR05, '')",CAST(XXASSX__DTE01 AS TIMESTAMP),CAST(XXASSX__DTE02 AS TIMESTAMP),CAST(XXASSX__DTE03 AS TIMESTAMP),CAST(XXASSX__DTE04 AS TIMESTAMP),CAST(XXASSX__DTE05 AS TIMESTAMP),CAST(XXASSX__LOG01 AS BOOLEAN),CAST(XXASSX__LOG02 AS BOOLEAN),CAST(XXASSX__LOG03 AS BOOLEAN),CAST(XXASSX__LOG04 AS BOOLEAN),CAST(XXASSX__LOG05 AS BOOLEAN),"CAST(XXASSX__DEC01 AS DECIMAL(18,2))","CAST(XXASSX__DEC02 AS DECIMAL(18,2))","CAST(XXASSX__DEC03 AS DECIMAL(18,2))","CAST(XXASSX__DEC04 AS DECIMAL(18,2))","CAST(XXASSX__DEC05 AS DECIMAL(18,2))",CAST(PROGRESS_RECID AS BIGINT),current_timestamp(),,,,,,,,,,,,,,,,,,,,,,,,,,,,,,,,,,,,,,,,,,,,,,,,,,,,,,,,,,,,,,,,,,,,,,,,,,,,,,,,,,,,,,,,,,,,,,,,,,,,,,,,,,,,,,,,,,,,,,,,,,,,,,,,,,,,,,,,,,,,,,,,
6,lh_bronze_qad2,md,XXASSX_MSTR,assets,"CAST(NULLIF(XXASSX_NBR, '') AS STRING)","NULLIF(`XXASSX_DESC##1`, '')","NULLIF(`XXASSX_DESC##2`, '')","NULLIF(`XXASSX_DESC##3`, '')","NULLIF(XXASSX_DESC_CUT, '')","NULLIF(XXASSX_MARK, '')","NULLIF(XXASSX_MODEL, '')","NULLIF(XXASSX_TYPE, '')","NULLIF(XXASSX_GROUP, '')","NULLIF(XXASSX_IP, '')","NULLIF(XXASSX_SITE, '')","NULLIF(XXASSX_ENTITY, '')","NULLIF(XXASSX_DEPT, '')","NULLIF(XXASSX_CC, '')","UPPER(NULLIF(XXASSX_VALID, ''))","NULLIF(XXASSX_STATUS, '')",CAST(XXASSX_DATE AS TIMESTAMP),"NULLIF(XXASSX_PERSON_CHARGE, '')","NULLIF(XXASSX_PLATES, '')","NULLIF(XXASSX_FREQ, '')",CAST(XXASSX_DEPCN AS INT),CAST(XXASSX_YEAR_DEPCN AS INT),CAST(XXASSX_LAST_DEPDAT AS TIMESTAMP),"NULLIF(`XXASSX_SERIES##1`, '')","NULLIF(`XXASSX_SERIES##2`, '')","NULLIF(`XXASSX_SERIES##3`, '')","NULLIF(`XXASSX_SERIES##4`, '')","CAST(XXASSX_QTY_KG AS DECIMAL(18,2))","CAST(XXASSX_QTY_M3 AS DECIMAL(18,2))",CAST(XXASSX_CMTINDX AS BIGINT),"NULLIF(XXASSX_ACC, '')","NULLIF(XXASSX_ACC_DEPCN, '')","NULLIF(XXASSX_INVOICE, '')","NULLIF(XXASSX_PO_NBR, '')",CAST(XXASSX_PO_DATE AS TIMESTAMP),"NULLIF(XXASSX_VEND, '')",CAST(XXASSX_PO_CMTINDX AS BIGINT),"NULLIF(XXASSX_CIA, '')",CAST(XXASSX_REG_DATE AS TIMESTAMP),"NULLIF(XXASSX_USERID, '')","NULLIF(XXASSX_DOMAIN, '')","NULLIF(XXASSX_UM_EVENT, '')","CAST(XXASSX_COST AS DECIMAL(18,2))","CAST(XXASSX_KM_ACT AS DECIMAL(18,2))","NULLIF(XXASSX_EVENT_INI, '')","NULLIF(XXASSX_DRIVER, '')",0,'',CAST(XXASSX_GUA AS INT),"NULLIF(XXASSX_GUA_TYPE, '')",CAST(XXASSX_GUA_DATE AS TIMESTAMP),"NULLIF(XXASSX_GUA_RMKS, '')","NULLIF(XXASSX__CHR01, '')","NULLIF(XXASSX__CHR02, '')","NULLIF(XXASSX__CHR03, '')","NULLIF(XXASSX__CHR04, '')","NULLIF(XXASSX__CHR05, '')",CAST(XXASSX__DTE01 AS TIMESTAMP),CAST(XXASSX__DTE02 AS TIMESTAMP),CAST(XXASSX__DTE03 AS TIMESTAMP),CAST(XXASSX__DTE04 AS TIMESTAMP),CAST(XXASSX__DTE05 AS TIMESTAMP),CAST(XXASSX__LOG01 AS BOOLEAN),CAST(XXASSX__LOG02 AS BOOLEAN),CAST(XXASSX__LOG03 AS BOOLEAN),CAST(XXASSX__LOG04 AS BOOLEAN),CAST(XXASSX__LOG05 AS BOOLEAN),"CAST(XXASSX__DEC01 AS DECIMAL(18,2))","CAST(XXASSX__DEC02 AS DECIMAL(18,2))","CAST(XXASSX__DEC03 AS DECIMAL(18,2))","CAST(XXASSX__DEC04 AS DECIMAL(18,2))","CAST(XXASSX__DEC05 AS DECIMAL(18,2))",CAST(PROGRESS_RECID AS BIGINT),current_timestamp(),,,,,,,,,,,,,,,,,,,,,,,,,,,,,,,,,,,,,,,,,,,,,,,,,,,,,,,,,,,,,,,,,,,,,,,,,,,,,,,,,,,,,,,,,,,,,,,,,,,,,,,,,,,,,,,,,,,,,,,,,,,,,,,,,,,,,,,,,,,,,,,,
6,lh_bronze_sap_rise,md,IASHV,assets,,Description,Description,Description,Description,,,,,,Plant,Segment,,,,,DocumentDate,,,,,,DocumentDate,,,,,,,,GLAccount,GLAccount,,,DocumentDate,,,,DocumentDate,,CompanyCode,,,,,,,GLAccount,,,DocumentDate,,,,,,,DocumentDate,DocumentDate,DocumentDate,DocumentDate,DocumentDate,,,,,,,,,,,,LastChangeDateTime,,,,,,,,,,,,,,,,,,,,,,,,,,,,,,,,,,,,,,,,,,,,,,,,,,,,,,,,,,,,,,,,,,,,,,,,,,,,,,,,,,,,,,,,,,,,,,,,,,,,,,,,,,,,,,,,,,,,,,,,,,,,,,,,,,,,,,,,Client,CreatedByUser,CreationDate,LastChangedByUser,LastChangeDate,DataSource,LogicalSystem,DataPackage,
7,lh_silver_erp,mm,outbound_delivery,outbound_delivery,ship_nbr,ship_ord_date,ship_ord_time,ship_emb_date,ship_emb_time,ship_rec_date,ship_rec_time,ship_carrier,ship_truck,ship_driver,ship_assistant,ship_notes_1,ship_notes_2,ship_cap_qty,ship_chr04,ship_dec03,ship_dec04,ship_assx_nbr,ship_chr05,ship_chr06,ship_chr07,ship_dte01,ship_dte02,ship_dec05,ship_log02,ship_log03,company_code,record_id,last_updated_at,,,,,,,,,,,,,,,,,,,,,,,,,,,,,,,,,,,,,,,,,,,,,,,,,,,,,,,,,,,,,,,,,,,,,,,,,,,,,,,,,,,,,,,,,,,,,,,,,,,,,,,,,,,,,,,,,,,,,,,,,,,,,,,,,,,,,,,,,,,,,,,,,,,,,,,,,,,,,,,,,,,,,,,,,,,,,,,,,,,,,,,,,,,,,
7,lh_bronze_qad1,mm,XXSHIP_MSTR,outbound_delivery,XXSHIP_NBR,XXSHIP_ORD_DATE,XXSHIP_ORD_TIME,XXSHIP_EMB_DATE,XXSHIP_EMB_TIME,XXSHIP_REC_DATE,XXSHIP_REC_TIME,XXSHIP_CARRIER,XXSHIP_TRUCK,XXSHIP_DRIVER,XXSHIP_ASSISTANT,`XXSHIP_NOTES##1`,`XXSHIP_NOTES##2`,XXSHIP_CAP_QTY,XXSHIP__CHR04,XXSHIP__DEC03,XXSHIP__DEC04,XXSHIP_ASSX_NBR,XXSHIP__CHR05,XXSHIP__CHR06,XXSHIP__CHR07,XXSHIP__DTE01,XXSHIP__DTE02,XXSHIP__DEC05,XXSHIP__LOG02,XXSHIP__LOG03,XXSHIP_DOMAIN,PROGRESS_RECID,current_timestamp(),,,,,,,,,,,,,,,,,,,,,,,,,,,,,,,,,,,,,,,,,,,,,,,,,,,,,,,,,,,,,,,,,,,,,,,,,,,,,,,,,,,,,,,,,,,,,,,,,,,,,,,,,,,,,,,,,,,,,,,,,,,,,,,,,,,,,,,,,,,,,,,,,,,,,,,,,,,,,,,,,,,,,,,,,,,,,,,,,,,,,,,,,,,,,
7,lh_bronze_qad2,mm,XXSHIP_MSTR,outbound_delivery,XXSHIP_NBR,XXSHIP_ORD_DATE,XXSHIP_ORD_TIME,XXSHIP_EMB_DATE,XXSHIP_EMB_TIME,XXSHIP_REC_DATE,XXSHIP_REC_TIME,XXSHIP_CARRIER,XXSHIP_TRUCK,XXSHIP_DRIVER,XXSHIP_ASSISTANT,`XXSHIP_NOTES##1`,`XXSHIP_NOTES##2`,XXSHIP_CAP_QTY,XXSHIP__CHR04,XXSHIP__DEC03,XXSHIP__DEC04,XXSHIP_ASSX_NBR,XXSHIP__CHR05,XXSHIP__CHR06,XXSHIP__CHR07,XXSHIP__DTE01,XXSHIP__DTE02,XXSHIP__DEC05,XXSHIP__LOG02,XXSHIP__LOG03,XXSHIP_DOMAIN,PROGRESS_RECID,current_timestamp(),,,,,,,,,,,,,,,,,,,,,,,,,,,,,,,,,,,,,,,,,,,,,,,,,,,,,,,,,,,,,,,,,,,,,,,,,,,,,,,,,,,,,,,,,,,,,,,,,,,,,,,,,,,,,,,,,,,,,,,,,,,,,,,,,,,,,,,,,,,,,,,,,,,,,,,,,,,,,,,,,,,,,,,,,,,,,,,,,,,,,,,,,,,,,
7,lh_bronze_sap_rise,mm,IDELIVDOC,outbound_delivery,,DocumentDate,,DocumentDate,,DocumentDate,,,,,,,,,,,,,,,,,,,,,CompanyCode,,LastChangeDateTime,,,,,,,,,,,,,,,,,,,,,,,,,,,,,,,,,,,,,,,,,,,,,,,,,,,,,,,,,,,,,,,,,,,,,,,,,,,,,,,,,,,,,,,,,,,,,,,,,,,,,,,,,,,,,,,,,,,,,,,,,,,,,,,,,,,,,,,,,,,,,,,,,,,,,,,,,,,,,,,,,,,,,,,,,,,,,,,,,,,,,Client,CreatedByUser,CreationDate,LastChangedByUser,LastChangeDate,DataSource,LogicalSystem,DataPackage,
7,lh_silver_erp,mm,outbound_delivery_items,outbound_delivery_items,shipd_nbr,shipd_seq,shipd_doc,shipd_site,shipd_doc_date,shipd_addr,shipd_city,shipd_qty_ship,shipd_userid,shipd_dec01,shipd_dec02,shipd_chr01,shipd_chr02,shipd_log01,shipd_qty_kg,shipd_type,company_code,record_id,last_updated_at,,,,,,,,,,,,,,,,,,,,,,,,,,,,,,,,,,,,,,,,,,,,,,,,,,,,,,,,,,,,,,,,,,,,,,,,,,,,,,,,,,,,,,,,,,,,,,,,,,,,,,,,,,,,,,,,,,,,,,,,,,,,,,,,,,,,,,,,,,,,,,,,,,,,,,,,,,,,,,,,,,,,,,,,,,,,,,,,,,,,,,,,,,,,,,,,,,,,,,,
7,lh_bronze_qad1,mm,XXSHIPD_DET,outbound_delivery_items,XXSHIPD_NBR,XXSHIPD_SEQ,XXSHIPD_DOC,XXSHIPD_SITE,XXSHIPD_DOC_DATE,XXSHIPD_ADDR,XXSHIPD_CITY,XXSHIPD_QTY_SHIP,XXSHIPD_USERID,XXSHIPD__DEC01,XXSHIPD__DEC02,XXSHIPD__CHR01,XXSHIPD__CHR02,XXSHIPD__LOG01,XXSHIPD_QTY_KG,XXSHIPD_TYPE,XXSHIPD_DOMAIN,PROGRESS_RECID,current_timestamp(),,,,,,,,,,,,,,,,,,,,,,,,,,,,,,,,,,,,,,,,,,,,,,,,,,,,,,,,,,,,,,,,,,,,,,,,,,,,,,,,,,,,,,,,,,,,,,,,,,,,,,,,,,,,,,,,,,,,,,,,,,,,,,,,,,,,,,,,,,,,,,,,,,,,,,,,,,,,,,,,,,,,,,,,,,,,,,,,,,,,,,,,,,,,,,,,,,,,,,,
7,lh_bronze_qad2,mm,XXSHIPD_DET,outbound_delivery_items,XXSHIPD_NBR,XXSHIPD_SEQ,XXSHIPD_DOC,XXSHIPD_SITE,XXSHIPD_DOC_DATE,XXSHIPD_ADDR,XXSHIPD_CITY,XXSHIPD_QTY_SHIP,XXSHIPD_USERID,XXSHIPD__DEC01,XXSHIPD__DEC02,XXSHIPD__CHR01,XXSHIPD__CHR02,XXSHIPD__LOG01,XXSHIPD_QTY_KG,XXSHIPD_TYPE,XXSHIPD_DOMAIN,PROGRESS_RECID,current_timestamp(),,,,,,,,,,,,,,,,,,,,,,,,,,,,,,,,,,,,,,,,,,,,,,,,,,,,,,,,,,,,,,,,,,,,,,,,,,,,,,,,,,,,,,,,,,,,,,,,,,,,,,,,,,,,,,,,,,,,,,,,,,,,,,,,,,,,,,,,,,,,,,,,,,,,,,,,,,,,,,,,,,,,,,,,,,,,,,,,,,,,,,,,,,,,,,,,,,,,,,,
7,lh_bronze_sap_rise,mm,IDELIVERYDOCUMENTITEM,outbound_delivery_items,,,,,DocumentDate,,,,,,,,,,,,CompanyCode,,LastChangeDateTime,,,,,,,,,,,,,,,,,,,,,,,,,,,,,,,,,,,,,,,,,,,,,,,,,,,,,,,,,,,,,,,,,,,,,,,,,,,,,,,,,,,,,,,,,,,,,,,,,,,,,,,,,,,,,,,,,,,,,,,,,,,,,,,,,,,,,,,,,,,,,,,,,,,,,,,,,,,,,,,,,,,,,,,,,,,,,,,,,,,,,,,,,,,,,,,Client,CreatedByUser,CreationDate,LastChangedByUser,LastChangeDate,DataSource,LogicalSystem,DataPackage,
7,lh_silver_erp,mm,outbound_delivery_items2,outbound_delivery_items2,shipment_number,sequence_number,delivery_document,comment_line_1,comment_line_2,comment_line_3,comment_line_4,comment_line_5,ship_dec01,ship_dec02,ship_log01,ship_log02,ship_dte01,ship_dte02,ship_chr01,ship_chr02,company_code,record_id,last_updated_at,,,,,,,,,,,,,,,,,,,,,,,,,,,,,,,,,,,,,,,,,,,,,,,,,,,,,,,,,,,,,,,,,,,,,,,,,,,,,,,,,,,,,,,,,,,,,,,,,,,,,,,,,,,,,,,,,,,,,,,,,,,,,,,,,,,,,,,,,,,,,,,,,,,,,,,,,,,,,,,,,,,,,,,,,,,,,,,,,,,,,,,,,,,,,,,,,,,,,,,
7,lh_bronze_qad1,mm,XXSHIPD2_DET,outbound_delivery_items2,XXSHIPD2_NBR,XXSHIPD2_SEQ,XXSHIPD2_DOC,`XXSHIPD2_CMMT##1`,`XXSHIPD2_CMMT##2`,`XXSHIPD2_CMMT##3`,`XXSHIPD2_CMMT##4`,`XXSHIPD2_CMMT##5`,XXSHIPD2__DEC01,XXSHIPD2__DEC02,XXSHIPD2__LOG01,XXSHIPD2__LOG02,XXSHIPD2__DTE01,XXSHIPD2__DTE02,XXSHIPD2__CHR01,XXSHIPD2__CHR02,XXSHIPD2_DOMAIN,PROGRESS_RECID,current_timestamp(),,,,,,,,,,,,,,,,,,,,,,,,,,,,,,,,,,,,,,,,,,,,,,,,,,,,,,,,,,,,,,,,,,,,,,,,,,,,,,,,,,,,,,,,,,,,,,,,,,,,,,,,,,,,,,,,,,,,,,,,,,,,,,,,,,,,,,,,,,,,,,,,,,,,,,,,,,,,,,,,,,,,,,,,,,,,,,,,,,,,,,,,,,,,,,,,,,,,,,,
7,lh_bronze_qad2,mm,XXSHIPD2_DET,outbound_delivery_items2,XXSHIPD2_NBR,XXSHIPD2_SEQ,XXSHIPD2_DOC,`XXSHIPD2_CMMT##1`,`XXSHIPD2_CMMT##2`,`XXSHIPD2_CMMT##3`,`XXSHIPD2_CMMT##4`,`XXSHIPD2_CMMT##5`,XXSHIPD2__DEC01,XXSHIPD2__DEC02,XXSHIPD2__LOG01,XXSHIPD2__LOG02,XXSHIPD2__DTE01,XXSHIPD2__DTE02,XXSHIPD2__CHR01,XXSHIPD2__CHR02,XXSHIPD2_DOMAIN,PROGRESS_RECID,current_timestamp(),,,,,,,,,,,,,,,,,,,,,,,,,,,,,,,,,,,,,,,,,,,,,,,,,,,,,,,,,,,,,,,,,,,,,,,,,,,,,,,,,,,,,,,,,,,,,,,,,,,,,,,,,,,,,,,,,,,,,,,,,,,,,,,,,,,,,,,,,,,,,,,,,,,,,,,,,,,,,,,,,,,,,,,,,,,,,,,,,,,,,,,,,,,,,,,,,,,,,,,
7,lh_bronze_sap_rise,mm,IDELIVERYDOCUMENTITEM,outbound_delivery_items2,,,,,,,,,,,,,,,,,CompanyCode,,LastChangeDateTime,,,,,,,,,,,,,,,,,,,,,,,,,,,,,,,,,,,,,,,,,,,,,,,,,,,,,,,,,,,,,,,,,,,,,,,,,,,,,,,,,,,,,,,,,,,,,,,,,,,,,,,,,,,,,,,,,,,,,,,,,,,,,,,,,,,,,,,,,,,,,,,,,,,,,,,,,,,,,,,,,,,,,,,,,,,,,,,,,,,,,,,,,,,,,,,Client,CreatedByUser,CreationDate,LastChangedByUser,LastChangeDate,DataSource,LogicalSystem,DataPackage,
7,lh_silver_erp,mm,rejection_items,rejection_items,rejection_number,request_number,vendor_address,created_at,created_by,document_status,origin,lot_or_serial_number,vendor_lot_number,remarks,size_description,defect_code,part_type,quantity,presentation,vendor_dictum,location_code,is_cancelled,reference_number,voucher_number,plant,receiver_name,material_code,comment_01,transaction_number,is_finished,comment_02,is_collected,ncr_number,link_url,comment_03,comment_04,comment_05,dec_01,dec_02,dec_03,dec_04,dec_05,finished_date,cancelled_date,company_code,record_id,last_updated_at,,,,,,,,,,,,,,,,,,,,,,,,,,,,,,,,,,,,,,,,,,,,,,,,,,,,,,,,,,,,,,,,,,,,,,,,,,,,,,,,,,,,,,,,,,,,,,,,,,,,,,,,,,,,,,,,,,,,,,,,,,,,,,,,,,,,,,,,,,,,,,,,,,,,,,,,,,,,,,,,,,,,,,,,,,,,,,,
7,lh_bronze_qad1,mm,XXRJCTD_DET,rejection_items,XXRJCTD_NBR,XXRJCTD_REQ_NBR,XXRJCTD_VD_ADDR,XXRJCTD_CREATE_DATE,XXRJCTD_USERID,XXRJCTD_STATUS,XXRJCTD_ORIGIN,XXRJCTD_LOT_SER,XXRJCTD_VD_LOT,XXRJCTD_REM,XXRJCTD_SIZE,XXRJCTD_DEFECT,XXRJCTD_PT_TYPE,XXRJCTD_QTY,XXRJCTD_PRESENTATION,XXRJCTD_VD_DICTUM,XXRJCTD_LOC,XXRJCTD_CANCELLED,XXRJCTD_REFERENCE,XXRJCTD_VOUCHER,XXRJCTD_SITE,XXRJCTD_RECEIVER,XXRJCTD_PART,XXRJCTD_CMMT,XXRJCTD_TRNBR,XXRJCTD_FINISHED,XXRJCTD_CMMT2,XXRJCTD_ISCOLLECTED,XXRJCTD_NCR,XXRJCTD_LINK,XXRJCTD_CMMT3,XXRJCTD_CMMT4,XXRJCTD_CMMT5,XXRJCTD_DEC01,XXRJCTD_DEC02,XXRJCTD_DEC03,XXRJCTD_DEC04,XXRJCTD_DEC05,XXRJCTD_FINISHED_DATE,XXRJCTD_CANCELLED_DATE,XXRJCTD_DOMAIN,PROGRESS_RECID,current_timestamp(),,,,,,,,,,,,,,,,,,,,,,,,,,,,,,,,,,,,,,,,,,,,,,,,,,,,,,,,,,,,,,,,,,,,,,,,,,,,,,,,,,,,,,,,,,,,,,,,,,,,,,,,,,,,,,,,,,,,,,,,,,,,,,,,,,,,,,,,,,,,,,,,,,,,,,,,,,,,,,,,,,,,,,,,,,,,,,,
7,lh_bronze_qad2,mm,XXRJCTD_DET,rejection_items,XXRJCTD_NBR,XXRJCTD_REQ_NBR,XXRJCTD_VD_ADDR,XXRJCTD_CREATE_DATE,XXRJCTD_USERID,XXRJCTD_STATUS,XXRJCTD_ORIGIN,XXRJCTD_LOT_SER,XXRJCTD_VD_LOT,XXRJCTD_REM,XXRJCTD_SIZE,XXRJCTD_DEFECT,XXRJCTD_PT_TYPE,XXRJCTD_QTY,XXRJCTD_PRESENTATION,XXRJCTD_VD_DICTUM,XXRJCTD_LOC,XXRJCTD_CANCELLED,XXRJCTD_REFERENCE,XXRJCTD_VOUCHER,XXRJCTD_SITE,XXRJCTD_RECEIVER,XXRJCTD_PART,XXRJCTD_CMMT,XXRJCTD_TRNBR,XXRJCTD_FINISHED,XXRJCTD_CMMT2,XXRJCTD_ISCOLLECTED,XXRJCTD_NCR,XXRJCTD_LINK,XXRJCTD_CMMT3,XXRJCTD_CMMT4,XXRJCTD_CMMT5,XXRJCTD_DEC01,XXRJCTD_DEC02,XXRJCTD_DEC03,XXRJCTD_DEC04,XXRJCTD_DEC05,XXRJCTD_FINISHED_DATE,XXRJCTD_CANCELLED_DATE,XXRJCTD_DOMAIN,PROGRESS_RECID,current_timestamp(),,,,,,,,,,,,,,,,,,,,,,,,,,,,,,,,,,,,,,,,,,,,,,,,,,,,,,,,,,,,,,,,,,,,,,,,,,,,,,,,,,,,,,,,,,,,,,,,,,,,,,,,,,,,,,,,,,,,,,,,,,,,,,,,,,,,,,,,,,,,,,,,,,,,,,,,,,,,,,,,,,,,,,,,,,,,,,,
7,lh_bronze_sap_rise,mm,IRETURNDELIVERYITEM,rejection_items,,,,,,,,,,,Description,,,,,,,,,,,,,,,,,,,,,,,,,,,,DocumentDate,DocumentDate,CompanyCode,,LastChangeDateTime,,,,,,,,,,,,,,,,,,,,,,,,,,,,,,,,,,,,,,,,,,,,,,,,,,,,,,,,,,,,,,,,,,,,,,,,,,,,,,,,,,,,,,,,,,,,,,,,,,,,,,,,,,,,,,,,,,,,,,,,,,,,,,,,,,,,,,,,,,,,,,,,,,,,,,,,,,,,,,,,,,,,,,,Client,CreatedByUser,CreationDate,LastChangedByUser,LastChangeDate,DataSource,LogicalSystem,DataPackage,
7,lh_silver_erp,mm,rejections,rejections,rejection_number,attention_name,attention_title,responsible_person,vendor_comment,rejection_comment,return_date,receipt_number,created_at,created_by,modified_at,modified_by,attachment_path,is_finished,observations,is_collected,user_field_1,user_field_2,user_field_3,char_01,char_02,char_03,char_04,char_05,date_01,date_02,date_03,decimal_01,decimal_02,decimal_03,flag_01,flag_02,flag_03,finished_date,cancelled_date,company_code,record_id,last_updated_at,,,,,,,,,,,,,,,,,,,,,,,,,,,,,,,,,,,,,,,,,,,,,,,,,,,,,,,,,,,,,,,,,,,,,,,,,,,,,,,,,,,,,,,,,,,,,,,,,,,,,,,,,,,,,,,,,,,,,,,,,,,,,,,,,,,,,,,,,,,,,,,,,,,,,,,,,,,,,,,,,,,,,,,,,,,,,,,,,,,,
7,lh_bronze_qad1,mm,XXRJCT_MSTR,rejections,XXRJCT_NBR,XXRJCT_ATN,XXRJCT_ATN_TITLE,XXRJCT_RESP,XXRJCT_VD_CMMT,XXRJCT_CMMT,XXRJCT_RETURN_DATE,XXRJCT_RECEIPT,XXRJCT_CREATE_DATE,XXRJCT_CREATE_USERID,XXRJCT_MODIFY_DATE,XXRJCT_MODIFY_USERID,XXRJCT_FILE,XXRJCT_FINISHED,XXRJCT_OBS,XXRJCT_ISCOLLECTED,XXRJCT_USER1,XXRJCT_USER2,XXRJCT_USER3,XXRJCT__CHR01,XXRJCT__CHR02,XXRJCT__CHR03,XXRJCT__CHR04,XXRJCT__CHR05,XXRJCT__DTE01,XXRJCT__DTE02,XXRJCT__DTE03,XXRJCT__DEC01,XXRJCT__DEC02,XXRJCT__DEC03,XXRJCT__LOG01,XXRJCT__LOG02,XXRJCT__LOG03,XXRJCT_FINISHED_DATE,XXRJCT_CANCELLED_DATE,XXRJCT_DOMAIN,PROGRESS_RECID,current_timestamp(),,,,,,,,,,,,,,,,,,,,,,,,,,,,,,,,,,,,,,,,,,,,,,,,,,,,,,,,,,,,,,,,,,,,,,,,,,,,,,,,,,,,,,,,,,,,,,,,,,,,,,,,,,,,,,,,,,,,,,,,,,,,,,,,,,,,,,,,,,,,,,,,,,,,,,,,,,,,,,,,,,,,,,,,,,,,,,,,,,,,
7,lh_bronze_qad2,mm,XXRJCT_MSTR,rejections,XXRJCT_NBR,XXRJCT_ATN,XXRJCT_ATN_TITLE,XXRJCT_RESP,XXRJCT_VD_CMMT,XXRJCT_CMMT,XXRJCT_RETURN_DATE,XXRJCT_RECEIPT,XXRJCT_CREATE_DATE,XXRJCT_CREATE_USERID,XXRJCT_MODIFY_DATE,XXRJCT_MODIFY_USERID,XXRJCT_FILE,XXRJCT_FINISHED,XXRJCT_OBS,XXRJCT_ISCOLLECTED,XXRJCT_USER1,XXRJCT_USER2,XXRJCT_USER3,XXRJCT__CHR01,XXRJCT__CHR02,XXRJCT__CHR03,XXRJCT__CHR04,XXRJCT__CHR05,XXRJCT__DTE01,XXRJCT__DTE02,XXRJCT__DTE03,XXRJCT__DEC01,XXRJCT__DEC02,XXRJCT__DEC03,XXRJCT__LOG01,XXRJCT__LOG02,XXRJCT__LOG03,XXRJCT_FINISHED_DATE,XXRJCT_CANCELLED_DATE,XXRJCT_DOMAIN,PROGRESS_RECID,current_timestamp(),,,,,,,,,,,,,,,,,,,,,,,,,,,,,,,,,,,,,,,,,,,,,,,,,,,,,,,,,,,,,,,,,,,,,,,,,,,,,,,,,,,,,,,,,,,,,,,,,,,,,,,,,,,,,,,,,,,,,,,,,,,,,,,,,,,,,,,,,,,,,,,,,,,,,,,,,,,,,,,,,,,,,,,,,,,,,,,,,,,,
7,lh_bronze_sap_rise,mm,IRETURNDELIVERY,rejections,,,,,,,DocumentDate,,,,,,,,,,,,,,,,,,DocumentDate,DocumentDate,DocumentDate,,,,,,,DocumentDate,DocumentDate,CompanyCode,,LastChangeDateTime,,,,,,,,,,,,,,,,,,,,,,,,,,,,,,,,,,,,,,,,,,,,,,,,,,,,,,,,,,,,,,,,,,,,,,,,,,,,,,,,,,,,,,,,,,,,,,,,,,,,,,,,,,,,,,,,,,,,,,,,,,,,,,,,,,,,,,,,,,,,,,,,,,,,,,,,,,,,,,,,,,,,,,,,,,,,Client,CreatedByUser,CreationDate,LastChangedByUser,LastChangeDate,DataSource,LogicalSystem,DataPackage,
7,lh_silver_erp,sd,invoice_items,invoice_items,billing_document,sales_order_id,item_number,material,item_description,uom,uom_conversion_factor,lot_number,serial_number,ordered_quantity,allocated_quantity,picked_quantity,shipped_quantity,invoiced_quantity,quantity_change,backorder_change,quoted_quantity,item_quantity,quantity_per,quantity_consumed,quantity_returned,quantity_pending,quantity_exchanged,item_price,list_price,actual_price,retro_price,standard_cost,discount_rate,requested_delivery_date,payment_due_date,posting_period_date,expiration_date,sob_revision_date,warranty_start_date,pick_date,start_effective_date_1,start_effective_date_2,start_effective_date_3,start_effective_date_4,end_effective_date_1,end_effective_date_2,end_effective_date_3,end_effective_date_4,cumulative_date_1,cumulative_date_2,cumulative_date_3,cumulative_date_4,expected_delivery_date,promise_date,last_modified_date,pricing_date,tax_code,tax_usage,tax_environment,tax_max_amount,tax_included_flag,storage_location_id,to_storage_location,plant_id,to_plant_id,dock,freight_rate,freight_weight,freight_weight_unit,freight_class,freight_charge,freight_price_list,taxable_flag,abnormal_flag,sob_standard_flag,consume_flag,posted_flag,calc_isb_flag,auto_ins_flag,override_limit,partial_delivery_flag,schedule_mrp_flag,schedule_flag,schedule_changed_flag,update_isb_flag,fixed_price_flag,gl_account,cost_center,discount_gl_account,discount_cost_center,project_code,contract_id,reference_number,line_reference,to_reference,for_code,fixed_asset_number,customer_material_number,outbound_po_number,customer_account_number,customer_account_line,cumulative_quantity_1,cumulative_quantity_2,cumulative_quantity_3,cumulative_quantity_4,current_release_id_1,current_release_id_2,current_release_id_3,release_number,schedule_data,order_multiple,transfer_lead_time,transfer_lead_time_hours,raw_days,fab_days,rbkt_days,rbkt_weeks,rbkt_months,sales_employee_1,sales_employee_2,sales_employee_3,sales_employee_4,addl_sales_employee_1,addl_sales_employee_2,addl_sales_employee_3,commission_pct_1,commission_pct_2,commission_pct_3,commission_pct_4,extra_commission_pct_1,extra_commission_pct_2,sales_representative,item_type,item_status,owner,rma_type,foreign_serial,sales_division,model_year,customer_reference,bonus,btb_type,btb_po_number,btb_pod_line,btb_vendor,config_type,planning_priority,priority_group_1,priority_group_2,sub_code,dsc_project,dsc_sub,sales_agreement_number,fsm_type,end_user,isb_location,isb_reference,ship_to_id,fixed_price_amount,inventory_cost,package_code,service_code,price_list,schedule_data_dup,item_comment_1,item_comment_2,item_comment_3,item_comment_4,item_comment_5,user_field_1,user_field_2,comment_index,udf_char_01,udf_char_02,udf_char_03,udf_char_04,udf_char_05,udf_char_06,udf_char_07,udf_char_08,udf_char_09,udf_char_10,udf_date_01,udf_date_02,udf_date_03,udf_decimal_01,udf_decimal_02,udf_decimal_03,udf_decimal_04,udf_decimal_05,udf_flag_01,company_code,record_id,last_updated_at,,,,,,,,,,,,,,,,,,,,,,,,,,,,
7,lh_bronze_qad1,sd,IDH_HIST,invoice_items,IDH_INV_NBR,IDH_NBR,IDH_LINE,IDH_PART,IDH_DESC,IDH_UM,IDH_UM_CONV,IDH_LOT,IDH_SERIAL,IDH_QTY_ORD,IDH_QTY_ALL,IDH_QTY_PICK,IDH_QTY_SHIP,IDH_QTY_INV,IDH_QTY_CHG,IDH_BO_CHG,IDH_QTY_QOTE,IDH_QTY_ITEM,IDH_QTY_PER,IDH_QTY_CONS,IDH_QTY_RET,IDH_QTY_PEND,IDH_QTY_EXCH,IDH_PRICE,IDH_LIST_PR,IDH_ACT_PRICE,IDH_RETRO_PRICE,IDH_STD_COST,IDH_DISC_PCT,IDH_REQ_DATE,IDH_DUE_DATE,IDH_PER_DATE,IDH_EXPIRE,IDH_SOB_REV,IDH_WARR_START,IDH_PICKDATE,`IDH_START_EFF##1`,`IDH_START_EFF##2`,`IDH_START_EFF##3`,`IDH_START_EFF##4`,`IDH_END_EFF##1`,`IDH_END_EFF##2`,`IDH_END_EFF##3`,`IDH_END_EFF##4`,`IDH_CUM_DATE##1`,`IDH_CUM_DATE##2`,`IDH_CUM_DATE##3`,`IDH_CUM_DATE##4`,IDH_EXP_DEL,IDH_PROMISE_DATE,IDH_MOD_DATE,IDH_PRICING_DT,IDH_TAXC,IDH_TAX_USAGE,IDH_TAX_ENV,IDH_TAX_MAX,IDH_TAX_IN,IDH_LOC,IDH_TO_LOC,IDH_SITE,IDH_TO_SITE,IDH_DOCK,IDH_FR_RATE,IDH_FR_WT,IDH_FR_WT_UM,IDH_FR_CLASS,IDH_FR_CHG,IDH_FR_LIST,IDH_TAXABLE,IDH_ABNORMAL,IDH_SOB_STD,IDH_CONSUME,IDH_PST,IDH_CALC_ISB,IDH_AUTO_INS,IDH_OVERRIDE_LMT,IDH_PARTIAL,IDH_SCH_MRP,IDH_SCHED,IDH_SCHED_CHGD,IDH_UPD_ISB,IDH_FIX_PR,IDH_ACCT,IDH_CC,IDH_DSC_ACCT,IDH_DSC_CC,IDH_PROJECT,IDH_CONTR_ID,IDH_REF,IDH_LN_REF,IDH_TO_REF,IDH_FOR,IDH_FA_NBR,IDH_CUSTPART,IDH_OUT_PO,IDH_CA_NBR,IDH_CA_LINE,`IDH_CUM_QTY##1`,`IDH_CUM_QTY##2`,`IDH_CUM_QTY##3`,`IDH_CUM_QTY##4`,`IDH_CURR_RLSE_ID##1`,`IDH_CURR_RLSE_ID##2`,`IDH_CURR_RLSE_ID##3`,IDH_RLSE_NBR,IDH_SCH_DATA,IDH_ORD_MULT,IDH_TRANS_LT,IDH_TRANSLT_HRS,IDH_RAW_DAYS,IDH_FAB_DAYS,IDH_RBKT_DAYS,IDH_RBKT_WEEKS,IDH_RBKT_MTHS,`IDH_SLSPSN##1`,`IDH_SLSPSN##2`,`IDH_SLSPSN##3`,`IDH_SLSPSN##4`,`IDH_XSLSPSN##1`,`IDH_XSLSPSN##2`,`IDH_XSLSPSN##3`,`IDH_COMM_PCT##1`,`IDH_COMM_PCT##2`,`IDH_COMM_PCT##3`,`IDH_COMM_PCT##4`,`IDH_XCOMM_PCT##1`,`IDH_XCOMM_PCT##2`,IDH_CONREP,IDH_TYPE,IDH_STATUS,IDH_OWNER,IDH_RMA_TYPE,IDH_FOR_SERIAL,IDH_DIV,IDH_MODELYR,IDH_CUSTREF,IDH_BONUS,IDH_BTB_TYPE,IDH_BTB_PO,IDH_BTB_POD_LINE,IDH_BTB_VEND,IDH_CFG_TYPE,IDH_PL_PRIORITY,IDH_PRIG1,IDH_PRIG2,IDH_SUB,IDH_DSC_PROJECT,IDH_DSC_SUB,IDH_SA_NBR,IDH_FSM_TYPE,IDH_ENDUSER,IDH_ISB_LOC,IDH_ISB_REF,IDH_SHIP,IDH_FIXED_PRICE,IDH_INV_COST,IDH_PKG_CODE,IDH_SV_CODE,IDH_PR_LIST,IDH_SCH_DATA,`IDH_COMMENT##1`,`IDH_COMMENT##2`,`IDH_COMMENT##3`,`IDH_COMMENT##4`,`IDH_COMMENT##5`,IDH_USER1,IDH_USER2,IDH_CMTINDX,IDH__CHR01,IDH__CHR02,IDH__CHR03,IDH__CHR04,IDH__CHR05,IDH__CHR06,IDH__CHR07,IDH__CHR08,IDH__CHR09,IDH__CHR10,IDH__DTE01,IDH__DTE02,IDH__DTE03,IDH__DEC01,IDH__DEC02,IDH__DEC03,IDH__DEC04,IDH__DEC05,IDH__LOG01,IDH_DOMAIN,PROGRESS_RECID,current_timestamp(),,,,,,,,,,,,,,,,,,,,,,,,,,,,
7,lh_bronze_sap_rise,sd,IBILLINGDOCUMENTITEM,invoice_items,,,,,Description,,,,,,,,,,,,,,,,,,,,,,,,,DocumentDate,DocumentDate,DocumentDate,DocumentDate,DocumentDate,DocumentDate,DocumentDate,DocumentDate,DocumentDate,DocumentDate,DocumentDate,DocumentDate,DocumentDate,DocumentDate,DocumentDate,DocumentDate,DocumentDate,DocumentDate,DocumentDate,DocumentDate,DocumentDate,DocumentDate,DocumentDate,,,,AmountInCompanyCodeCurrency,,,,Plant,Plant,,,,,,,,,,,,,,,,,,,,DocumentDate,,,,,,,,,,,,,,,Customer,Customer,,,,,,,,,,,,,,,,,,,,,,,,,,,,,,,,,,,,,,,,,,,,,,,,,,,,,,,,,,AmountInCompanyCodeCurrency,,,,,,,,,,,,,,,,,,,,,,,,DocumentDate,DocumentDate,DocumentDate,,,,,,,CompanyCode,,LastChangeDateTime,,,,,,,,,,,,,,,,,,,,Client,CreatedByUser,CreationDate,LastChangedByUser,LastChangeDate,DataSource,LogicalSystem,DataPackage,
7,lh_silver_erp,sd,invoices,invoices,billing_document,sales_order_id,sold_to_id,ship_to_id,bill_to_id,order_date,requested_delivery_date,payment_due_date,billing_date,shipment_date,tax_date,confirmation_date,cancellation_date,pricing_date,priced_date,last_modified_date,customer_po_number,customer_po_number_2,ship_po_number,quotation_number,sales_agreement_number,customer_account_number,header_text,document_type,document_status,user_field_1,user_field_2,user_id,price_list,price_list_2,discount_rate,tax_code,tax_environment,tax_usage,tax_rate_1,tax_rate_2,tax_rate_3,prepaid_amount,prepaid_tax_amount,currency_code,exchange_rate,exchange_rate_2,exchange_rate_type,exchange_rate_sequence,enterprise_exchange_rate,language_code,incoterms,shipping_method,plant_id,sales_channel,sales_division,gross_weight,weight_unit,package_size,size_unit,cartons_qty,bill_of_lading,freight_price_list,freight_terms,freight_min_weight,partial_delivery_flag,print_sales_order_flag,print_packing_list_flag,print_bill_of_lading_flag,ready_for_invoicing_flag,invoiced_flag,taxable_flag,posted_flag,schedule_flag,fixed_price_flag,fixed_rate_flag,ship_engineering_flag,ar_gl_account,ar_cost_center,ar_subaccount,sales_employee_1,sales_employee_2,sales_employee_3,sales_employee_4,addl_sales_employee_1,addl_sales_employee_2,commission_pct_1,commission_pct_2,commission_pct_3,commission_pct_4,extra_commission_pct_1,extra_commission_pct_2,sales_representative,surcharge_1_amount,surcharge_1_code,surcharge_2_amount,surcharge_2_code,surcharge_3_amount,surcharge_3_code,payment_terms,credit_card_code,credit_approved_by,credit_memo_flag,invoice_credit_reference,posting_percentage,posting_id,project_code,legacy_fst_id,udf_char_01,udf_char_02,udf_char_03,udf_char_04,udf_char_05,udf_char_06,udf_char_07,udf_char_08,udf_char_09,udf_char_10,udf_date_01,udf_date_02,udf_decimal_01,udf_decimal_02,udf_flag_01,source_system,export_batch,export_date,export_time_num,company_code,record_id,last_updated_at,,,,,,,,,,,,,,,,,,,,,,,,,,,,,,,,,,,,,,,,,,,,,,,,,,,,,,,,,,,,,,,,,,,,,,,,,,,,,,,,,,,,,,,,,,,,,
7,lh_bronze_qad1,sd,IH_HIST,invoices,IH_INV_NBR,IH_NBR,IH_CUST,IH_SHIP,IH_BILL,IH_ORD_DATE,IH_REQ_DATE,IH_DUE_DATE,IH_INV_DATE,IH_SHIP_DATE,IH_TAX_DATE,IH_CONF_DATE,IH_CNCL_DATE,IH_PRICING_DT,IH_PRICED_DT,IH_MOD_DATE,IH_PO,IH_CUST_PO,IH_SHIP_PO,IH_QUOTE,IH_SA_NBR,IH_CA_NBR,IH_RMKS,IH_TYPE,IH_STAT,IH_USER1,IH_USER2,IH_USERID,IH_PR_LIST,IH_PR_LIST2,IH_DISC_PCT,IH_TAXC,IH_TAX_ENV,IH_TAX_USAGE,`IH_TAX_PCT##1`,`IH_TAX_PCT##2`,`IH_TAX_PCT##3`,IH_PREPAID,IH_PREP_TAX,IH_CURR,IH_EX_RATE,IH_EX_RATE2,IH_EX_RATETYPE,IH_EXRU_SEQ,IH_ENT_EX,IH_LANG,IH_FOB,IH_SHIPVIA,IH_SITE,IH_CHANNEL,IH_DIV,IH_WEIGHT,IH_WEIGHT_UM,IH_SIZE,IH_SIZE_UM,IH_CARTONS,IH_BOL,IH_FR_LIST,IH_FR_TERMS,IH_FR_MIN_WT,IH_PARTIAL,IH_PRINT_SO,IH_PRINT_PL,IH_PRINT_BL,IH_TO_INV,IH_INVOICED,IH_TAXABLE,IH_PST,IH_SCHED,IH_FIX_PR,IH_FIX_RATE,IH_SHIP_ENG,IH_AR_ACCT,IH_AR_CC,IH_AR_SUB,`IH_SLSPSN##1`,`IH_SLSPSN##2`,`IH_SLSPSN##3`,`IH_SLSPSN##4`,`IH_XSLSPSN##1`,`IH_XSLSPSN##2`,`IH_COMM_PCT##1`,`IH_COMM_PCT##2`,`IH_COMM_PCT##3`,`IH_COMM_PCT##4`,`IH_XCOMM_PCT##1`,`IH_XCOMM_PCT##2`,IH_CONREP,IH_TRL1_AMT,IH_TRL1_CD,IH_TRL2_AMT,IH_TRL2_CD,IH_TRL3_AMT,IH_TRL3_CD,IH_CR_TERMS,IH_CR_CARD,IH_CR_INIT,IH_CREDIT,IH_INV_CR,IH_PST_PCT,IH_PST_ID,IH_PROJECT,IH_FST_ID,IH__CHR01,IH__CHR02,IH__CHR03,IH__CHR04,IH__CHR05,IH__CHR06,IH__CHR07,IH__CHR08,IH__CHR09,IH__CHR10,IH__DTE01,IH__DTE02,IH__DEC01,IH__DEC02,IH__LOG01,IH_SOURCE,IH_EXPORT_BATCH,IH_EXPORT_DATE,IH_EXPORT_TIME,IH_DOMAIN,PROGRESS_RECID,current_timestamp(),,,,,,,,,,,,,,,,,,,,,,,,,,,,,,,,,,,,,,,,,,,,,,,,,,,,,,,,,,,,,,,,,,,,,,,,,,,,,,,,,,,,,,,,,,,,,
7,lh_bronze_sap_rise,sd,IBILLINGDOC,invoices,,,,,,DocumentDate,DocumentDate,DocumentDate,DocumentDate,DocumentDate,DocumentDate,DocumentDate,DocumentDate,DocumentDate,DocumentDate,DocumentDate,,,,,,Customer,,,,,,,,,,,,,,,,AmountInCompanyCodeCurrency,AmountInCompanyCodeCurrency,TransactionCurrency,,,,,,,,,Plant,,,,,,,,,,,,,,,,,,,,,,,,,,,,,,,,,,,,,,,,AmountInCompanyCodeCurrency,,AmountInCompanyCodeCurrency,,AmountInCompanyCodeCurrency,,,,,,,,,,,,,,,,,,,,,DocumentDate,DocumentDate,,,,,,DocumentDate,,CompanyCode,,LastChangeDateTime,,,,,,,,,,,,,,,,,,,,,,,,,,,,,,,,,,,,,,,,,,,,,,,,,,,,,,,,,,,,,,,,,,,,,,,,,,,,,,,,,,,,,Client,CreatedByUser,CreationDate,LastChangedByUser,LastChangeDate,DataSource,LogicalSystem,DataPackage,
7,lh_silver_erp,sd,request_return,request_return,reference_number,created_at,document_type,reason_code,invoice_from,issuing_plant,receiving_plant,comment_01,comment_02,comment_03,document_status,authorization_date_1,authorization_date_2,char_01,char_02,char_03,char_04,flag_01,flag_02,flag_03,decimal_01,decimal_02,decimal_03,date_01,date_02,date_03,payment_terms,created_by,authorized_by_level1,authorized_by_level2,currency_code,company_code,record_id,last_updated_at,,,,,,,,,,,,,,,,,,,,,,,,,,,,,,,,,,,,,,,,,,,,,,,,,,,,,,,,,,,,,,,,,,,,,,,,,,,,,,,,,,,,,,,,,,,,,,,,,,,,,,,,,,,,,,,,,,,,,,,,,,,,,,,,,,,,,,,,,,,,,,,,,,,,,,,,,,,,,,,,,,,,,,,,,,,,,,,,,,,,,,,,
7,lh_bronze_qad1,sd,XXRFCRE_MSTR,request_return,XXRFCRE_NBR,XXRFCRE_DATE,XXRFCRE_TYPE,XXRFCRE_REASON,XXRFCRE_INV_FROM,XXRFCRE_SITE_IF,XXRFCRE_SITE_IN,`XXRFCRE_CMMT##1`,`XXRFCRE_CMMT##2`,`XXRFCRE_CMMT##3`,XXRFCRE_STATUS,XXRFCRE_DATE_AUTH1,XXRFCRE_DATE_AUTH2,XXRFCRE__CHR01,XXRFCRE__CHR02,XXRFCRE__CHR03,XXRFCRE__CHR04,XXRFCRE__LOG01,XXRFCRE__LOG02,XXRFCRE__LOG03,XXRFCRE__DEC01,XXRFCRE__DEC02,XXRFCRE__DEC03,XXRFCRE__DTE01,XXRFCRE__DTE02,XXRFCRE__DTE03,XXRFCRE_CR_TERMS,XXRFCRE_USERID,XXRFCRE_AUTH1_BY,XXRFCRE_AUTH2_BY,XXRFCRE_CURR,XXRFCRE_DOMAIN,PROGRESS_RECID,current_timestamp(),,,,,,,,,,,,,,,,,,,,,,,,,,,,,,,,,,,,,,,,,,,,,,,,,,,,,,,,,,,,,,,,,,,,,,,,,,,,,,,,,,,,,,,,,,,,,,,,,,,,,,,,,,,,,,,,,,,,,,,,,,,,,,,,,,,,,,,,,,,,,,,,,,,,,,,,,,,,,,,,,,,,,,,,,,,,,,,,,,,,,,,,
7,lh_bronze_qad2,sd,XXRFCRE_MSTR,request_return,XXRFCRE_NBR,XXRFCRE_DATE,XXRFCRE_TYPE,XXRFCRE_REASON,XXRFCRE_INV_FROM,XXRFCRE_SITE_IF,XXRFCRE_SITE_IN,`XXRFCRE_CMMT##1`,`XXRFCRE_CMMT##2`,`XXRFCRE_CMMT##3`,XXRFCRE_STATUS,XXRFCRE_DATE_AUTH1,XXRFCRE_DATE_AUTH2,XXRFCRE__CHR01,XXRFCRE__CHR02,XXRFCRE__CHR03,XXRFCRE__CHR04,XXRFCRE__LOG01,XXRFCRE__LOG02,XXRFCRE__LOG03,XXRFCRE__DEC01,XXRFCRE__DEC02,XXRFCRE__DEC03,XXRFCRE__DTE01,XXRFCRE__DTE02,XXRFCRE__DTE03,XXRFCRE_CR_TERMS,XXRFCRE_USERID,XXRFCRE_AUTH1_BY,XXRFCRE_AUTH2_BY,XXRFCRE_CURR,XXRFCRE_DOMAIN,PROGRESS_RECID,current_timestamp(),,,,,,,,,,,,,,,,,,,,,,,,,,,,,,,,,,,,,,,,,,,,,,,,,,,,,,,,,,,,,,,,,,,,,,,,,,,,,,,,,,,,,,,,,,,,,,,,,,,,,,,,,,,,,,,,,,,,,,,,,,,,,,,,,,,,,,,,,,,,,,,,,,,,,,,,,,,,,,,,,,,,,,,,,,,,,,,,,,,,,,,,
7,lh_bronze_sap_rise,sd,IRETURNDELIVERY,request_return,,,,,,,,,,,,DocumentDate,DocumentDate,,,,,,,,,,,DocumentDate,DocumentDate,DocumentDate,,,,,TransactionCurrency,CompanyCode,,LastChangeDateTime,,,,,,,,,,,,,,,,,,,,,,,,,,,,,,,,,,,,,,,,,,,,,,,,,,,,,,,,,,,,,,,,,,,,,,,,,,,,,,,,,,,,,,,,,,,,,,,,,,,,,,,,,,,,,,,,,,,,,,,,,,,,,,,,,,,,,,,,,,,,,,,,,,,,,,,,,,,,,,,,,,,,,,,,,,,,,,,,Client,CreatedByUser,CreationDate,LastChangedByUser,LastChangeDate,DataSource,LogicalSystem,DataPackage,
7,lh_silver_erp,sd,request_return_items,request_return_items,reference_number,line_number,material_code,serial_number,invoiced_quantity,rejected_quantity,received_quantity,credited_quantity,unit_price,credit_document_number,char_01,char_02,char_03,char_04,flag_01,flag_02,flag_03,decimal_01,decimal_02,decimal_03,date_01,date_02,date_03,company_code,record_id,last_updated_at,,,,,,,,,,,,,,,,,,,,,,,,,,,,,,,,,,,,,,,,,,,,,,,,,,,,,,,,,,,,,,,,,,,,,,,,,,,,,,,,,,,,,,,,,,,,,,,,,,,,,,,,,,,,,,,,,,,,,,,,,,,,,,,,,,,,,,,,,,,,,,,,,,,,,,,,,,,,,,,,,,,,,,,,,,,,,,,,,,,,,,,,,,,,,,,,
7,lh_bronze_qad1,sd,XXRFCRED_DET,request_return_items,XXRFCRED_NBR,XXRFCRED_LINE,XXRFCRED_PART,XXRFCRED_SERIAL,XXRFCRED_QTY_INV,XXRFCRED_QTY_REJ,XXRFCRED_QTY_REC,XXRFCRED_QTY_CRE,XXRFCRED_PRICE,XXRFCRED_CRE_NBR,XXRFCRED__CHR01,XXRFCRED__CHR02,XXRFCRED__CHR03,XXRFCRED__CHR04,XXRFCRED__LOG01,XXRFCRED__LOG02,XXRFCRED__LOG03,XXRFCRED__DEC01,XXRFCRED__DEC02,XXRFCRED__DEC03,XXRFCRED__DTE01,XXRFCRED__DTE02,XXRFCRED__DTE03,XXRFCRED_DOMAIN,PROGRESS_RECID,current_timestamp(),,,,,,,,,,,,,,,,,,,,,,,,,,,,,,,,,,,,,,,,,,,,,,,,,,,,,,,,,,,,,,,,,,,,,,,,,,,,,,,,,,,,,,,,,,,,,,,,,,,,,,,,,,,,,,,,,,,,,,,,,,,,,,,,,,,,,,,,,,,,,,,,,,,,,,,,,,,,,,,,,,,,,,,,,,,,,,,,,,,,,,,,,,,,,,,,
7,lh_bronze_qad2,sd,XXRFCRED_DET,request_return_items,XXRFCRED_NBR,XXRFCRED_LINE,XXRFCRED_PART,XXRFCRED_SERIAL,XXRFCRED_QTY_INV,XXRFCRED_QTY_REJ,XXRFCRED_QTY_REC,XXRFCRED_QTY_CRE,XXRFCRED_PRICE,XXRFCRED_CRE_NBR,XXRFCRED__CHR01,XXRFCRED__CHR02,XXRFCRED__CHR03,XXRFCRED__CHR04,XXRFCRED__LOG01,XXRFCRED__LOG02,XXRFCRED__LOG03,XXRFCRED__DEC01,XXRFCRED__DEC02,XXRFCRED__DEC03,XXRFCRED__DTE01,XXRFCRED__DTE02,XXRFCRED__DTE03,XXRFCRED_DOMAIN,PROGRESS_RECID,current_timestamp(),,,,,,,,,,,,,,,,,,,,,,,,,,,,,,,,,,,,,,,,,,,,,,,,,,,,,,,,,,,,,,,,,,,,,,,,,,,,,,,,,,,,,,,,,,,,,,,,,,,,,,,,,,,,,,,,,,,,,,,,,,,,,,,,,,,,,,,,,,,,,,,,,,,,,,,,,,,,,,,,,,,,,,,,,,,,,,,,,,,,,,,,,,,,,,,,
7,lh_bronze_sap_rise,sd,IRETURNDELIVERYITEM,request_return_items,,,,,,,,,,,,,,,,,,,,,DocumentDate,DocumentDate,DocumentDate,CompanyCode,,LastChangeDateTime,,,,,,,,,,,,,,,,,,,,,,,,,,,,,,,,,,,,,,,,,,,,,,,,,,,,,,,,,,,,,,,,,,,,,,,,,,,,,,,,,,,,,,,,,,,,,,,,,,,,,,,,,,,,,,,,,,,,,,,,,,,,,,,,,,,,,,,,,,,,,,,,,,,,,,,,,,,,,,,,,,,,,,,,,,,,,,,,,,,,,,,,Client,CreatedByUser,CreationDate,LastChangedByUser,LastChangeDate,DataSource,LogicalSystem,DataPackage,
7,lh_silver_erp,sd,sales_order,sales_order,sales_order_id,sold_to_id,ship_to_id,order_date,requested_delivery_date,delivery_due_date,header_text,customer_po_number,customer_po_number_2,ship_po_number,billing_document,quotation_number,payment_terms,price_list,price_list_2,discount_rate,tax_code,tax_environment,tax_usage,tax_date,tax_rate_1,tax_rate_2,tax_rate_3,prepaid_amount,prepaid_tax_amount,currency_code,exchange_rate,exchange_rate_2,exchange_rate_type,exchange_rate_sequence,enterprise_exchange_rate,language_code,incoterms,shipping_method,plant_id,sales_channel,sales_division,bill_of_lading,freight_price_list,freight_terms,freight_min_weight,schedule_method,ship_engineering_flag,gross_weight,weight_unit,package_size,size_unit,cartons_qty,document_status,posted_flag,taxable_flag,partial_delivery_flag,print_sales_order_flag,print_packing_list_flag,print_bill_of_lading_flag,ready_for_invoicing_flag,invoiced_flag,credit_memo_flag,schedule_flag,fixed_price_flag,fixed_rate_flag,revision_number,primary_flag,secondary_flag,include_issues_flag,cumulative_account_flag,merge_rss_flag,ship_complete_flag,bump_all_flag,include_in_rss_flag,manual_freight_terms_flag,consignment_flag,auto_replenish_flag,billing_date,shipment_date,confirmation_date,cancellation_date,pricing_date,priced_date,ar_gl_account,ar_cost_center,ar_subaccount,posting_id,posting_percentage,project_code,document_type,source_system,engineering_code,sales_representative,user_id,bank_id,sales_agreement_number,customer_account_number,fcg_code,corporate_price_list,application_owner,sequence_order,firm_sequence_days,authorization_days,max_aging_days,revenue_code,revenue_accrual_gl_account,revenue_accrual_subaccount,revenue_accrual_cost_center,revenue_deferral_gl_account,revenue_deferral_subaccount,revenue_deferral_cost_center,sales_employee_1,sales_employee_2,sales_employee_3,sales_employee_4,addl_sales_employee_1,addl_sales_employee_2,commission_pct_1,commission_pct_2,commission_pct_3,commission_pct_4,extra_commission_pct_1,extra_commission_pct_2,user_field_1,user_field_2,header_text_dup,legacy_fst_id,surcharge_1_amount,surcharge_1_code,surcharge_2_amount,surcharge_2_code,surcharge_3_amount,surcharge_3_code,comment_index,confirmation_date_dup,document_type_dup,bill_to_id,invoicing_method,engineering_code_dup,udf_char_01,udf_char_02,udf_char_03,udf_char_04,udf_char_05,udf_char_06,udf_char_07,udf_char_08,udf_char_09,udf_char_10,udf_date_01,udf_date_02,udf_decimal_01,udf_decimal_02,udf_flag_01,invoice_credit_reference,sales_agreement_number_dup,requested_time,company_code,record_id,last_updated_at,,,,,,,,,,,,,,,,,,,,,,,,,,,,,,,,,,,,,,,,,,,,,,,,,,,,,,,,,,,,,,
7,lh_bronze_qad1,sd,SO_MSTR,sales_order,SO_NBR,SO_CUST,SO_SHIP,SO_ORD_DATE,SO_REQ_DATE,SO_DUE_DATE,SO_RMKS,SO_PO,SO_CUST_PO,SO_SHIP_PO,SO_INV_NBR,SO_QUOTE,SO_CR_TERMS,SO_PR_LIST,SO_PR_LIST2,SO_DISC_PCT,SO_TAXC,SO_TAX_ENV,SO_TAX_USAGE,SO_TAX_DATE,`SO_TAX_PCT##1`,`SO_TAX_PCT##2`,`SO_TAX_PCT##3`,SO_PREPAID,SO_PREP_TAX,SO_CURR,SO_EX_RATE,SO_EX_RATE2,SO_EX_RATETYPE,SO_EXRU_SEQ,SO_ENT_EX,SO_LANG,SO_FOB,SO_SHIPVIA,SO_SITE,SO_CHANNEL,SO_DIV,SO_BOL,SO_FR_LIST,SO_FR_TERMS,SO_FR_MIN_WT,SO_SCH_MTHD,SO_SHIP_ENG,SO_WEIGHT,SO_WEIGHT_UM,SO_SIZE,SO_SIZE_UM,SO_CARTONS,SO_STAT,SO_PST,SO_TAXABLE,SO_PARTIAL,SO_PRINT_SO,SO_PRINT_PL,SO_PRINT_BL,SO_TO_INV,SO_INVOICED,SO_CREDIT,SO_SCHED,SO_FIX_PR,SO_FIX_RATE,SO_REV,SO_PRIMARY,SO_SECONDARY,SO_INCL_ISS,SO_CUM_ACCT,SO_MERGE_RSS,SO_SHIP_CMPLT,SO_BUMP_ALL,SO_INC_IN_RSS,SO_MANUAL_FR_TERMS,SO_CONSIGNMENT,SO_AUTO_REPLENISH,SO_INV_DATE,SO_SHIP_DATE,SO_CONF_DATE,SO_CNCL_DATE,SO_PRICING_DT,SO_PRICED_DT,SO_AR_ACCT,SO_AR_CC,SO_AR_SUB,SO_PST_ID,SO_PST_PCT,SO_PROJECT,SO_TYPE,SO_SOURCE,SO_ENG_CODE,SO_CONREP,SO_USERID,SO_BANK,SO_SA_NBR,SO_CA_NBR,SO_FCG_CODE,SO_CRPRLIST,SO_APP_OWNER,SO_SEQ_ORDER,SO_FIRM_SEQ_DAYS,SO_AUTH_DAYS,SO_MAX_AGING_DAYS,SO_REVENUE,SO_FSACCR_ACCT,SO_FSACCR_SUB,SO_FSACCR_CC,SO_FSDEF_ACCT,SO_FSDEF_SUB,SO_FSDEF_CC,`SO_SLSPSN##1`,`SO_SLSPSN##2`,`SO_SLSPSN##3`,`SO_SLSPSN##4`,`SO_XSLSPSN##1`,`SO_XSLSPSN##2`,`SO_COMM_PCT##1`,`SO_COMM_PCT##2`,`SO_COMM_PCT##3`,`SO_COMM_PCT##4`,`SO_XCOMM_PCT##1`,`SO_XCOMM_PCT##2`,SO_USER1,SO_USER2,SO_RMKS,SO_FST_ID,SO_TRL1_AMT,SO_TRL1_CD,SO_TRL2_AMT,SO_TRL2_CD,SO_TRL3_AMT,SO_TRL3_CD,SO_CMTINDX,SO_CONF_DATE,SO_TYPE,SO_BILL,SO_INV_MTHD,SO_ENG_CODE,SO__CHR01,SO__CHR02,SO__CHR03,SO__CHR04,SO__CHR05,SO__CHR06,SO__CHR07,SO__CHR08,SO__CHR09,SO__CHR10,SO__DTE01,SO__DTE02,SO__DEC01,SO__DEC02,SO__LOG01,SO_INV_CR,SO_SA_NBR,SO_REQ_TIME,SO_DOMAIN,PROGRESS_RECID,current_timestamp(),,,,,,,,,,,,,,,,,,,,,,,,,,,,,,,,,,,,,,,,,,,,,,,,,,,,,,,,,,,,,,
7,lh_bronze_sap_rise,sd,ISALESORDER,sales_order,SalesOrder,,,DocumentDate,DocumentDate,DocumentDate,,,,,,,,,,,,,,DocumentDate,,,,AmountInCompanyCodeCurrency,AmountInCompanyCodeCurrency,TransactionCurrency,,,,,,,,,Plant,,,,,,,,,,,,,,,,,,,,,,,,,,,,,,,,,,,,,,,DocumentDate,DocumentDate,DocumentDate,DocumentDate,DocumentDate,DocumentDate,,,,,,,,,,,,,,Customer,,,,,,,,,,,,,,,,,,,,,,,,,,,,,,,AmountInCompanyCodeCurrency,,AmountInCompanyCodeCurrency,,AmountInCompanyCodeCurrency,,,DocumentDate,,,,,,,,,,,,,,,DocumentDate,DocumentDate,,,,,,,SalesOrganization,,LastChangeDateTime,,,,,,,,,,,,,,,,,,,,,,,,,,,,,,,,,,,,,,,,,,,,,,,,,,,,,,Client,CreatedByUser,CreationDate,LastChangedByUser,LastChangeDate,DataSource,LogicalSystem,DataPackage,
7,lh_silver_erp,sd,sales_order_items,sales_order_items,sales_order_id,item_number,material,item_description,uom,uom_conversion_factor,lot_number,serial_number,ordered_quantity,allocated_quantity,picked_quantity,shipped_quantity,invoiced_quantity,invoiced_quantity_total,quantity_change,backorder_change,quoted_quantity,item_quantity,quantity_per,quantity_consumed,quantity_returned,quantity_pending,quantity_exchanged,item_price,list_price,actual_price,fixed_price_amount,standard_cost,discount_rate,covered_amount,requested_delivery_date,delivery_due_date,posting_period_date,expiration_date,sob_revision_date,warranty_start_date,pick_date,start_effective_date_1,start_effective_date_2,start_effective_date_3,start_effective_date_4,end_effective_date_1,end_effective_date_2,end_effective_date_3,end_effective_date_4,cumulative_date_1,cumulative_date_2,cumulative_date_3,cumulative_date_4,expected_delivery_date,promise_date,last_modified_date,pricing_date,tax_code,tax_usage,tax_environment,tax_max_amount,tax_included_flag,storage_location_id,to_storage_location,plant_id,to_plant_id,dock,freight_rate,freight_weight,freight_weight_unit,freight_class,freight_charge,freight_price_list,taxable_flag,abnormal_flag,sob_standard_flag,consume_flag,partial_delivery_flag,posted_flag,calc_isb_flag,auto_ins_flag,override_limit,schedule_flag,schedule_mrp_flag,confirm_flag,schedule_changed_flag,update_isb_flag,fixed_price_flag,direct_allocation_flag,manual_freight_list_flag,consignment_flag,auto_replenish_flag,gl_account,cost_center,discount_gl_account,discount_cost_center,project_code,contract_id,reference_number,line_reference,to_reference,for_code,fixed_asset_number,customer_material_number,outbound_po_number,customer_account_number,customer_account_line,cumulative_quantity_1,cumulative_quantity_2,cumulative_quantity_3,cumulative_quantity_4,cumulative_time_1,cumulative_time_2,cumulative_time_3,cumulative_time_4,current_release_id_1,current_release_id_2,current_release_id_3,release_number,schedule_data,order_multiple,transfer_lead_time_days,transfer_lead_time_hours,raw_days,fab_days,rbkt_days,rbkt_weeks,rbkt_months,sales_employee_1,sales_employee_2,sales_employee_3,sales_employee_4,addl_sales_employee_1,addl_sales_employee_2,addl_sales_employee_3,commission_pct_1,commission_pct_2,commission_pct_3,commission_pct_4,extra_commission_pct_1,extra_commission_pct_2,sales_representative,item_type,item_status,owner,rma_type,foreign_serial,sales_division,model_year,customer_reference,bonus,btb_type,btb_po_number,btb_pod_line,btb_vendor,config_type,planning_priority,priority_group_1,priority_group_2,subaccount,dsc_project,discount_subaccount,order_category,charge_type,sales_agreement_number,service_code,package_code,isb_location,isb_reference,ship_to_id,end_user,credit_interest,inventory_cost,outbound_po_number_dup,sad_line_number,alternate_package_flag,past_due_code,price_list,ship_part,item_comment_1,item_comment_2,item_comment_3,item_comment_4,item_comment_5,user_field_1,user_field_2,comment_index,udf_char_01,udf_char_02,udf_char_03,udf_char_04,udf_char_05,udf_char_06,udf_char_07,udf_char_08,udf_char_09,udf_char_10,udf_date_01,udf_date_02,udf_decimal_01,udf_decimal_02,udf_flag_01,billing_document,product_line,last_modified_by,expected_delivery_date_dup,requested_time,intransit_location,consignment_location,max_aging_days,company_code,record_id,last_updated_at,,,,,,,,,
7,lh_bronze_qad1,sd,SOD_DET,sales_order_items,SOD_NBR,SOD_LINE,SOD_PART,SOD_DESC,SOD_UM,SOD_UM_CONV,SOD_LOT,SOD_SERIAL,SOD_QTY_ORD,SOD_QTY_ALL,SOD_QTY_PICK,SOD_QTY_SHIP,SOD_QTY_INV,SOD_QTY_IVCD,SOD_QTY_CHG,SOD_BO_CHG,SOD_QTY_QOTE,SOD_QTY_ITEM,SOD_QTY_PER,SOD_QTY_CONS,SOD_QTY_RET,SOD_QTY_PEND,SOD_QTY_EXCH,SOD_PRICE,SOD_LIST_PR,SOD_ACT_PRICE,SOD_FIXED_PRICE,SOD_STD_COST,SOD_DISC_PCT,SOD_COVERED_AMT,SOD_REQ_DATE,SOD_DUE_DATE,SOD_PER_DATE,SOD_EXPIRE,SOD_SOB_REV,SOD_WARR_START,SOD_PICKDATE,`SOD_START_EFF##1`,`SOD_START_EFF##2`,`SOD_START_EFF##3`,`SOD_START_EFF##4`,`SOD_END_EFF##1`,`SOD_END_EFF##2`,`SOD_END_EFF##3`,`SOD_END_EFF##4`,`SOD_CUM_DATE##1`,`SOD_CUM_DATE##2`,`SOD_CUM_DATE##3`,`SOD_CUM_DATE##4`,SOD_EXP_DEL,SOD_PROMISE_DATE,SOD_MOD_DATE,SOD_PRICING_DT,SOD_TAXC,SOD_TAX_USAGE,SOD_TAX_ENV,SOD_TAX_MAX,SOD_TAX_IN,SOD_LOC,SOD_TO_LOC,SOD_SITE,SOD_TO_SITE,SOD_DOCK,SOD_FR_RATE,SOD_FR_WT,SOD_FR_WT_UM,SOD_FR_CLASS,SOD_FR_CHG,SOD_FR_LIST,SOD_TAXABLE,SOD_ABNORMAL,SOD_SOB_STD,SOD_CONSUME,SOD_PARTIAL,SOD_PST,SOD_CALC_ISB,SOD_AUTO_INS,SOD_OVERRIDE_LMT,SOD_SCHED,SOD_SCH_MRP,SOD_CONFIRM,SOD_SCHED_CHGD,SOD_UPD_ISB,SOD_FIX_PR,SOD_DIR_ALL,SOD_MANUAL_FR_LIST,SOD_CONSIGNMENT,SOD_AUTO_REPLENISH,SOD_ACCT,SOD_CC,SOD_DSC_ACCT,SOD_DSC_CC,SOD_PROJECT,SOD_CONTR_ID,SOD_REF,SOD_LN_REF,SOD_TO_REF,SOD_FOR,SOD_FA_NBR,SOD_CUSTPART,SOD_OUT_PO,SOD_CA_NBR,SOD_CA_LINE,`SOD_CUM_QTY##1`,`SOD_CUM_QTY##2`,`SOD_CUM_QTY##3`,`SOD_CUM_QTY##4`,`SOD_CUM_TIME##1`,`SOD_CUM_TIME##2`,`SOD_CUM_TIME##3`,`SOD_CUM_TIME##4`,`SOD_CURR_RLSE_ID##1`,`SOD_CURR_RLSE_ID##2`,`SOD_CURR_RLSE_ID##3`,SOD_RLSE_NBR,SOD_SCH_DATA,SOD_ORD_MULT,SOD_TRANSLT_DAYS,SOD_TRANSLT_HRS,SOD_RAW_DAYS,SOD_FAB_DAYS,SOD_RBKT_DAYS,SOD_RBKT_WEEKS,SOD_RBKT_MTHS,`SOD_SLSPSN##1`,`SOD_SLSPSN##2`,`SOD_SLSPSN##3`,`SOD_SLSPSN##4`,`SOD_XSLSPSN##1`,`SOD_XSLSPSN##2`,`SOD_XSLSPSN##3`,`SOD_COMM_PCT##1`,`SOD_COMM_PCT##2`,`SOD_COMM_PCT##3`,`SOD_COMM_PCT##4`,`SOD_XCOMM_PCT##1`,`SOD_XCOMM_PCT##2`,SOD_CONREP,SOD_TYPE,SOD_STATUS,SOD_OWNER,SOD_RMA_TYPE,SOD_FOR_SERIAL,SOD_DIV,SOD_MODELYR,SOD_CUSTREF,SOD_BONUS,SOD_BTB_TYPE,SOD_BTB_PO,SOD_BTB_POD_LINE,SOD_BTB_VEND,SOD_CFG_TYPE,SOD_PL_PRIORITY,SOD_PRIG1,SOD_PRIG2,SOD_SUB,SOD_DSC_PROJECT,SOD_DSC_SUB,SOD_ORDER_CATEGORY,SOD_CHARGE_TYPE,SOD_SA_NBR,SOD_SV_CODE,SOD_PKG_CODE,SOD_ISB_LOC,SOD_ISB_REF,SOD_SHIP,SOD_ENDUSER,SOD_CRT_INT,SOD_INV_COST,SOD_OUT_PO,SOD_SAD_LINE,SOD_ALT_PKG,SOD_PASTDUE,SOD_PR_LIST,SOD_SHIP_PART,`SOD_COMMENT##1`,`SOD_COMMENT##2`,`SOD_COMMENT##3`,`SOD_COMMENT##4`,`SOD_COMMENT##5`,SOD_USER1,SOD_USER2,SOD_CMTINDX,SOD__CHR01,SOD__CHR02,SOD__CHR03,SOD__CHR04,SOD__CHR05,SOD__CHR06,SOD__CHR07,SOD__CHR08,SOD__CHR09,SOD__CHR10,SOD__DTE01,SOD__DTE02,SOD__DEC01,SOD__DEC02,SOD__LOG01,SOD_INV_NBR,SOD_PRODLINE,SOD_MOD_USERID,SOD_EXP_DEL,SOD_REQ_TIME,SOD_INTRANS_LOC,SOD_CONSIGN_LOC,SOD_MAX_AGING_DAYS,SOD_DOMAIN,PROGRESS_RECID,current_timestamp(),,,,,,,,,
7,lh_bronze_sap_rise,sd,ISALESORDERITM,sales_order_items,SalesOrder,,,Description,,,,,,,,,,,,,,,,,,,,,,,AmountInCompanyCodeCurrency,,,AmountInCompanyCodeCurrency,DocumentDate,DocumentDate,DocumentDate,DocumentDate,DocumentDate,DocumentDate,DocumentDate,DocumentDate,DocumentDate,DocumentDate,DocumentDate,DocumentDate,DocumentDate,DocumentDate,DocumentDate,DocumentDate,DocumentDate,DocumentDate,DocumentDate,DocumentDate,DocumentDate,DocumentDate,DocumentDate,,,,AmountInCompanyCodeCurrency,,,,Plant,Plant,,,,,,,,,,,,,,,,,,,,,DocumentDate,,,,,,,,,,,,,,,,,,,Customer,Customer,,,,,,,,,,,,,,,,,,,,,,,,,,,,,,,,,,,,,,,,,,,,,,,,,,,,,,,,,,,,,,,,,,,,,,,,,,,,,,,,,,,,,,,,,,,DocumentDate,DocumentDate,,,,,,,DocumentDate,,,,,SalesOrganization,,LastChangeDateTime,Client,CreatedByUser,CreationDate,LastChangedByUser,LastChangeDate,DataSource,LogicalSystem,DataPackage,
7,lh_silver_erp,sd,sales_order_parent_child_history,sales_order_parent_child_history,type_code,document_id,id_father,customer_id,bill_to_id,ship_to_id,currency_code,exchange_rate,order_date,due_date,line_number,material_id,unit_of_measure_code,price,quantity_ordered,quantity_released,quantity_ava,quantity_inv,sq,sfj,comment_index,remarks,time_reg,date_reg,user_id_reg,chr01,chr02,chr03,chr04,chr05,dte01,dte02,dte03,dte04,dte05,log01,log02,log03,log04,log05,dec01,dec02,dec03,dec04,dec05,company_code,record_id,last_updated_at,,,,,,,,,,,,,,,,,,,,,,,,,,,,,,,,,,,,,,,,,,,,,,,,,,,,,,,,,,,,,,,,,,,,,,,,,,,,,,,,,,,,,,,,,,,,,,,,,,,,,,,,,,,,,,,,,,,,,,,,,,,,,,,,,,,,,,,,,,,,,,,,,,,,,,,,,,,,,,,,,,,,,,,,,,
7,lh_bronze_qad1,sd,XXSFS_HIST,sales_order_parent_child_history,XXSFS_TYPE,XXSFS_NBR,XXSFS_NBR_FATHER,XXSFS_CUST,XXSFS_BILL,XXSFS_SHIP,XXSFS_CURR,XXSFS_EX_RATE,XXSFS_ORD_DATE,XXSFS_DUE_DATE,XXSFS_LINE,XXSFS_PART,XXSFS_UM,XXSFS_PRICE,XXSFS_QTY_ORD,XXSFS_QTY_REL,XXSFS_QTY_AVA,XXSFS_QTY_INV,XXSFS_SQ,XXSFS_SFJ,XXSFS_CMTINDX,XXSFS_RMKS,XXSFS_TIME_REG,XXSFS_DATE_REG,XXSFS_USERID_REG,XXSFS__CHR01,XXSFS__CHR02,XXSFS__CHR03,XXSFS__CHR04,XXSFS__CHR05,XXSFS__DTE01,XXSFS__DTE02,XXSFS__DTE03,XXSFS__DTE04,XXSFS__DTE05,XXSFS__LOG01,XXSFS__LOG02,XXSFS__LOG03,XXSFS__LOG04,XXSFS__LOG05,XXSFS__DEC01,XXSFS__DEC02,XXSFS__DEC03,XXSFS__DEC04,XXSFS__DEC05,XXSFS_DOMAIN,PROGRESS_RECID,current_timestamp(),,,,,,,,,,,,,,,,,,,,,,,,,,,,,,,,,,,,,,,,,,,,,,,,,,,,,,,,,,,,,,,,,,,,,,,,,,,,,,,,,,,,,,,,,,,,,,,,,,,,,,,,,,,,,,,,,,,,,,,,,,,,,,,,,,,,,,,,,,,,,,,,,,,,,,,,,,,,,,,,,,,,,,,,,,
7,lh_bronze_qad2,sd,XXSFS_HIST,sales_order_parent_child_history,XXSFS_TYPE,XXSFS_NBR,XXSFS_NBR_FATHER,XXSFS_CUST,XXSFS_BILL,XXSFS_SHIP,XXSFS_CURR,XXSFS_EX_RATE,XXSFS_ORD_DATE,XXSFS_DUE_DATE,XXSFS_LINE,XXSFS_PART,XXSFS_UM,XXSFS_PRICE,XXSFS_QTY_ORD,XXSFS_QTY_REL,XXSFS_QTY_AVA,XXSFS_QTY_INV,XXSFS_SQ,XXSFS_SFJ,XXSFS_CMTINDX,XXSFS_RMKS,XXSFS_TIME_REG,XXSFS_DATE_REG,XXSFS_USERID_REG,XXSFS__CHR01,XXSFS__CHR02,XXSFS__CHR03,XXSFS__CHR04,XXSFS__CHR05,XXSFS__DTE01,XXSFS__DTE02,XXSFS__DTE03,XXSFS__DTE04,XXSFS__DTE05,XXSFS__LOG01,XXSFS__LOG02,XXSFS__LOG03,XXSFS__LOG04,XXSFS__LOG05,XXSFS__DEC01,XXSFS__DEC02,XXSFS__DEC03,XXSFS__DEC04,XXSFS__DEC05,XXSFS_DOMAIN,PROGRESS_RECID,current_timestamp(),,,,,,,,,,,,,,,,,,,,,,,,,,,,,,,,,,,,,,,,,,,,,,,,,,,,,,,,,,,,,,,,,,,,,,,,,,,,,,,,,,,,,,,,,,,,,,,,,,,,,,,,,,,,,,,,,,,,,,,,,,,,,,,,,,,,,,,,,,,,,,,,,,,,,,,,,,,,,,,,,,,,,,,,,,
7,lh_bronze_sap_rise,sd,ISALESORDER,sales_order_parent_child_history,,,,Customer,,,TransactionCurrency,,DocumentDate,DocumentDate,,Material,,,,,,,,,,,,DocumentDate,,,,,,,,,,,,,,,,,,,,,,SalesOrganization,,LastChangeDateTime,,,,,,,,,,,,,,,,,,,,,,,,,,,,,,,,,,,,,,,,,,,,,,,,,,,,,,,,,,,,,,,,,,,,,,,,,,,,,,,,,,,,,,,,,,,,,,,,,,,,,,,,,,,,,,,,,,,,,,,,,,,,,,,,,,,,,,,,,,,,,,,,,,,,,,,,,,,,,,,,,,Client,CreatedByUser,CreationDate,LastChangedByUser,LastChangeDate,DataSource,LogicalSystem,DataPackage,
7,lh_silver_erp,sd,sales_quotation,sales_quotation,sales_quotation_id,customer_id,ship_to_id,order_date,requested_date,due_date,remarks,cr_terms,fob_code,purchase_order_id,shipping_via_code,partial,print_sales_quotation_id,pr_list,xslspsn_1,xslspsn_2,source,xcomm_percent_1,xcomm_percent_2,cr_card,print_pl,cr_init,stat,qad01,qad02,qad03,discount_percent,tax_percent_1,tax_percent_2,tax_percent_3,prepaid,ar_gl_account_id,ar_cost_center_id,ship_to_id_date,taxable,comment_index,qad04,user1,user2,sales_order_id,confirm,expiration_date,release_date,release_id,recur,cycle,released_cnt,flw_date,currency_code,exchange_rate,language_code,qad05_1,qad05_2,pst,fst_id,pst_id,trl1_amount,trl1_cd,trl2_amount,trl2_cd,trl3_amount,trl3_cd,weight,weight_unit_of_measure_code,size,size_unit_of_measure_code,cartons,bill_of_lading_id,plant_id,taxc,chr01,chr02,chr03,chr04,chr05,chr06,chr07,chr08,chr09,chr10,dte01,dte02,dec01,dec02,log01,project_id,revision,pst_percent,fr_list,fr_terms,comm_percent_1,comm_percent_2,comm_percent_3,comm_percent_4,slspsn_1,slspsn_2,slspsn_3,slspsn_4,fix_rate,ent_ex,bill_to_id,print_bl,user_id,tax_date,inv_mthd,channel,bank_id,fr_min_wt,pr_list2,tax_env,tax_usage,pricing_dt,priced_dt,exchange_rate_2,exchange_rate_type,div,exchange_rate_sequence,ar_gl_subaccount_id,app_owner,manual_fr_terms,company_code,record_id,last_updated_at,,,,,,,,,,,,,,,,,,,,,,,,,,,,,,,,,,,,,,,,,,,,,,,,,,,,,,,,,,,,,,,,,,,,,,,,,,,,,,,,,,,,,,,,,,,,,,,
7,lh_bronze_qad1,sd,QO_MSTR,sales_quotation,QO_NBR,QO_CUST,QO_SHIP,QO_ORD_DATE,QO_REQ_DATE,QO_DUE_DATE,QO_RMKS,QO_CR_TERMS,QO_FOB,QO_PO,QO_SHIPVIA,QO_PARTIAL,QO_PRINT_QO,QO_PR_LIST,`QO_XSLSPSN##1`,`QO_XSLSPSN##2`,QO_SOURCE,`QO_XCOMM_PCT##1`,`QO_XCOMM_PCT##2`,QO_CR_CARD,QO_PRINT_PL,QO_CR_INIT,QO_STAT,QO__QAD01,QO__QAD02,QO__QAD03,QO_DISC_PCT,`QO_TAX_PCT##1`,`QO_TAX_PCT##2`,`QO_TAX_PCT##3`,QO_PREPAID,QO_AR_ACCT,QO_AR_CC,QO_SHIP_DATE,QO_TAXABLE,QO_CMTINDX,QO__QAD04,QO_USER1,QO_USER2,QO_SO_NBR,QO_CONFIRM,QO_EXP_DATE,QO_REL_DATE,QO_RELEASE,QO_RECUR,QO_CYCLE,QO_REL_CNT,QO_FLW_DATE,QO_CURR,QO_EX_RATE,QO_LANG,`QO__QAD05##1`,`QO__QAD05##2`,QO_PST,QO_FST_ID,QO_PST_ID,QO_TRL1_AMT,QO_TRL1_CD,QO_TRL2_AMT,QO_TRL2_CD,QO_TRL3_AMT,QO_TRL3_CD,QO_WEIGHT,QO_WEIGHT_UM,QO_SIZE,QO_SIZE_UM,QO_CARTONS,QO_BOL,QO_SITE,QO_TAXC,QO__CHR01,QO__CHR02,QO__CHR03,QO__CHR04,QO__CHR05,QO__CHR06,QO__CHR07,QO__CHR08,QO__CHR09,QO__CHR10,QO__DTE01,QO__DTE02,QO__DEC01,QO__DEC02,QO__LOG01,QO_PROJECT,QO_REV,QO_PST_PCT,QO_FR_LIST,QO_FR_TERMS,`QO_COMM_PCT##1`,`QO_COMM_PCT##2`,`QO_COMM_PCT##3`,`QO_COMM_PCT##4`,`QO_SLSPSN##1`,`QO_SLSPSN##2`,`QO_SLSPSN##3`,`QO_SLSPSN##4`,QO_FIX_RATE,QO_ENT_EX,QO_BILL,QO_PRINT_BL,QO_USERID,QO_TAX_DATE,QO_INV_MTHD,QO_CHANNEL,QO_BANK,QO_FR_MIN_WT,QO_PR_LIST2,QO_TAX_ENV,QO_TAX_USAGE,QO_PRICING_DT,QO_PRICED_DT,QO_EX_RATE2,QO_EX_RATETYPE,QO_DIV,QO_EXRU_SEQ,QO_AR_SUB,QO_APP_OWNER,QO_MANUAL_FR_TERMS,QO_DOMAIN,PROGRESS_RECID,current_timestamp(),,,,,,,,,,,,,,,,,,,,,,,,,,,,,,,,,,,,,,,,,,,,,,,,,,,,,,,,,,,,,,,,,,,,,,,,,,,,,,,,,,,,,,,,,,,,,,,
7,lh_bronze_sap_rise,sd,ISALESDOCUMENT,sales_quotation,,Customer,,DocumentDate,DocumentDate,DocumentDate,,,,,,,,,,,,,,,,,,,,,,,,,,GLAccount,CostCenter,DocumentDate,,,,,,,,DocumentDate,DocumentDate,,,,,DocumentDate,TransactionCurrency,,,,,,,,AmountInCompanyCodeCurrency,,AmountInCompanyCodeCurrency,,AmountInCompanyCodeCurrency,,,,,,,,Plant,,,,,,,,,,,,,,,,,WBSElementInternalID,,,,,,,,,,,,,,,,,,DocumentDate,,,,,,,,,,,,,,GLAccount,,,CompanyCode,,LastChangeDateTime,,,,,,,,,,,,,,,,,,,,,,,,,,,,,,,,,,,,,,,,,,,,,,,,,,,,,,,,,,,,,,,,,,,,,,,,,,,,,,,,,,,,,,,Client,CreatedByUser,CreationDate,LastChangedByUser,LastChangeDate,DataSource,LogicalSystem,DataPackage,
7,lh_silver_erp,sd,sales_quotation_items,sales_quotation_items,sales_quotation_id,due_date,period_date,requested_date,line_number,material_id,storage_location_id,type_code,price,standard_cost,gl_account_id,abnormal,taxable,serial,description,unit_of_measure_code,cost_center_id,qad01_1,qad01_2,qad01_3,qad01_4,qad01_5,lot_number,unit_of_measure_conversion_factor,fa_id,discount_percent,project_id,comment_index,custpart,qad02,status,xslspsn_1,xslspsn_2,xslspsn_3,comm_percent_1,comm_percent_2,dsc_gl_account_id,dsc_cost_center_id,list_pr,user1,user2,quantity_quot,quantity_released,released_change,rsn_lost,pst,fst_rate,fst_tax,pst_tax,tax_in,qad03,taxc,fst_list,plant_id,qob_standard,qob_revision,prodline,chr01,chr02,chr03,chr04,chr05,chr06,chr07,chr08,chr09,chr10,dte01,dte02,dec01,dec02,log01,tax_max,fr_rate,slspsn_1,slspsn_2,slspsn_3,slspsn_4,fix_pr,fr_wt,fr_wt_unit_of_measure_code,fr_class,fr_change,tax_usage,tax_env,fr_list,crt_int,pricing_dt,bonus,cfg_type_code,div,pl_priority,prig1,prig2,gl_subaccount_id,dsc_gl_subaccount_id,dsc_project_id,manual_fr_list,company_code,record_id,last_updated_at,,,,,,,,,,,,,,,,,,,,,,,,,,,,,,,,,,,,,,,,,,,,,,,,,,,,,,,,,,,,,,,,,,,,,,,,,,,,,,,,,,,,,,,,,,,,,,,,,,,,,,,,,,,,,,,,,,,,,
7,lh_bronze_qad1,sd,QOD_DET,sales_quotation_items,QOD_NBR,QOD_DUE_DATE,QOD_PER_DATE,QOD_REQ_DATE,QOD_LINE,QOD_PART,QOD_LOC,QOD_TYPE,QOD_PRICE,QOD_STD_COST,QOD_ACCT,QOD_ABNORMAL,QOD_TAXABLE,QOD_SERIAL,QOD_DESC,QOD_UM,QOD_CC,`QOD__QAD01##1`,`QOD__QAD01##2`,`QOD__QAD01##3`,`QOD__QAD01##4`,`QOD__QAD01##5`,QOD_LOT,QOD_UM_CONV,QOD_FA_NBR,QOD_DISC_PCT,QOD_PROJECT,QOD_CMTINDX,QOD_CUSTPART,QOD__QAD02,QOD_STATUS,`QOD_XSLSPSN##1`,`QOD_XSLSPSN##2`,`QOD_XSLSPSN##3`,`QOD_COMM_PCT##1`,`QOD_COMM_PCT##2`,QOD_DSC_ACCT,QOD_DSC_CC,QOD_LIST_PR,QOD_USER1,QOD_USER2,QOD_QTY_QUOT,QOD_QTY_REL,QOD_REL_CHG,QOD_RSN_LOST,QOD_PST,QOD_FST_RATE,QOD_FST_TAX,QOD_PST_TAX,QOD_TAX_IN,QOD__QAD03,QOD_TAXC,QOD_FST_LIST,QOD_SITE,QOD_QOB_STD,QOD_QOB_REV,QOD_PRODLINE,QOD__CHR01,QOD__CHR02,QOD__CHR03,QOD__CHR04,QOD__CHR05,QOD__CHR06,QOD__CHR07,QOD__CHR08,QOD__CHR09,QOD__CHR10,QOD__DTE01,QOD__DTE02,QOD__DEC01,QOD__DEC02,QOD__LOG01,QOD_TAX_MAX,QOD_FR_RATE,`QOD_SLSPSN##1`,`QOD_SLSPSN##2`,`QOD_SLSPSN##3`,`QOD_SLSPSN##4`,QOD_FIX_PR,QOD_FR_WT,QOD_FR_WT_UM,QOD_FR_CLASS,QOD_FR_CHG,QOD_TAX_USAGE,QOD_TAX_ENV,QOD_FR_LIST,QOD_CRT_INT,QOD_PRICING_DT,QOD_BONUS,QOD_CFG_TYPE,QOD_DIV,QOD_PL_PRIORITY,QOD_PRIG1,QOD_PRIG2,QOD_SUB,QOD_DSC_SUB,QOD_DSC_PROJECT,QOD_MANUAL_FR_LIST,QOD_DOMAIN,PROGRESS_RECID,current_timestamp(),,,,,,,,,,,,,,,,,,,,,,,,,,,,,,,,,,,,,,,,,,,,,,,,,,,,,,,,,,,,,,,,,,,,,,,,,,,,,,,,,,,,,,,,,,,,,,,,,,,,,,,,,,,,,,,,,,,,,
7,lh_bronze_sap_rise,sd,ISALESDOCUMENTITEM,sales_quotation_items,,DocumentDate,DocumentDate,DocumentDate,,Material,,,,,GLAccount,,,,Description,,CostCenter,,,,,,,,,,WBSElementInternalID,,,,,,,,,,GLAccount,CostCenter,,,,,,,,,,,,,,,,Plant,,,,,,,,,,,,,,,,,,,,,,,,,,,,,,,,,,,,,,,,,GLAccount,GLAccount,WBSElementInternalID,,CompanyCode,,LastChangeDateTime,,,,,,,,,,,,,,,,,,,,,,,,,,,,,,,,,,,,,,,,,,,,,,,,,,,,,,,,,,,,,,,,,,,,,,,,,,,,,,,,,,,,,,,,,,,,,,,,,,,,,,,,,,,,,Client,CreatedByUser,CreationDate,LastChangedByUser,LastChangeDate,DataSource,LogicalSystem,DataPackage,
8,lh_silver_erp,mm,cycle_count_document_header,cycle_count_document_header,cycle_count_document_id,plant_id,period,type_code,year,user_id,date_reg,chr01,chr02,chr03,dec01,dec02,dec03,log01,log02,log03,date01,date02,date03,record_id,company_code,status,last_updated_at,,,,,,,,,,,,,,,,,,,,,,,,,,,,,,,,,,,,,,,,,,,,,,,,,,,,,,,,,,,,,,,,,,,,,,,,,,,,,,,,,,,,,,,,,,,,,,,,,,,,,,,,,,,,,,,,,,,,,,,,,,,,,,,,,,,,,,,,,,,,,,,,,,,,,,,,,,,,,,,,,,,,,,,,,,,,,,,,,,,,,,,,,,,,,,,,,,,
8,lh_bronze_qad1,mm,XXCYCLE_MSTR,cycle_count_document_header,XXCYCLE_NBR,XXCYCLE_SITE,XXCYCLE_PERIOD,XXCYCLE_TYPE,XXCYCLE_YEAR,XXCYCLE_USERID,XXCYCLE_DATE_REG,XXCYCLE__CHR01,XXCYCLE__CHR02,XXCYCLE__CHR03,XXCYCLE__DEC01,XXCYCLE__DEC02,XXCYCLE__DEC03,XXCYCLE__LOG01,XXCYCLE__LOG02,XXCYCLE__LOG03,XXCYCLE__DATE01,XXCYCLE__DATE02,XXCYCLE__DATE03,PROGRESS_RECID,XXCYCLE_DOMAIN,XXCYCLE_STATUS,current_timestamp(),,,,,,,,,,,,,,,,,,,,,,,,,,,,,,,,,,,,,,,,,,,,,,,,,,,,,,,,,,,,,,,,,,,,,,,,,,,,,,,,,,,,,,,,,,,,,,,,,,,,,,,,,,,,,,,,,,,,,,,,,,,,,,,,,,,,,,,,,,,,,,,,,,,,,,,,,,,,,,,,,,,,,,,,,,,,,,,,,,,,,,,,,,,,,,,,,,,
8,lh_bronze_qad2,mm,XXCYCLE_MSTR,cycle_count_document_header,XXCYCLE_NBR,XXCYCLE_SITE,XXCYCLE_PERIOD,XXCYCLE_TYPE,XXCYCLE_YEAR,XXCYCLE_USERID,XXCYCLE_DATE_REG,XXCYCLE__CHR01,XXCYCLE__CHR02,XXCYCLE__CHR03,XXCYCLE__DEC01,XXCYCLE__DEC02,XXCYCLE__DEC03,XXCYCLE__LOG01,XXCYCLE__LOG02,XXCYCLE__LOG03,XXCYCLE__DATE01,XXCYCLE__DATE02,XXCYCLE__DATE03,PROGRESS_RECID,XXCYCLE_DOMAIN,XXCYCLE_STATUS,current_timestamp(),,,,,,,,,,,,,,,,,,,,,,,,,,,,,,,,,,,,,,,,,,,,,,,,,,,,,,,,,,,,,,,,,,,,,,,,,,,,,,,,,,,,,,,,,,,,,,,,,,,,,,,,,,,,,,,,,,,,,,,,,,,,,,,,,,,,,,,,,,,,,,,,,,,,,,,,,,,,,,,,,,,,,,,,,,,,,,,,,,,,,,,,,,,,,,,,,,,
8,lh_bronze_sap_rise,mm,IINVENTORYCOUNTDOC,cycle_count_document_header,,Plant,,,,,DocumentDate,,,,,,,,,,DocumentDate,DocumentDate,DocumentDate,,CompanyCode,,LastChangeDateTime,,,,,,,,,,,,,,,,,,,,,,,,,,,,,,,,,,,,,,,,,,,,,,,,,,,,,,,,,,,,,,,,,,,,,,,,,,,,,,,,,,,,,,,,,,,,,,,,,,,,,,,,,,,,,,,,,,,,,,,,,,,,,,,,,,,,,,,,,,,,,,,,,,,,,,,,,,,,,,,,,,,,,,,,,,,,,,,,,,,,,,,,,,,Client,CreatedByUser,CreationDate,LastChangedByUser,LastChangeDate,DataSource,LogicalSystem,DataPackage,
8,lh_silver_erp,mm,cycle_count_document_items,cycle_count_document_items,cycle_count_document_id,type_code,material_id,quantity_on_hand,price,quantity_count1,unit_of_measure_code_count1,quantity_count2,unit_of_measure_code_count2,status,theoretical_weight,user_id_reg,date_reg,user_id_aut,date_aut,chr01,chr02,chr03,dec01,dec02,dec03,log01,log02,log03,date01,date02,date03,time_reg,adjust,loaded,company_code,record_id,last_updated_at,,,,,,,,,,,,,,,,,,,,,,,,,,,,,,,,,,,,,,,,,,,,,,,,,,,,,,,,,,,,,,,,,,,,,,,,,,,,,,,,,,,,,,,,,,,,,,,,,,,,,,,,,,,,,,,,,,,,,,,,,,,,,,,,,,,,,,,,,,,,,,,,,,,,,,,,,,,,,,,,,,,,,,,,,,,,,,,,,,,,,,,,,
8,lh_bronze_qad1,mm,XXCYCLED_DET,cycle_count_document_items,XXCYCLED_NBR,XXCYCLED_TYPE,XXCYCLED_PART,XXCYCLED_QTY_OH,XXCYCLED_PRICE,XXCYCLED_QTY_COUNT1,XXCYCLED_UM_COUNT1,XXCYCLED_QTY_COUNT2,XXCYCLED_UM_COUNT2,XXCYCLED_STATUS,XXCYCLED_WTHEOR,XXCYCLED_USERID_REG,XXCYCLED_DATE_REG,XXCYCLED_USERID_AUT,XXCYCLED_DATE_AUT,XXCYCLED__CHR01,XXCYCLED__CHR02,XXCYCLED__CHR03,XXCYCLED__DEC01,XXCYCLED__DEC02,XXCYCLED__DEC03,XXCYCLED__LOG01,XXCYCLED__LOG02,XXCYCLED__LOG03,XXCYCLED__DATE01,XXCYCLED__DATE02,XXCYCLED__DATE03,XXCYCLED_TIME_REG,XXCYCLED_ADJUST,XXCYCLED_LOADED,XXCYCLED_DOMAIN,PROGRESS_RECID,current_timestamp(),,,,,,,,,,,,,,,,,,,,,,,,,,,,,,,,,,,,,,,,,,,,,,,,,,,,,,,,,,,,,,,,,,,,,,,,,,,,,,,,,,,,,,,,,,,,,,,,,,,,,,,,,,,,,,,,,,,,,,,,,,,,,,,,,,,,,,,,,,,,,,,,,,,,,,,,,,,,,,,,,,,,,,,,,,,,,,,,,,,,,,,,,
8,lh_bronze_qad2,mm,XXCYCLED_DET,cycle_count_document_items,XXCYCLED_NBR,XXCYCLED_TYPE,XXCYCLED_PART,XXCYCLED_QTY_OH,XXCYCLED_PRICE,XXCYCLED_QTY_COUNT1,XXCYCLED_UM_COUNT1,XXCYCLED_QTY_COUNT2,XXCYCLED_UM_COUNT2,XXCYCLED_STATUS,XXCYCLED_WTHEOR,XXCYCLED_USERID_REG,XXCYCLED_DATE_REG,XXCYCLED_USERID_AUT,XXCYCLED_DATE_AUT,XXCYCLED__CHR01,XXCYCLED__CHR02,XXCYCLED__CHR03,XXCYCLED__DEC01,XXCYCLED__DEC02,XXCYCLED__DEC03,XXCYCLED__LOG01,XXCYCLED__LOG02,XXCYCLED__LOG03,XXCYCLED__DATE01,XXCYCLED__DATE02,XXCYCLED__DATE03,XXCYCLED_TIME_REG,XXCYCLED_ADJUST,XXCYCLED_LOADED,XXCYCLED_DOMAIN,PROGRESS_RECID,current_timestamp(),,,,,,,,,,,,,,,,,,,,,,,,,,,,,,,,,,,,,,,,,,,,,,,,,,,,,,,,,,,,,,,,,,,,,,,,,,,,,,,,,,,,,,,,,,,,,,,,,,,,,,,,,,,,,,,,,,,,,,,,,,,,,,,,,,,,,,,,,,,,,,,,,,,,,,,,,,,,,,,,,,,,,,,,,,,,,,,,,,,,,,,,,
8,lh_bronze_sap_rise,mm,IINVENTORYCOUNTDOCITEM,cycle_count_document_items,,,Material,,,,,,,,,,DocumentDate,,DocumentDate,,,,,,,,,,DocumentDate,DocumentDate,DocumentDate,,,,CompanyCode,,LastChangeDateTime,,,,,,,,,,,,,,,,,,,,,,,,,,,,,,,,,,,,,,,,,,,,,,,,,,,,,,,,,,,,,,,,,,,,,,,,,,,,,,,,,,,,,,,,,,,,,,,,,,,,,,,,,,,,,,,,,,,,,,,,,,,,,,,,,,,,,,,,,,,,,,,,,,,,,,,,,,,,,,,,,,,,,,,,,,,,,,,,,Client,CreatedByUser,CreationDate,LastChangedByUser,LastChangeDate,DataSource,LogicalSystem,DataPackage,
8,lh_silver_erp,mm,material_document_items,material_document_items,material_id,document_id,line_number,received,purchase_cost,purchase_standard,rcp_date,supplier_id,receiver,lot_number,packing_slip_id,packing_slip_quantity,bo_quantity,qadc02,external_invoice_id,xinv_dt,qadd01,xinv_cst,qadc03,qadc04,qadc05,revision,type_code,print,lbr_standard,mtl_standard,bdn_standard,gl_subaccount_id_standard,buyer,qad03,qad02,shipto,cst_up,unit_of_measure_code,unit_of_measure_conversion_factor,currency_code,exchange_rate,currency_amount,pay_unit_of_measure_code,payment_unit_of_measure_conversion_factor,user1,user2,ovh_standard,plant_id,ship_to_id,quantity_ordered,period_date,rcp_type_code,reason,request,approve,qad04,tax_at,chr01,chr02,chr03,chr04,chr05,chr06,chr07,chr08,chr09,chr10,dte01,dte02,dte03,dte04,dte05,dec01,dec02,dec03,dec04,dec05,log01,log02,rma_type_code,fix_rate,purchase_order_id_plant_id,cum_req,cum_received,fsm_type_code,bank_id,currency_code_rlse_id_1,currency_code_rlse_id_2,currency_code_rlse_id_3,element,fix_pr,tax_usage,tax_env,crt_int,tax_in,taxc,supplier_lot_number,ship_to_id_date,qadi01,exchange_rate_2,exchange_rate_type,exchange_rate_sequence,qadc06,qadc01,company_code,record_id,last_updated_at,,,,,,,,,,,,,,,,,,,,,,,,,,,,,,,,,,,,,,,,,,,,,,,,,,,,,,,,,,,,,,,,,,,,,,,,,,,,,,,,,,,,,,,,,,,,,,,,,,,,,,,,,,,,,,,,,,,
8,lh_bronze_qad1,mm,PRH_HIST,material_document_items,PRH_PART,PRH_NBR,PRH_LINE,PRH_RCVD,PRH_PUR_COST,PRH_PUR_STD,PRH_RCP_DATE,PRH_VEND,PRH_RECEIVER,PRH_LOT,PRH_PS_NBR,PRH_PS_QTY,PRH_BO_QTY,PRH__QADC02,PRH_XINVOICE,PRH_XINV_DT,PRH__QADD01,PRH_XINV_CST,PRH__QADC03,PRH__QADC04,PRH__QADC05,PRH_REV,PRH_TYPE,PRH_PRINT,PRH_LBR_STD,PRH_MTL_STD,PRH_BDN_STD,PRH_SUB_STD,PRH_BUYER,PRH__QAD03,PRH__QAD02,PRH_SHIPTO,PRH_CST_UP,PRH_UM,PRH_UM_CONV,PRH_CURR,PRH_EX_RATE,PRH_CURR_AMT,PRH_PAY_UM,PRH_PUM_CONV,PRH_USER1,PRH_USER2,PRH_OVH_STD,PRH_SITE,PRH_SHIP,PRH_QTY_ORD,PRH_PER_DATE,PRH_RCP_TYPE,PRH_REASON,PRH_REQUEST,PRH_APPROVE,PRH__QAD04,PRH_TAX_AT,PRH__CHR01,PRH__CHR02,PRH__CHR03,PRH__CHR04,PRH__CHR05,PRH__CHR06,PRH__CHR07,PRH__CHR08,PRH__CHR09,PRH__CHR10,PRH__DTE01,PRH__DTE02,PRH__DTE03,PRH__DTE04,PRH__DTE05,PRH__DEC01,PRH__DEC02,PRH__DEC03,PRH__DEC04,PRH__DEC05,PRH__LOG01,PRH__LOG02,PRH_RMA_TYPE,PRH_FIX_RATE,PRH_PO_SITE,PRH_CUM_REQ,PRH_CUM_RCVD,PRH_FSM_TYPE,PRH_BANK,`PRH_CURR_RLSE_ID##1`,`PRH_CURR_RLSE_ID##2`,`PRH_CURR_RLSE_ID##3`,PRH_ELEMENT,PRH_FIX_PR,PRH_TAX_USAGE,PRH_TAX_ENV,PRH_CRT_INT,PRH_TAX_IN,PRH_TAXC,PRH_VEND_LOT,PRH_SHIP_DATE,PRH__QADI01,PRH_EX_RATE2,PRH_EX_RATETYPE,PRH_EXRU_SEQ,PRH__QADC06,PRH__QADC01,PRH_DOMAIN,PROGRESS_RECID,current_timestamp(),,,,,,,,,,,,,,,,,,,,,,,,,,,,,,,,,,,,,,,,,,,,,,,,,,,,,,,,,,,,,,,,,,,,,,,,,,,,,,,,,,,,,,,,,,,,,,,,,,,,,,,,,,,,,,,,,,,
8,lh_bronze_sap_rise,mm,IMATDOCITEM,material_document_items,Material,,,,,,DocumentDate,Supplier,,,,,,,,,,,,,,,,,,,,GLAccount,,,,,,,,TransactionCurrency,,AmountInCompanyCodeCurrency,,,,,,Plant,,,DocumentDate,,,,,,,,,,,,,,,,,,,,,,,,,,,,,,,Plant,,,,,TransactionCurrency,TransactionCurrency,TransactionCurrency,,,,,,,,,DocumentDate,,,,,,,CompanyCode,,LastChangeDateTime,,,,,,,,,,,,,,,,,,,,,,,,,,,,,,,,,,,,,,,,,,,,,,,,,,,,,,,,,,,,,,,,,,,,,,,,,,,,,,,,,,,,,,,,,,,,,,,,,,,,,,,,,,,Client,CreatedByUser,CreationDate,LastChangedByUser,LastChangeDate,DataSource,LogicalSystem,DataPackage,
8,lh_silver_erp,mm,material_documents_history,material_documents_history,product_id,transaction_date,period_date,transaction_type,storage_location_id,location_begin,begin_quantity_on_hand,quantity_requested,quantity_changed,quantity_short,unit_of_measure,last_transaction_date,order_number_id,sales_order_or_job,shipment_type,address,remarks,material_standard_cost,labor_standard_cost,burden_standard_cost,price,transaction_number,gl_amount,lot_number,subcontract_standard_cost,gl_date,quantity_location,user_id,serial,effective_date,product_line,line,user_field_1,user_field_2,currency,exchange_rate,revision,transaction_time,overhead_standard_cost,plant_id,status,expiration_date,reference,program,sales_employee_id,batch,shipment_date,shipment_id,exchange_rate_2,exchange_rate_type,promise_date,company_code,record_id,last_updated_at,,,,,,,,,,,,,,,,,,,,,,,,,,,,,,,,,,,,,,,,,,,,,,,,,,,,,,,,,,,,,,,,,,,,,,,,,,,,,,,,,,,,,,,,,,,,,,,,,,,,,,,,,,,,,,,,,,,,,,,,,,,,,,,,,,,,,,,,,,,,,,,,,,,,,,,,,,,,,,,,,,,,
8,lh_bronze_qad1,mm,TR_HIST,material_documents_history,UPPER(TR_PART),TR_DATE,TR_PER_DATE,TR_TYPE,"COALESCE(TR_LOC, ' ')",TR_LOC_BEGIN,TR_BEGIN_QOH,TR_QTY_REQ,TR_QTY_CHG,TR_QTY_SHORT,UPPER(TR_UM),TR_LAST_DATE,"COALESCE(TR_NBR, ' ')","COALESCE(TR_SO_JOB, ' ')",TR_SHIP_TYPE,"COALESCE(TR_ADDR, ' ')",TR_RMKS,TR_MTL_STD,TR_LBR_STD,TR_BDN_STD,TR_PRICE,TR_TRNBR,TR_GL_AMT,"COALESCE(TR_LOT, ' ')",TR_SUB_STD,TR_GL_DATE,TR_QTY_LOC,"COALESCE(LOWER(TR_USERID), ' ')","COALESCE(TR_SERIAL, ' ')",TR_EFFDATE,"COALESCE(TR_PROD_LINE, ' ')",TR_LINE,TR_USER1,TR_USER2,UPPER(TR_CURR),TR_EX_RATE,TR_REV,TR_TIME,TR_OVH_STD,"COALESCE(UPPER(TR_SITE), ' ')",TR_STATUS,TR_EXPIRE,"COALESCE(TR_REF, ' ')",TR_PROGRAM,"COALESCE('TR_SLSPSN##1', ' ')",TR_BATCH,TR_SHIP_DATE,"COALESCE(TR_SHIP_ID, ' ')",TR_EX_RATE2,TR_EX_RATETYPE,TR_PROMISE_DATE,TR_DOMAIN,PROGRESS_RECID,current_timestamp(),,,,,,,,,,,,,,,,,,,,,,,,,,,,,,,,,,,,,,,,,,,,,,,,,,,,,,,,,,,,,,,,,,,,,,,,,,,,,,,,,,,,,,,,,,,,,,,,,,,,,,,,,,,,,,,,,,,,,,,,,,,,,,,,,,,,,,,,,,,,,,,,,,,,,,,,,,,,,,,,,,,,
8,lh_bronze_sap_rise,mm,IMATDOCITEM,material_documents_history,,DocumentDate,DocumentDate,,,,,,,,,DocumentDate,,,,,,,,,,,AmountInCompanyCodeCurrency,,,DocumentDate,,,,DocumentDate,,,,,,,,,,Plant,,DocumentDate,,,,,DocumentDate,,,,DocumentDate,CompanyCode,,LastChangeDateTime,,,,,,,,,,,,,,,,,,,,,,,,,,,,,,,,,,,,,,,,,,,,,,,,,,,,,,,,,,,,,,,,,,,,,,,,,,,,,,,,,,,,,,,,,,,,,,,,,,,,,,,,,,,,,,,,,,,,,,,,,,,,,,,,,,,,,,,,,,,,,,,,,,,,,,,,,,,,Client,CreatedByUser,CreationDate,LastChangedByUser,LastChangeDate,DataSource,LogicalSystem,DataPackage,
8,lh_silver_erp,mm,material_inventory,material_inventory,material_id,plant_id,quantity_on_hand,quantity_required,quantity_allocated,quantity_ordered,quantity_change,quantity_available,sales_change,issue_change,issue_date,receive_date,count_date,avg_issues,avg_sales,avg_date,user1,user2,reorder_point,safety_stock,quantity_nonnet,mrp_flag,gl_set,currency_set,abc_indicator,average_interval,cycle_interval,inventory_level,storage_location_id,location_type,project_use_flag,grade,assay,rollup_flag,rollup_id,receipt_po_status,receipt_wo_status,receipt_po_active_flag,receipt_wo_active_flag,warehouse_id,gl_cost_plant_id,customer_consign_quantity,supplier_consign_quantity,company_code,record_id,last_updated_at,,,,,,,,,,,,,,,,,,,,,,,,,,,,,,,,,,,,,,,,,,,,,,,,,,,,,,,,,,,,,,,,,,,,,,,,,,,,,,,,,,,,,,,,,,,,,,,,,,,,,,,,,,,,,,,,,,,,,,,,,,,,,,,,,,,,,,,,,,,,,,,,,,,,,,,,,,,,,,,,,,,,,,,,,,,,
8,lh_bronze_qad1,mm,IN_MSTR,material_inventory,IN_PART,IN_SITE,IN_QTY_OH,IN_QTY_REQ,IN_QTY_ALL,IN_QTY_ORD,IN_QTY_CHG,IN_QTY_AVAIL,IN_SLS_CHG,IN_ISS_CHG,IN_ISS_DATE,IN_REC_DATE,IN_CNT_DATE,IN_AVG_ISS,IN_AVG_SLS,IN_AVG_DATE,IN_USER1,IN_USER2,IN_ROP,IN_SFTY_STK,IN_QTY_NONET,IN_MRP,IN_GL_SET,IN_CUR_SET,IN_ABC,IN_AVG_INT,IN_CYC_INT,IN_LEVEL,IN_LOC,IN_LOC_TYPE,IN_PROJ_USE,IN_GRADE,IN_ASSAY,IN_ROLLUP,IN_ROLLUP_ID,IN_RCTPO_STATUS,IN_RCTWO_STATUS,IN_RCTPO_ACTIVE,IN_RCTWO_ACTIVE,IN_WH,IN_GL_COST_SITE,IN_CUST_CONSIGN_QTY,IN_SUPP_CONSIGN_QTY,IN_DOMAIN,PROGRESS_RECID,current_timestamp(),,,,,,,,,,,,,,,,,,,,,,,,,,,,,,,,,,,,,,,,,,,,,,,,,,,,,,,,,,,,,,,,,,,,,,,,,,,,,,,,,,,,,,,,,,,,,,,,,,,,,,,,,,,,,,,,,,,,,,,,,,,,,,,,,,,,,,,,,,,,,,,,,,,,,,,,,,,,,,,,,,,,,,,,,,,,
8,lh_bronze_sap_rise,mm,IMATSTOCK,material_inventory,Material,Plant,,,,,,,,,DocumentDate,DocumentDate,DocumentDate,,,DocumentDate,,,,,,,,,,,,,,,,,,,,,,,,,Plant,,,CompanyCode,,LastChangeDateTime,,,,,,,,,,,,,,,,,,,,,,,,,,,,,,,,,,,,,,,,,,,,,,,,,,,,,,,,,,,,,,,,,,,,,,,,,,,,,,,,,,,,,,,,,,,,,,,,,,,,,,,,,,,,,,,,,,,,,,,,,,,,,,,,,,,,,,,,,,,,,,,,,,,,,,,,,,,,,,,,,,,,Client,CreatedByUser,CreationDate,LastChangedByUser,LastChangeDate,DataSource,LogicalSystem,DataPackage,
8,lh_silver_erp,mm,material_stock_loc,material_stock_loc,storage_location_id,material_id,inventory_date,quantity_on_hand,lot_number,reference,count_date,assay,expiration_date,user1,user2,plant_id,status,quantity_allocated,grade,quantity_frozen,freeze_date,vendor_lot_number,comment_index,work_quantity,chr01,chr02,chr03,chr04,chr05,dte01,dte02,dec01,dec02,log01_flag,cost,revision,customer_consign_quantity,supplier_consign_quantity,company_code,record_id,last_updated_at,,,,,,,,,,,,,,,,,,,,,,,,,,,,,,,,,,,,,,,,,,,,,,,,,,,,,,,,,,,,,,,,,,,,,,,,,,,,,,,,,,,,,,,,,,,,,,,,,,,,,,,,,,,,,,,,,,,,,,,,,,,,,,,,,,,,,,,,,,,,,,,,,,,,,,,,,,,,,,,,,,,,,,,,,,,,,,,,,,,,,
8,lh_bronze_qad1,mm,LD_DET,material_stock_loc,LD_LOC,LD_PART,LD_DATE,LD_QTY_OH,LD_LOT,LD_REF,LD_CNT_DATE,LD_ASSAY,LD_EXPIRE,LD_USER1,LD_USER2,LD_SITE,LD_STATUS,LD_QTY_ALL,LD_GRADE,LD_QTY_FRZ,LD_DATE_FRZ,LD_VD_LOT,LD_CMTINDX,LD_WORK,LD__CHR01,LD__CHR02,LD__CHR03,LD__CHR04,LD__CHR05,LD__DTE01,LD__DTE02,LD__DEC01,LD__DEC02,LD__LOG01,LD_COST,LD_REV,LD_CUST_CONSIGN_QTY,LD_SUPP_CONSIGN_QTY,LD_DOMAIN,PROGRESS_RECID,current_timestamp(),,,,,,,,,,,,,,,,,,,,,,,,,,,,,,,,,,,,,,,,,,,,,,,,,,,,,,,,,,,,,,,,,,,,,,,,,,,,,,,,,,,,,,,,,,,,,,,,,,,,,,,,,,,,,,,,,,,,,,,,,,,,,,,,,,,,,,,,,,,,,,,,,,,,,,,,,,,,,,,,,,,,,,,,,,,,,,,,,,,,,
8,lh_bronze_sap_rise,mm,IMATSTOCK,material_stock_loc,,Material,DocumentDate,,,,DocumentDate,,DocumentDate,,,Plant,,,,,DocumentDate,,,,,,,,,,,,,,,,,,CompanyCode,,LastChangeDateTime,,,,,,,,,,,,,,,,,,,,,,,,,,,,,,,,,,,,,,,,,,,,,,,,,,,,,,,,,,,,,,,,,,,,,,,,,,,,,,,,,,,,,,,,,,,,,,,,,,,,,,,,,,,,,,,,,,,,,,,,,,,,,,,,,,,,,,,,,,,,,,,,,,,,,,,,,,,,,,,,,,,,,,,,,,,,,Client,CreatedByUser,CreationDate,LastChangedByUser,LastChangeDate,DataSource,LogicalSystem,DataPackage,
8,lh_silver_erp,mm,purchase_order,purchase_order,purchase_order_id,supplier_id,ship_to_id,order_date,remarks,cr_terms,buyer,shipping_via_code,fob_code,bill_to_id,qad04,partial,revision,stat,ap_gl_account_id,ap_cost_center_id,frt,serv_change,spec_change,tax_percent_1,tax_percent_2,tax_percent_3,discount_percent,prepaid,contact,confirm,comment_index,print,cls_date,taxable,user1,user2,currency_code,exchange_rate,language_code,fst_id,pst_id,pst,duty_type_code,qad05,qad07,qad08,plant_id,blanket,qad01,qad02,qad03,contract,del_to,due_date,effective_strt,effective_to,est_value,qad06,project_id,released_id,req_id,type_code,user_id,qad09,release_id,recurr,cycl,chr01,chr02,chr03,chr04,chr05,chr06,chr07,chr08,chr09,chr10,dte01,dte02,dec01,dec02,log01,inv_mthd,fix_rate,ent_ex,tax_date,fsm_type_code,bank_id,pr_list,tax_env,sched,pr_list2,tax_usage,fix_pr,sch_mthd,taxc,priced_dt,pricing_dt,ers_opt,pr_lst_tp,qadc01,qadc02,qadd01,qadd02,qadi01,qadi02,sales_order_id,is_btb,sales_order_id_hold,transmission_mode_code,exchange_rate_2,exchange_rate_type,exchange_rate_sequence,ap_gl_subaccount_id,crt_int,consignment,max_aging_days,app_owner,tot_terms_code,translt_days,company_code,record_id,last_updated_at,,,,,,,,,,,,,,,,,,,,,,,,,,,,,,,,,,,,,,,,,,,,,,,,,,,,,,,,,,,,,,,,,,,,,,,,,,,,,,,,,,,,,,,,,,,,,,,,,,,
8,lh_bronze_qad1,mm,PO_MSTR,purchase_order,PO_NBR,PO_VEND,PO_SHIP,PO_ORD_DATE,PO_RMKS,PO_CR_TERMS,PO_BUYER,PO_SHIPVIA,PO_FOB,PO_BILL,PO__QAD04,PO_PARTIAL,PO_REV,PO_STAT,PO_AP_ACCT,PO_AP_CC,PO_FRT,PO_SERV_CHG,PO_SPEC_CHG,`PO_TAX_PCT##1`,`PO_TAX_PCT##2`,`PO_TAX_PCT##3`,PO_DISC_PCT,PO_PREPAID,PO_CONTACT,PO_CONFIRM,PO_CMTINDX,PO_PRINT,PO_CLS_DATE,PO_TAXABLE,PO_USER1,PO_USER2,PO_CURR,PO_EX_RATE,PO_LANG,PO_FST_ID,PO_PST_ID,PO_PST,PO_DUTY_TYPE,PO__QAD05,PO__QAD07,PO__QAD08,PO_SITE,PO_BLANKET,PO__QAD01,PO__QAD02,PO__QAD03,PO_CONTRACT,PO_DEL_TO,PO_DUE_DATE,PO_EFF_STRT,PO_EFF_TO,PO_EST_VALUE,PO__QAD06,PO_PROJECT,PO_REL_NBR,PO_REQ_ID,PO_TYPE,PO_USER_ID,PO__QAD09,PO_RELEASE,PO_RECURR,PO_CYCL,PO__CHR01,PO__CHR02,PO__CHR03,PO__CHR04,PO__CHR05,PO__CHR06,PO__CHR07,PO__CHR08,PO__CHR09,PO__CHR10,PO__DTE01,PO__DTE02,PO__DEC01,PO__DEC02,PO__LOG01,PO_INV_MTHD,PO_FIX_RATE,PO_ENT_EX,PO_TAX_DATE,PO_FSM_TYPE,PO_BANK,PO_PR_LIST,PO_TAX_ENV,PO_SCHED,PO_PR_LIST2,PO_TAX_USAGE,PO_FIX_PR,PO_SCH_MTHD,PO_TAXC,PO_PRICED_DT,PO_PRICING_DT,PO_ERS_OPT,PO_PR_LST_TP,PO__QADC01,PO__QADC02,PO__QADD01,PO__QADD02,PO__QADI01,PO__QADI02,PO_SO_NBR,PO_IS_BTB,PO_SO_HOLD,PO_XMIT,PO_EX_RATE2,PO_EX_RATETYPE,PO_EXRU_SEQ,PO_AP_SUB,PO_CRT_INT,PO_CONSIGNMENT,PO_MAX_AGING_DAYS,PO_APP_OWNER,PO_TOT_TERMS_CODE,PO_TRANSLT_DAYS,PO_DOMAIN,PROGRESS_RECID,current_timestamp(),,,,,,,,,,,,,,,,,,,,,,,,,,,,,,,,,,,,,,,,,,,,,,,,,,,,,,,,,,,,,,,,,,,,,,,,,,,,,,,,,,,,,,,,,,,,,,,,,,,
8,lh_bronze_sap_rise,mm,IPURCHASEORDER,purchase_order,PurchaseOrder,Supplier,,DocumentDate,,,,,,,,,,,GLAccount,CostCenter,,,,,,,,,,,,,DocumentDate,,,,TransactionCurrency,,,,,,,,,,Plant,,,,,,,DocumentDate,,,,,WBSElementInternalID,,,,,,,,,,,,,,,,,,,,,,,,,,,DocumentDate,,,,,,,,,,,,,,,,,,,,,,,,,,,,GLAccount,,,,,,,CompanyCode,,LastChangeDateTime,,,,,,,,,,,,,,,,,,,,,,,,,,,,,,,,,,,,,,,,,,,,,,,,,,,,,,,,,,,,,,,,,,,,,,,,,,,,,,,,,,,,,,,,,,,Client,CreatedByUser,CreationDate,LastChangedByUser,LastChangeDate,DataSource,LogicalSystem,DataPackage,
8,lh_silver_erp,mm,purchase_order_items,purchase_order_items,purchase_order_id,due_date,line_number,material_id,quantity_ordered,quantity_received,purchase_cost,standard_cost,sales_order_id_job,quantity_change,cost_change,bo_change,gl_account_id,period_date,type_code,insp_rqd,wo_lot_number,vendor_material_id,need_date,taxable,description,cost_center_id,qad04_1,qad04_2,qad04_3,qad04_4,qad04_5,unit_of_measure_code,discount_percent,req_id,qad10,unit_of_measure_conversion_factor,storage_location_id,serial,op,contract,status,revision,comment_index,req_line_number,project_id,packing_slip_change,cst_up,reporting_unit_of_measure_code,user1,user2,vat,qad16,qad06,pst,qad13,qad07,pay_unit_of_measure_code,payment_unit_of_measure_conversion_factor,qad15,plant_id,reporting_unit_of_measure_code_conv,quantity_rtnd,blanket,blnkt_ln,qad01,qad02,qad03,qad05,qad08,qad09,qad11,qad12,qad14,released_id,released_quantity,reason,request,approve,chr01,chr02,chr03,chr04,chr05,chr06,chr07,chr08,chr09,chr10,dte01,dte02,dec01,dec02,log01,rma_type_code,tax_max,cum_quantity_1,cum_quantity_2,cum_quantity_3,cum_quantity_4,cum_date_1,cum_date_2,cum_date_3,cum_date_4,contr_id,apr_code,taxc,purchase_order_id_plant_id,purchase_order_id_db,firm_weeks,mrp_percent,raw_weeks,fab_weeks,plan_weeks,currency_code_rlse_id_1,currency_code_rlse_id_2,currency_code_rlse_id_3,sched,ordered_mult,pkg_code,sch_mrp,sch_data,rlse_id,ship_to_id_weeks,translt_days,fsm_type_code,sd_pat,sd_time,plan_days,plan_mths,firm_days,start_effective_1,start_effective_2,start_effective_3,start_effective_4,end_effective_1,end_effective_2,end_effective_3,end_effective_4,raw_days,fab_days,tax_usage,tax_in,sched_chgd,pr_list,dock,pastdue,drp_ref,tax_env,crt_int,translt_hrs,sftylt_days,sftylt_hrs,fix_pr,fr_list,batch_id_next,batch_id_rcpt,grade,expire,rctstat,assay,rctstat_active,pricing_dt,pr_lst_tp,ers_opt,qadd01,qadd02,qadd03,sod_line_number,sales_order_id_status,gl_subaccount_id_ship_to_id_date,gl_subaccount_id_type_code,gl_subaccount_id,wip_lotser,pjs_line_number,consignment,max_aging_days,multi_due_dates,company_code,record_id,last_updated_at,,,,,,,,,,,,,,,,,,,,,,,,,,,,,,,,,,,,,,,,,,
8,lh_bronze_qad1,mm,POD_DET,purchase_order_items,POD_NBR,POD_DUE_DATE,POD_LINE,POD_PART,POD_QTY_ORD,POD_QTY_RCVD,POD_PUR_COST,POD_STD_COST,POD_SO_JOB,POD_QTY_CHG,POD_COST_CHG,POD_BO_CHG,POD_ACCT,POD_PER_DATE,POD_TYPE,POD_INSP_RQD,POD_WO_LOT,POD_VPART,POD_NEED,POD_TAXABLE,POD_DESC,POD_CC,`POD__QAD04##1`,`POD__QAD04##2`,`POD__QAD04##3`,`POD__QAD04##4`,`POD__QAD04##5`,POD_UM,POD_DISC_PCT,POD_REQ_NBR,POD__QAD10,POD_UM_CONV,POD_LOC,POD_SERIAL,POD_OP,POD_CONTRACT,POD_STATUS,POD_REV,POD_CMTINDX,POD_REQ_LINE,POD_PROJECT,POD_PS_CHG,POD_CST_UP,POD_RUM,POD_USER1,POD_USER2,POD_VAT,POD__QAD16,POD__QAD06,POD_PST,POD__QAD13,POD__QAD07,POD_PAY_UM,POD_PUM_CONV,POD__QAD15,POD_SITE,POD_RUM_CONV,POD_QTY_RTND,POD_BLANKET,POD_BLNKT_LN,POD__QAD01,POD__QAD02,POD__QAD03,POD__QAD05,POD__QAD08,POD__QAD09,POD__QAD11,POD__QAD12,POD__QAD14,POD_REL_NBR,POD_REL_QTY,POD_REASON,POD_REQUEST,POD_APPROVE,POD__CHR01,POD__CHR02,POD__CHR03,POD__CHR04,POD__CHR05,POD__CHR06,POD__CHR07,POD__CHR08,POD__CHR09,POD__CHR10,POD__DTE01,POD__DTE02,POD__DEC01,POD__DEC02,POD__LOG01,POD_RMA_TYPE,POD_TAX_MAX,`POD_CUM_QTY##1`,`POD_CUM_QTY##2`,`POD_CUM_QTY##3`,`POD_CUM_QTY##4`,`POD_CUM_DATE##1`,`POD_CUM_DATE##2`,`POD_CUM_DATE##3`,`POD_CUM_DATE##4`,POD_CONTR_ID,POD_APR_CODE,POD_TAXC,POD_PO_SITE,POD_PO_DB,POD_FIRM_WEEKS,POD_MRP_PCT,POD_RAW_WEEKS,POD_FAB_WEEKS,POD_PLAN_WEEKS,`POD_CURR_RLSE_ID##1`,`POD_CURR_RLSE_ID##2`,`POD_CURR_RLSE_ID##3`,POD_SCHED,POD_ORD_MULT,POD_PKG_CODE,POD_SCH_MRP,POD_SCH_DATA,POD_RLSE_NBR,POD_SHIP_WEEKS,POD_TRANSLT_DAYS,POD_FSM_TYPE,POD_SD_PAT,POD_SD_TIME,POD_PLAN_DAYS,POD_PLAN_MTHS,POD_FIRM_DAYS,`POD_START_EFF##1`,`POD_START_EFF##2`,`POD_START_EFF##3`,`POD_START_EFF##4`,`POD_END_EFF##1`,`POD_END_EFF##2`,`POD_END_EFF##3`,`POD_END_EFF##4`,POD_RAW_DAYS,POD_FAB_DAYS,POD_TAX_USAGE,POD_TAX_IN,POD_SCHED_CHGD,POD_PR_LIST,POD_DOCK,POD_PASTDUE,POD_DRP_REF,POD_TAX_ENV,POD_CRT_INT,POD_TRANSLT_HRS,POD_SFTYLT_DAYS,POD_SFTYLT_HRS,POD_FIX_PR,POD_FR_LIST,POD_LOT_NEXT,POD_LOT_RCPT,POD_GRADE,POD_EXPIRE,POD_RCTSTAT,POD_ASSAY,POD_RCTSTAT_ACTIVE,POD_PRICING_DT,POD_PR_LST_TP,POD_ERS_OPT,POD__QADD01,POD__QADD02,POD__QADD03,POD_SOD_LINE,POD_SO_STATUS,POD_SUB_SHIP_DATE,POD_SUB_TYPE,POD_SUB,POD_WIP_LOTSER,POD_PJS_LINE,POD_CONSIGNMENT,POD_MAX_AGING_DAYS,POD_MULTI_DUE_DATES,POD_DOMAIN,PROGRESS_RECID,current_timestamp(),,,,,,,,,,,,,,,,,,,,,,,,,,,,,,,,,,,,,,,,,,
8,lh_bronze_sap_rise,mm,IPURCHASEORDERIT,purchase_order_items,PurchaseOrder,DocumentDate,,Material,,,,,,,,,GLAccount,DocumentDate,,,,Material,DocumentDate,,Description,CostCenter,,,,,,,,,,,,,,,,,,,WBSElementInternalID,,,,,,,,,,,,,,,Plant,,,,,,,,,,,,,,,,,,,,,,,,,,,,,,,,,,,,,,,,DocumentDate,DocumentDate,DocumentDate,DocumentDate,,,,Plant,,,,,,,TransactionCurrency,TransactionCurrency,TransactionCurrency,,,,,,,,,,,,,,,,,,,,,,,,,,,,,,,,,,,,,,,,,,,,,,,,,,,,,,GLAccount,GLAccount,GLAccount,,,,,DocumentDate,CompanyCode,,LastChangeDateTime,,,,,,,,,,,,,,,,,,,,,,,,,,,,,,,,,,Client,CreatedByUser,CreationDate,LastChangedByUser,LastChangeDate,DataSource,LogicalSystem,DataPackage,
8,lh_silver_erp,mm,purchase_requisition_items,purchase_requisition_items,requisition_id,line,material_id,qty,rel_date,need,unit_of_measure_code,print,job,user1,user2,plant_id,account_id,cost_center_id,cmtindx,request,apr_by,chr01,chr02,chr03,chr04,chr05,dte01,dte02,dec01,dec02,log01,project_id,apr_code,pur_cost,apr_prnt,approved,apr_ent,po_plant_id,sub,app_owner,company_code,record_id,last_updated_at,,,,,,,,,,,,,,,,,,,,,,,,,,,,,,,,,,,,,,,,,,,,,,,,,,,,,,,,,,,,,,,,,,,,,,,,,,,,,,,,,,,,,,,,,,,,,,,,,,,,,,,,,,,,,,,,,,,,,,,,,,,,,,,,,,,,,,,,,,,,,,,,,,,,,,,,,,,,,,,,,,,,,,,,,,,,,,,,,,,
8,lh_bronze_qad1,mm,REQ_DET,purchase_requisition_items,REQ_NBR,REQ_LINE,REQ_PART,REQ_QTY,REQ_REL_DATE,REQ_NEED,REQ_UM,REQ_PRINT,REQ_SO_JOB,REQ_USER1,REQ_USER2,REQ_SITE,REQ_ACCT,REQ_CC,REQ_CMTINDX,REQ_REQUEST,REQ_APR_BY,REQ__CHR01,REQ__CHR02,REQ__CHR03,REQ__CHR04,REQ__CHR05,REQ__DTE01,REQ__DTE02,REQ__DEC01,REQ__DEC02,REQ__LOG01,REQ_PROJECT,REQ_APR_CODE,REQ_PUR_COST,REQ_APR_PRNT,REQ_APPROVED,REQ_APR_ENT,REQ_PO_SITE,REQ_SUB,REQ_APP_OWNER,REQ_DOMAIN,PROGRESS_RECID,current_timestamp(),,,,,,,,,,,,,,,,,,,,,,,,,,,,,,,,,,,,,,,,,,,,,,,,,,,,,,,,,,,,,,,,,,,,,,,,,,,,,,,,,,,,,,,,,,,,,,,,,,,,,,,,,,,,,,,,,,,,,,,,,,,,,,,,,,,,,,,,,,,,,,,,,,,,,,,,,,,,,,,,,,,,,,,,,,,,,,,,,,,
8,lh_bronze_sap_rise,mm,IPURCHASEREQITEM,purchase_requisition_items,,,Material,,DocumentDate,,,,,,,Plant,GLAccount,CostCenter,,,,,,,,,,,,,,WBSElementInternalID,,,,,,Plant,,,CompanyCode,,LastChangeDateTime,,,,,,,,,,,,,,,,,,,,,,,,,,,,,,,,,,,,,,,,,,,,,,,,,,,,,,,,,,,,,,,,,,,,,,,,,,,,,,,,,,,,,,,,,,,,,,,,,,,,,,,,,,,,,,,,,,,,,,,,,,,,,,,,,,,,,,,,,,,,,,,,,,,,,,,,,,,,,,,,,,,,,,,,,,,Client,CreatedByUser,CreationDate,LastChangedByUser,LastChangeDate,DataSource,LogicalSystem,DataPackage,
8,lh_silver_erp,mm,stock_transport_order,stock_transport_order,shipment_number,shipping_plant_id,receiving_plant_id,created_date,due_date,shipping_date,sales_order_id,purchase_order_id,fob_point,shipping_method,bill_of_lading,remarks,status,comment_index,language_code,freight_list,freight_terms,carton_count,user1,user2,chr01,chr02,chr03,chr04,chr05,chr06,chr07,chr08,chr09,chr10,dte01,dte02,dec01,dec02,log01,app_owner,total_weight,weight_unit,freight_min_weight,company_code,record_id,last_updated_at,,,,,,,,,,,,,,,,,,,,,,,,,,,,,,,,,,,,,,,,,,,,,,,,,,,,,,,,,,,,,,,,,,,,,,,,,,,,,,,,,,,,,,,,,,,,,,,,,,,,,,,,,,,,,,,,,,,,,,,,,,,,,,,,,,,,,,,,,,,,,,,,,,,,,,,,,,,,,,,,,,,,,,,,,,,,,,,,
8,lh_bronze_qad1,mm,DSS_MSTR,stock_transport_order,DSS_NBR,DSS_SHIPSITE,DSS_REC_SITE,DSS_CREATED,DSS_DUE_DATE,DSS_SHIPDATE,DSS_SO_NBR,DSS_PO_NBR,DSS_FOB,DSS_SHIPVIA,DSS_BOL,DSS_RMKS,DSS_STATUS,DSS_CMTINDX,DSS_LANG,DSS_FR_LIST,DSS_FR_TERMS,DSS_CARTONS,DSS_USER1,DSS_USER2,DSS__CHR01,DSS__CHR02,DSS__CHR03,DSS__CHR04,DSS__CHR05,DSS__CHR06,DSS__CHR07,DSS__CHR08,DSS__CHR09,DSS__CHR10,DSS__DTE01,DSS__DTE02,DSS__DEC01,DSS__DEC02,DSS__LOG01,DSS_APP_OWNER,DSS_WEIGHT,DSS_WEIGHT_UM,DSS_FR_MIN_WT,DSS_DOMAIN,PROGRESS_RECID,current_timestamp(),,,,,,,,,,,,,,,,,,,,,,,,,,,,,,,,,,,,,,,,,,,,,,,,,,,,,,,,,,,,,,,,,,,,,,,,,,,,,,,,,,,,,,,,,,,,,,,,,,,,,,,,,,,,,,,,,,,,,,,,,,,,,,,,,,,,,,,,,,,,,,,,,,,,,,,,,,,,,,,,,,,,,,,,,,,,,,,,
8,lh_bronze_sap_rise,mm,IPURCHASEORDER,stock_transport_order,,Plant,Plant,DocumentDate,DocumentDate,DocumentDate,,,,,,,,,,,,,,,,,,,,,,,,,,,,,,,,,,CompanyCode,,LastChangeDateTime,,,,,,,,,,,,,,,,,,,,,,,,,,,,,,,,,,,,,,,,,,,,,,,,,,,,,,,,,,,,,,,,,,,,,,,,,,,,,,,,,,,,,,,,,,,,,,,,,,,,,,,,,,,,,,,,,,,,,,,,,,,,,,,,,,,,,,,,,,,,,,,,,,,,,,,,,,,,,,,,,,,,,,,,Client,CreatedByUser,CreationDate,LastChangedByUser,LastChangeDate,DataSource,LogicalSystem,DataPackage,
8,lh_silver_erp,mm,stock_transport_order_items,stock_transport_order_items,requisition_number,order_number,plant_id,shipping_plant,shipping_date,due_date,period_date,material_id,order_quantity,confirmed_quantity,shipped_quantity,status,remarks,revision,transit_plant,transit_gl_account,transit_cost_center,project_id,comment_index,residual_quantity,sales_order_number,storage_location_id,transaction_id,user1,user2,chr01,chr02,chr03,chr04,chr05,dte01,dte02,dec01,dec02,log01,total_quantity,picked_quantity,quantity_change,sales_order_item,transit_subaccount,order_category,freight_rate,freight_weight,weight_unit,freight_class,freight_charge,freight_list,line_number,company_code,record_id,last_updated_at,,,,,,,,,,,,,,,,,,,,,,,,,,,,,,,,,,,,,,,,,,,,,,,,,,,,,,,,,,,,,,,,,,,,,,,,,,,,,,,,,,,,,,,,,,,,,,,,,,,,,,,,,,,,,,,,,,,,,,,,,,,,,,,,,,,,,,,,,,,,,,,,,,,,,,,,,,,,,,,,,,,,,,,
8,lh_bronze_qad1,mm,DS_DET,stock_transport_order_items,DS_REQ_NBR,DS_NBR,DS_SITE,DS_SHIPSITE,DS_SHIPDATE,DS_DUE_DATE,DS_PER_DATE,DS_PART,DS_QTY_ORD,DS_QTY_CONF,DS_QTY_SHIP,DS_STATUS,DS_RMKS,DS_REV,DS_GIT_SITE,DS_GIT_ACCT,DS_GIT_CC,DS_PROJECT,DS_CMTINDX,DS_RESIDUAL,DS_SO_NBR,DS_LOC,DS_TRANS_ID,DS_USER1,DS_USER2,DS__CHR01,DS__CHR02,DS__CHR03,DS__CHR04,DS__CHR05,DS__DTE01,DS__DTE02,DS__DEC01,DS__DEC02,DS__LOG01,DS_QTY_ALL,DS_QTY_PICK,DS_QTY_CHG,DS_SOD_LINE,DS_GIT_SUB,DS_ORDER_CATEGORY,DS_FR_RATE,DS_FR_WT,DS_FR_WT_UM,DS_FR_CLASS,DS_FR_CHG,DS_FR_LIST,DS_LINE,DS_DOMAIN,PROGRESS_RECID,current_timestamp(),,,,,,,,,,,,,,,,,,,,,,,,,,,,,,,,,,,,,,,,,,,,,,,,,,,,,,,,,,,,,,,,,,,,,,,,,,,,,,,,,,,,,,,,,,,,,,,,,,,,,,,,,,,,,,,,,,,,,,,,,,,,,,,,,,,,,,,,,,,,,,,,,,,,,,,,,,,,,,,,,,,,,,,
8,lh_bronze_sap_rise,mm,IPURCHASEORDERIT,stock_transport_order_items,,,Plant,,DocumentDate,DocumentDate,DocumentDate,Material,,,,,,,,,,WBSElementInternalID,,,,,,,,,,,,,,,,,,,,,,,,,,,,,,,CompanyCode,,LastChangeDateTime,,,,,,,,,,,,,,,,,,,,,,,,,,,,,,,,,,,,,,,,,,,,,,,,,,,,,,,,,,,,,,,,,,,,,,,,,,,,,,,,,,,,,,,,,,,,,,,,,,,,,,,,,,,,,,,,,,,,,,,,,,,,,,,,,,,,,,,,,,,,,,,,,,,,,,,,,,,,,,,Client,CreatedByUser,CreationDate,LastChangedByUser,LastChangeDate,DataSource,LogicalSystem,DataPackage,
8,lh_silver_erp,mm,stock_transport_requisition_items,stock_transport_requisition_items,requisition_number,plant_id,shipping_plant_id,shipping_date,due_date,period_date,material_id,order_quantity,confirmed_quantity,received_quantity,shipped_quantity,transit_quantity,status,remarks,revision,transit_plant_id,transit_gl_account_id,transit_cost_center_id,project_id,comment_index,residual_quantity,storage_location_id,transaction_id,updated_flag,user1,user2,chr01,chr02,chr03,chr04,chr05,dte01,dte02,dec01,dec02,log01,order_number,quantity_change,purchase_order_number,purchase_order_item,transit_subaccount,company_code,record_id,last_updated_at,,,,,,,,,,,,,,,,,,,,,,,,,,,,,,,,,,,,,,,,,,,,,,,,,,,,,,,,,,,,,,,,,,,,,,,,,,,,,,,,,,,,,,,,,,,,,,,,,,,,,,,,,,,,,,,,,,,,,,,,,,,,,,,,,,,,,,,,,,,,,,,,,,,,,,,,,,,,,,,,,,,,,,,,,,,,,,
8,lh_bronze_qad1,mm,DSD_DET,stock_transport_requisition_items,DSD_REQ_NBR,DSD_SITE,DSD_SHIPSITE,DSD_SHIPDATE,DSD_DUE_DATE,DSD_PER_DATE,DSD_PART,DSD_QTY_ORD,DSD_QTY_CONF,DSD_QTY_RCVD,DSD_QTY_SHIP,DSD_TRANSIT,DSD_STATUS,DSD_RMKS,DSD_REV,DSD_GIT_SITE,DSD_GIT_ACCT,DSD_GIT_CC,DSD_PROJECT,DSD_CMTINDX,DSD_RESIDUAL,DSD_LOC,DSD_TRANS_ID,DSD_UPDATED,DSD_USER1,DSD_USER2,DSD__CHR01,DSD__CHR02,DSD__CHR03,DSD__CHR04,DSD__CHR05,DSD__DTE01,DSD__DTE02,DSD__DEC01,DSD__DEC02,DSD__LOG01,DSD_NBR,DSD_QTY_CHG,DSD_PO_NBR,DSD_POD_LINE,DSD_GIT_SUB,DSD_DOMAIN,PROGRESS_RECID,current_timestamp(),,,,,,,,,,,,,,,,,,,,,,,,,,,,,,,,,,,,,,,,,,,,,,,,,,,,,,,,,,,,,,,,,,,,,,,,,,,,,,,,,,,,,,,,,,,,,,,,,,,,,,,,,,,,,,,,,,,,,,,,,,,,,,,,,,,,,,,,,,,,,,,,,,,,,,,,,,,,,,,,,,,,,,,,,,,,,,
8,lh_bronze_sap_rise,mm,IPURCHASEREQITEM,stock_transport_requisition_items,,Plant,Plant,DocumentDate,DocumentDate,DocumentDate,Material,,,,,,,,,Plant,GLAccount,CostCenter,WBSElementInternalID,,,,,DocumentDate,,,,,,,,,,,,,,,,,,CompanyCode,,LastChangeDateTime,,,,,,,,,,,,,,,,,,,,,,,,,,,,,,,,,,,,,,,,,,,,,,,,,,,,,,,,,,,,,,,,,,,,,,,,,,,,,,,,,,,,,,,,,,,,,,,,,,,,,,,,,,,,,,,,,,,,,,,,,,,,,,,,,,,,,,,,,,,,,,,,,,,,,,,,,,,,,,,,,,,,,,Client,CreatedByUser,CreationDate,LastChangedByUser,LastChangeDate,DataSource,LogicalSystem,DataPackage,
8,lh_silver_erp,mm,stock_transport_requisitions,stock_transport_requisitions,requisition_number,plant_id,order_date,due_date,material_id,requested_quantity,status,remarks,revision,project_id,comment_index,sales_order_job,storage_location_id,user1,user2,chr01,chr02,chr03,chr04,chr05,dte01,dte02,dec01,dec02,log01,app_owner,company_code,record_id,last_updated_at,,,,,,,,,,,,,,,,,,,,,,,,,,,,,,,,,,,,,,,,,,,,,,,,,,,,,,,,,,,,,,,,,,,,,,,,,,,,,,,,,,,,,,,,,,,,,,,,,,,,,,,,,,,,,,,,,,,,,,,,,,,,,,,,,,,,,,,,,,,,,,,,,,,,,,,,,,,,,,,,,,,,,,,,,,,,,,,,,,,,,,,,,,,,,
8,lh_bronze_qad1,mm,DSR_MSTR,stock_transport_requisitions,DSR_REQ_NBR,DSR_SITE,DSR_ORD_DATE,DSR_DUE_DATE,DSR_PART,DSR_QTY_REQ,DSR_STATUS,DSR_RMKS,DSR_REV,DSR_PROJECT,DSR_CMTINDX,DSR_SO_JOB,DSR_LOC,DSR_USER1,DSR_USER2,DSR__CHR01,DSR__CHR02,DSR__CHR03,DSR__CHR04,DSR__CHR05,DSR__DTE01,DSR__DTE02,DSR__DEC01,DSR__DEC02,DSR__LOG01,DSR_APP_OWNER,DSR_DOMAIN,PROGRESS_RECID,current_timestamp(),,,,,,,,,,,,,,,,,,,,,,,,,,,,,,,,,,,,,,,,,,,,,,,,,,,,,,,,,,,,,,,,,,,,,,,,,,,,,,,,,,,,,,,,,,,,,,,,,,,,,,,,,,,,,,,,,,,,,,,,,,,,,,,,,,,,,,,,,,,,,,,,,,,,,,,,,,,,,,,,,,,,,,,,,,,,,,,,,,,,,,,,,,,,,
8,lh_bronze_sap_rise,mm,IPURCHASEREQ,stock_transport_requisitions,,Plant,DocumentDate,DocumentDate,Material,,,,,WBSElementInternalID,,,,,,,,,,,,,,,,,CompanyCode,,LastChangeDateTime,,,,,,,,,,,,,,,,,,,,,,,,,,,,,,,,,,,,,,,,,,,,,,,,,,,,,,,,,,,,,,,,,,,,,,,,,,,,,,,,,,,,,,,,,,,,,,,,,,,,,,,,,,,,,,,,,,,,,,,,,,,,,,,,,,,,,,,,,,,,,,,,,,,,,,,,,,,,,,,,,,,,,,,,,,,,,,,,,,,,,Client,CreatedByUser,CreationDate,LastChangedByUser,LastChangeDate,DataSource,LogicalSystem,DataPackage,
9,lh_silver_erp,ecp,job_titles,job_titles,title_id,title_name,members,reporting,department,process_1,process_2,process_3,process_4,process_5,process_6,process_7,process_8,process_9,process_10,process_11,process_12,process_13,process_14,process_15,date01,chr01,chr02,chr03,chr04,dec01,dec02,dec03,dec04,dec05,log01,log02,log03,dte01,dte02,dte03,company_address,company_code,record_id,last_updated_at,,,,,,,,,,,,,,,,,,,,,,,,,,,,,,,,,,,,,,,,,,,,,,,,,,,,,,,,,,,,,,,,,,,,,,,,,,,,,,,,,,,,,,,,,,,,,,,,,,,,,,,,,,,,,,,,,,,,,,,,,,,,,,,,,,,,,,,,,,,,,,,,,,,,,,,,,,,,,,,,,,,,,,,,,,,,,,,,,,
9,lh_bronze_qad2,ecp,XXTITLE_MSTR,job_titles,XXTITLE_ID,XXTITLE_NAME,XXTITLE_MEMBERS,XXTITLE_REPORTING,XXTITLE_DEPARTMENT,`XXTITLE_PROCESS##1`,`XXTITLE_PROCESS##2`,`XXTITLE_PROCESS##3`,`XXTITLE_PROCESS##4`,`XXTITLE_PROCESS##5`,`XXTITLE_PROCESS##6`,`XXTITLE_PROCESS##7`,`XXTITLE_PROCESS##8`,`XXTITLE_PROCESS##9`,`XXTITLE_PROCESS##10`,`XXTITLE_PROCESS##11`,`XXTITLE_PROCESS##12`,`XXTITLE_PROCESS##13`,`XXTITLE_PROCESS##14`,`XXTITLE_PROCESS##15`,XXTITLE__DATE01,XXTITLE__CHR01,XXTITLE__CHR02,XXTITLE__CHR03,XXTITLE__CHR04,XXTITLE__DEC01,XXTITLE__DEC02,XXTITLE__DEC03,XXTITLE__DEC04,XXTITLE__DEC05,XXTITLE__LOG01,XXTITLE__LOG02,XXTITLE__LOG03,XXTITLE__DTE01,XXTITLE__DTE02,XXTITLE__DTE03,XXTITLE_ENTPR_ADDR,XXTITLE_DOMAIN,PROGRESS_RECID,current_timestamp(),,,,,,,,,,,,,,,,,,,,,,,,,,,,,,,,,,,,,,,,,,,,,,,,,,,,,,,,,,,,,,,,,,,,,,,,,,,,,,,,,,,,,,,,,,,,,,,,,,,,,,,,,,,,,,,,,,,,,,,,,,,,,,,,,,,,,,,,,,,,,,,,,,,,,,,,,,,,,,,,,,,,,,,,,,,,,,,,,,
9,lh_bronze_sap_rise,ecp,,job_titles,,,,,,,,,,,,,,,,,,,,,DocumentDate,,,,,,,,,,,,,,,,,CompanyCode,,LastChangeDateTime,,,,,,,,,,,,,,,,,,,,,,,,,,,,,,,,,,,,,,,,,,,,,,,,,,,,,,,,,,,,,,,,,,,,,,,,,,,,,,,,,,,,,,,,,,,,,,,,,,,,,,,,,,,,,,,,,,,,,,,,,,,,,,,,,,,,,,,,,,,,,,,,,,,,,,,,,,,,,,,,,,,,,,,,,,Client,CreatedByUser,CreationDate,LastChangedByUser,LastChangeDate,DataSource,LogicalSystem,DataPackage,
9,lh_silver_erp,ecp,payroll_concepts,payroll_concepts,concept_id,description,type,nem,acum,calc,gimss,gispt,intnat,acnat,acfix,acvar,acstad_fix,acstad_var,applycc,canc_liab,acc_liab,chr01,chr02,chr03,chr04,dec01,dec02,acprov,conciliate,company_code,record_id,last_updated_at,,,,,,,,,,,,,,,,,,,,,,,,,,,,,,,,,,,,,,,,,,,,,,,,,,,,,,,,,,,,,,,,,,,,,,,,,,,,,,,,,,,,,,,,,,,,,,,,,,,,,,,,,,,,,,,,,,,,,,,,,,,,,,,,,,,,,,,,,,,,,,,,,,,,,,,,,,,,,,,,,,,,,,,,,,,,,,,,,,,,,,,,,,,,,,
9,lh_bronze_qad2,ecp,XXCON_MSTR,payroll_concepts,XXCON_CLAVE,XXCON_DESC,XXCON_TIPO,XXCON_NEM,XXCON_ACUM,XXCON_CALC,XXCON_GIMSS,XXCON_GISPT,XXCON_INTNAT,XXCON_ACNAT,XXCON_ACFIX,XXCON_ACVAR,XXCON_ACSTAD_FIX,XXCON_ACSTAD_VAR,XXCON_APPLYCC,XXCON_CANC_LIAB,XXCON_ACC_LIAB,XXCON__CHR01,XXCON__CHR02,XXCON__CHR03,XXCON__CHR04,XXCON__DEC01,XXCON__DEC02,XXCON_ACPROV,XXCON_CONCILIATE,XXCON_DOMAIN,PROGRESS_RECID,current_timestamp(),,,,,,,,,,,,,,,,,,,,,,,,,,,,,,,,,,,,,,,,,,,,,,,,,,,,,,,,,,,,,,,,,,,,,,,,,,,,,,,,,,,,,,,,,,,,,,,,,,,,,,,,,,,,,,,,,,,,,,,,,,,,,,,,,,,,,,,,,,,,,,,,,,,,,,,,,,,,,,,,,,,,,,,,,,,,,,,,,,,,,,,,,,,,,,
9,lh_bronze_sap_rise,ecp,,payroll_concepts,,Description,,,,,,,,,,,,,,,,,,,,,,,,CompanyCode,,LastChangeDateTime,,,,,,,,,,,,,,,,,,,,,,,,,,,,,,,,,,,,,,,,,,,,,,,,,,,,,,,,,,,,,,,,,,,,,,,,,,,,,,,,,,,,,,,,,,,,,,,,,,,,,,,,,,,,,,,,,,,,,,,,,,,,,,,,,,,,,,,,,,,,,,,,,,,,,,,,,,,,,,,,,,,,,,,,,,,,,,,,,,,,,,Client,CreatedByUser,CreationDate,LastChangedByUser,LastChangeDate,DataSource,LogicalSystem,DataPackage,
9,lh_silver_erp,ecp,payroll_control,payroll_control,company_address,company_name,smdf,smza,smzb,smzc,fsub,des_com,monto_desp,per_desp,cos_desp,apply_fa,porc_apply_fa,tope_fa,porc_fa,con_adag,con_adhx,con_adpv,con01_no,con02_no,con03_no,con04_no,con05_no,con06_no,con07_no,con08_no,con09_no,con10_no,con11_no,con12_no,con13_no,con14_no,con15_no,con16_no,con17_no,con18_no,con19_no,con20_no,con21_no,con22_no,con23_no,con24_no,con25_no,con26_no,con27_no,con28_no,con29_no,con30_no,chr01,chr02,chr03,chr04,chr05,chr06,chr07,chr08,chr09,chr10,dec01,dec02,dec03,dec04,dec05,dte01,dte02,log01,log02,apply_prov_ag,apply_prov_pv,con_prov_ag,con_prov_exag,con_prov_pv,con_prov_expv,con_pa,apply_date_pv,date_pv,company_code,record_id,last_updated_at,,,,,,,,,,,,,,,,,,,,,,,,,,,,,,,,,,,,,,,,,,,,,,,,,,,,,,,,,,,,,,,,,,,,,,,,,,,,,,,,,,,,,,,,,,,,,,,,,,,,,,,,,,,,,,,,,,,,,,,,,,,,,,,,,,,,,,,,,,,
9,lh_bronze_qad2,ecp,XXPARGEN_CTRL,payroll_control,XXPARGEN_EMPRESA,XXPARGEN_NOMEMPRESA,XXPARGEN_SMDF,XXPARGEN_SMZA,XXPARGEN_SMZB,XXPARGEN_SMZC,XXPARGEN_FSUB,XXPARGEN_DES_COM,XXPARGEN_MONTO_DESP,XXPARGEN_PER_DESP,XXPARGEN_COS_DESP,XXPARGEN_APPLY_FA,XXPARGEN_PORC_APPLY_FA,XXPARGEN_TOPE_FA,XXPARGEN_PORC_FA,XXPARGEN_CON_ADAG,XXPARGEN_CON_ADHX,XXPARGEN_CON_ADPV,XXPARGEN_CON01_NO,XXPARGEN_CON02_NO,XXPARGEN_CON03_NO,XXPARGEN_CON04_NO,XXPARGEN_CON05_NO,XXPARGEN_CON06_NO,XXPARGEN_CON07_NO,XXPARGEN_CON08_NO,XXPARGEN_CON09_NO,XXPARGEN_CON10_NO,XXPARGEN_CON11_NO,XXPARGEN_CON12_NO,XXPARGEN_CON13_NO,XXPARGEN_CON14_NO,XXPARGEN_CON15_NO,XXPARGEN_CON16_NO,XXPARGEN_CON17_NO,XXPARGEN_CON18_NO,XXPARGEN_CON19_NO,XXPARGEN_CON20_NO,XXPARGEN_CON21_NO,XXPARGEN_CON22_NO,XXPARGEN_CON23_NO,XXPARGEN_CON24_NO,XXPARGEN_CON25_NO,XXPARGEN_CON26_NO,XXPARGEN_CON27_NO,XXPARGEN_CON28_NO,XXPARGEN_CON29_NO,XXPARGEN_CON30_NO,XXPARGEN__CHR01,XXPARGEN__CHR02,XXPARGEN__CHR03,XXPARGEN__CHR04,XXPARGEN__CHR05,XXPARGEN__CHR06,XXPARGEN__CHR07,XXPARGEN__CHR08,XXPARGEN__CHR09,XXPARGEN__CHR10,XXPARGEN__DEC01,XXPARGEN__DEC02,XXPARGEN__DEC03,XXPARGEN__DEC04,XXPARGEN__DEC05,XXPARGEN__DTE01,XXPARGEN__DTE02,XXPARGEN__LOG01,XXPARGEN__LOG02,XXPARGEN_APPLY_PROV_AG,XXPARGEN_APPLY_PROV_PV,XXPARGEN_CON_PROV_AG,XXPARGEN_CON_PROV_EXAG,XXPARGEN_CON_PROV_PV,XXPARGEN_CON_PROV_EXPV,XXPARGEN_CON_PA,XXPARGEN_APPLY_DATE_PV,XXPARGEN_DATE_PV,XXPARGEN_DOMAIN,PROGRESS_RECID,current_timestamp(),,,,,,,,,,,,,,,,,,,,,,,,,,,,,,,,,,,,,,,,,,,,,,,,,,,,,,,,,,,,,,,,,,,,,,,,,,,,,,,,,,,,,,,,,,,,,,,,,,,,,,,,,,,,,,,,,,,,,,,,,,,,,,,,,,,,,,,,,,,
9,lh_bronze_sap_rise,ecp,,payroll_control,,,,,,,,,,,,,,,,,,,,,,,,,,,,,,,,,,,,,,,,,,,,,,,,,,,,,,,,,,,,,,,,,,,,,,,,,,,DocumentDate,DocumentDate,CompanyCode,,LastChangeDateTime,,,,,,,,,,,,,,,,,,,,,,,,,,,,,,,,,,,,,,,,,,,,,,,,,,,,,,,,,,,,,,,,,,,,,,,,,,,,,,,,,,,,,,,,,,,,,,,,,,,,,,,,,,,,,,,,,,,,,,,,,,,,,,,,,,,Client,CreatedByUser,CreationDate,LastChangedByUser,LastChangeDate,DataSource,LogicalSystem,DataPackage,
9,lh_silver_erp,ecp,payroll_groups,payroll_groups,company_address,type,concept_id,chr01,chr02,chr03,chr04,chr05,chr06,chr07,chr08,chr09,chr10,dec01,dec02,dec03,dec04,dec05,log01,log02,dte01,dte02,company_code,record_id,last_updated_at,,,,,,,,,,,,,,,,,,,,,,,,,,,,,,,,,,,,,,,,,,,,,,,,,,,,,,,,,,,,,,,,,,,,,,,,,,,,,,,,,,,,,,,,,,,,,,,,,,,,,,,,,,,,,,,,,,,,,,,,,,,,,,,,,,,,,,,,,,,,,,,,,,,,,,,,,,,,,,,,,,,,,,,,,,,,,,,,,,,,,,,,,,,,,,,,,
9,lh_bronze_qad2,ecp,XXPARGEND_DET,payroll_groups,XXPARGEND_EMPRESA,XXPARGEND_TYPE,XXPARGEND_CON,XXPARGEND__CHR01,XXPARGEND__CHR02,XXPARGEND__CHR03,XXPARGEND__CHR04,XXPARGEND__CHR05,XXPARGEND__CHR06,XXPARGEND__CHR07,XXPARGEND__CHR08,XXPARGEND__CHR09,XXPARGEND__CHR10,XXPARGEND__DEC01,XXPARGEND__DEC02,XXPARGEND__DEC03,XXPARGEND__DEC04,XXPARGEND__DEC05,XXPARGEND_LOG01,XXPARGEND_LOG02,XXPARGEND__DTE01,XXPARGEND__DTE02,XXPARGEND_DOMAIN,PROGRESS_RECID,current_timestamp(),,,,,,,,,,,,,,,,,,,,,,,,,,,,,,,,,,,,,,,,,,,,,,,,,,,,,,,,,,,,,,,,,,,,,,,,,,,,,,,,,,,,,,,,,,,,,,,,,,,,,,,,,,,,,,,,,,,,,,,,,,,,,,,,,,,,,,,,,,,,,,,,,,,,,,,,,,,,,,,,,,,,,,,,,,,,,,,,,,,,,,,,,,,,,,,,,
9,lh_bronze_sap_rise,ecp,,payroll_groups,,,,,,,,,,,,,,,,,,,,,,,CompanyCode,,LastChangeDateTime,,,,,,,,,,,,,,,,,,,,,,,,,,,,,,,,,,,,,,,,,,,,,,,,,,,,,,,,,,,,,,,,,,,,,,,,,,,,,,,,,,,,,,,,,,,,,,,,,,,,,,,,,,,,,,,,,,,,,,,,,,,,,,,,,,,,,,,,,,,,,,,,,,,,,,,,,,,,,,,,,,,,,,,,,,,,,,,,,,,,,,,,,Client,CreatedByUser,CreationDate,LastChangedByUser,LastChangeDate,DataSource,LogicalSystem,DataPackage,
9,lh_silver_erp,fi,check_register,check_register,ref,status,document_id,bank_id,type_code,comment_index,currency_code,exchange_rate,voiddate,voideff,user1,user2,clr_date,qadc01,exchange_rate_2,exchange_rate_type,exchange_rate_sequence,company_code,record_id,last_updated_at,,,,,,,,,,,,,,,,,,,,,,,,,,,,,,,,,,,,,,,,,,,,,,,,,,,,,,,,,,,,,,,,,,,,,,,,,,,,,,,,,,,,,,,,,,,,,,,,,,,,,,,,,,,,,,,,,,,,,,,,,,,,,,,,,,,,,,,,,,,,,,,,,,,,,,,,,,,,,,,,,,,,,,,,,,,,,,,,,,,,,,,,,,,,,,,,,,,,,,
9,lh_bronze_qad1,fi,CK_MSTR,check_register,CK_REF,CK_STATUS,CK_NBR,CK_BANK,CK_TYPE,CK_CMTINDX,CK_CURR,CK_EX_RATE,CK_VOIDDATE,CK_VOIDEFF,CK_USER1,CK_USER2,CK_CLR_DATE,CK__QADC01,CK_EX_RATE2,CK_EX_RATETYPE,CK_EXRU_SEQ,CK_DOMAIN,PROGRESS_RECID,current_timestamp(),,,,,,,,,,,,,,,,,,,,,,,,,,,,,,,,,,,,,,,,,,,,,,,,,,,,,,,,,,,,,,,,,,,,,,,,,,,,,,,,,,,,,,,,,,,,,,,,,,,,,,,,,,,,,,,,,,,,,,,,,,,,,,,,,,,,,,,,,,,,,,,,,,,,,,,,,,,,,,,,,,,,,,,,,,,,,,,,,,,,,,,,,,,,,,,,,,,,,,
9,lh_bronze_sap_rise,fi,IPAYMENTDOC,check_register,,,,,,,TransactionCurrency,,DocumentDate,,,,DocumentDate,,,,,CompanyCode,,LastChangeDateTime,,,,,,,,,,,,,,,,,,,,,,,,,,,,,,,,,,,,,,,,,,,,,,,,,,,,,,,,,,,,,,,,,,,,,,,,,,,,,,,,,,,,,,,,,,,,,,,,,,,,,,,,,,,,,,,,,,,,,,,,,,,,,,,,,,,,,,,,,,,,,,,,,,,,,,,,,,,,,,,,,,,,,,,,,,,,,,,,,,,,,,,,,,,,,,Client,CreatedByUser,CreationDate,LastChangedByUser,LastChangeDate,DataSource,LogicalSystem,DataPackage,
9,lh_silver_erp,fi,format_positions,format_positions,format_position_id,description,sums_into,type,dr_cr_credit,page_break,is_header,is_total,skip_line,underline,user_field_1,user_field_2,cost_center_sort,subaccount_sort,company_code,record_id,last_updated_at,,,,,,,,,,,,,,,,,,,,,,,,,,,,,,,,,,,,,,,,,,,,,,,,,,,,,,,,,,,,,,,,,,,,,,,,,,,,,,,,,,,,,,,,,,,,,,,,,,,,,,,,,,,,,,,,,,,,,,,,,,,,,,,,,,,,,,,,,,,,,,,,,,,,,,,,,,,,,,,,,,,,,,,,,,,,,,,,,,,,,,,,,,,,,,,,,,,,,,,,,
9,lh_bronze_qad1,fi,FM_MSTR,format_positions,CAST(FM_FPOS AS INT),FM_DESC,CAST(FM_SUMS_INTO AS INT),FM_TYPE,CAST(FM_DR_CR AS BOOLEAN),CAST(FM_PAGE_BRK AS BOOLEAN),CAST(FM_HEADER AS BOOLEAN),CAST(FM_TOTAL AS BOOLEAN),CAST(FM_SKIP AS BOOLEAN),CAST(FM_UNDERLN AS BOOLEAN),FM_USER1,FM_USER2,CAST(FM_CC_SORT AS BOOLEAN),CAST(FM_SUB_SORT AS BOOLEAN),FM_DOMAIN,CAST(PROGRESS_RECID AS INT),current_timestamp(),,,,,,,,,,,,,,,,,,,,,,,,,,,,,,,,,,,,,,,,,,,,,,,,,,,,,,,,,,,,,,,,,,,,,,,,,,,,,,,,,,,,,,,,,,,,,,,,,,,,,,,,,,,,,,,,,,,,,,,,,,,,,,,,,,,,,,,,,,,,,,,,,,,,,,,,,,,,,,,,,,,,,,,,,,,,,,,,,,,,,,,,,,,,,,,,,,,,,,,,,
9,lh_bronze_sap_rise,fi,,format_positions,,Description,,,,,,,,,,,,,CompanyCode,,LastChangeDateTime,,,,,,,,,,,,,,,,,,,,,,,,,,,,,,,,,,,,,,,,,,,,,,,,,,,,,,,,,,,,,,,,,,,,,,,,,,,,,,,,,,,,,,,,,,,,,,,,,,,,,,,,,,,,,,,,,,,,,,,,,,,,,,,,,,,,,,,,,,,,,,,,,,,,,,,,,,,,,,,,,,,,,,,,,,,,,,,,,,,,,,,,,,,,,,,,,Client,CreatedByUser,CreationDate,LastChangedByUser,LastChangeDate,DataSource,LogicalSystem,DataPackage,
9,lh_silver_erp,fi,payment_batches,payment_batches,batch_id,user_id,date,ctrl,total,bank_id,status,user1,user2,module,doc_type_code,beg_bal,qadc01,company_code,record_id,last_updated_at,,,,,,,,,,,,,,,,,,,,,,,,,,,,,,,,,,,,,,,,,,,,,,,,,,,,,,,,,,,,,,,,,,,,,,,,,,,,,,,,,,,,,,,,,,,,,,,,,,,,,,,,,,,,,,,,,,,,,,,,,,,,,,,,,,,,,,,,,,,,,,,,,,,,,,,,,,,,,,,,,,,,,,,,,,,,,,,,,,,,,,,,,,,,,,,,,,,,,,,,,,
9,lh_bronze_qad1,fi,BA_MSTR,payment_batches,BA_BATCH,BA_USERID,BA_DATE,BA_CTRL,BA_TOTAL,BA_BANK,BA_STATUS,BA_USER1,BA_USER2,BA_MODULE,BA_DOC_TYPE,BA_BEG_BAL,BA__QADC01,BA_DOMAIN,PROGRESS_RECID,current_timestamp(),,,,,,,,,,,,,,,,,,,,,,,,,,,,,,,,,,,,,,,,,,,,,,,,,,,,,,,,,,,,,,,,,,,,,,,,,,,,,,,,,,,,,,,,,,,,,,,,,,,,,,,,,,,,,,,,,,,,,,,,,,,,,,,,,,,,,,,,,,,,,,,,,,,,,,,,,,,,,,,,,,,,,,,,,,,,,,,,,,,,,,,,,,,,,,,,,,,,,,,,,,
9,lh_bronze_sap_rise,fi,IPAYMENTRUN,payment_batches,,,DocumentDate,,,,,,,,,,,CompanyCode,,LastChangeDateTime,,,,,,,,,,,,,,,,,,,,,,,,,,,,,,,,,,,,,,,,,,,,,,,,,,,,,,,,,,,,,,,,,,,,,,,,,,,,,,,,,,,,,,,,,,,,,,,,,,,,,,,,,,,,,,,,,,,,,,,,,,,,,,,,,,,,,,,,,,,,,,,,,,,,,,,,,,,,,,,,,,,,,,,,,,,,,,,,,,,,,,,,,,,,,,,,,,Client,CreatedByUser,CreationDate,LastChangedByUser,LastChangeDate,DataSource,LogicalSystem,DataPackage,
9,lh_silver_erp,md,comments,comments,comment_index,comment_sequence,reference_key,comment_type,comment_line_1,comment_line_2,comment_line_3,comment_line_4,comment_line_5,comment_line_6,comment_line_7,comment_line_8,comment_line_9,comment_line_10,comment_line_11,comment_line_12,comment_line_13,comment_line_14,comment_line_15,print_code,language_code,user_field_1,user_field_2,valid_from_date,valid_to_date,company_code,record_id,last_updated_at,,,,,,,,,,,,,,,,,,,,,,,,,,,,,,,,,,,,,,,,,,,,,,,,,,,,,,,,,,,,,,,,,,,,,,,,,,,,,,,,,,,,,,,,,,,,,,,,,,,,,,,,,,,,,,,,,,,,,,,,,,,,,,,,,,,,,,,,,,,,,,,,,,,,,,,,,,,,,,,,,,,,,,,,,,,,,,,,,,,,,,,,,,,,,,
9,lh_bronze_qad1,md,CMT_DET,comments,CMT_INDX,CMT_SEQ,CMT_REF,CMT_TYPE,`CMT_CMMT##1`,`CMT_CMMT##2`,`CMT_CMMT##3`,`CMT_CMMT##4`,`CMT_CMMT##5`,`CMT_CMMT##6`,`CMT_CMMT##7`,`CMT_CMMT##8`,`CMT_CMMT##9`,`CMT_CMMT##10`,`CMT_CMMT##11`,`CMT_CMMT##12`,`CMT_CMMT##13`,`CMT_CMMT##14`,`CMT_CMMT##15`,CMT_PRINT,CMT_LANG,CMT_USER1,CMT_USER2,CMT_START,CMT_EXPIRE,CMT_DOMAIN,PROGRESS_RECID,current_timestamp(),,,,,,,,,,,,,,,,,,,,,,,,,,,,,,,,,,,,,,,,,,,,,,,,,,,,,,,,,,,,,,,,,,,,,,,,,,,,,,,,,,,,,,,,,,,,,,,,,,,,,,,,,,,,,,,,,,,,,,,,,,,,,,,,,,,,,,,,,,,,,,,,,,,,,,,,,,,,,,,,,,,,,,,,,,,,,,,,,,,,,,,,,,,,,,
9,lh_bronze_sap_rise,md,,comments,,,,,,,,,,,,,,,,,,,,,,,,DocumentDate,DocumentDate,CompanyCode,,LastChangeDateTime,,,,,,,,,,,,,,,,,,,,,,,,,,,,,,,,,,,,,,,,,,,,,,,,,,,,,,,,,,,,,,,,,,,,,,,,,,,,,,,,,,,,,,,,,,,,,,,,,,,,,,,,,,,,,,,,,,,,,,,,,,,,,,,,,,,,,,,,,,,,,,,,,,,,,,,,,,,,,,,,,,,,,,,,,,,,,,,,,,,,,,Client,CreatedByUser,CreationDate,LastChangedByUser,LastChangeDate,DataSource,LogicalSystem,DataPackage,
9,lh_silver_erp,md,cross_references,cross_references,record_type,registration_date,cross_reference_number,billing_document,address_code,rms_number,rms_blocked_flag,approval_id,approval_year,approval_date,approver_1,approver_2,approver_3,approver_1_date,approver_2_date,approver_3_date,comment_index,registered_by_user,registration_time_text,material,udf_char_01,udf_char_02,udf_decimal_01,udf_decimal_02,udf_date_01,udf_date_02,udf_flag_01,udf_flag_02,reference_year,supplier_code,customer_code,petition_number,smelting_description,transport_code,quantity,petition_date,smelting_description_1,smelting_description_2,smelting_description_3,smelting_description_4,smelting_description_5,company_code,record_id,last_updated_at,,,,,,,,,,,,,,,,,,,,,,,,,,,,,,,,,,,,,,,,,,,,,,,,,,,,,,,,,,,,,,,,,,,,,,,,,,,,,,,,,,,,,,,,,,,,,,,,,,,,,,,,,,,,,,,,,,,,,,,,,,,,,,,,,,,,,,,,,,,,,,,,,,,,,,,,,,,,,,,,,,,,,,,,,,,,,,
9,lh_bronze_qad1,md,XXCRRF_DET,cross_references,XXCRRF_TYPE,XXCRRF_DAT_REG,XXCRRF_NBR,XXCRRF_INV_NBR,XXCRRF_ADDR,XXCRRF_RMS_NBR,XXCRRF_RMS_BLOQ,XXCRRF_APPROVAL,XXCRRF_YEAR_APP,XXCRRF_DAT_APP,XXCRRF_AUT01,XXCRRF_AUT02,XXCRRF_AUT03,XXCRRF_DAT_AUT01,XXCRRF_DAT_AUT02,XXCRRF_DAT_AUT03,XXCRRF_CMTINDX,XXCRRF_USERID_REG,XXCRRF_TIME_REG,XXCRRF_PART,XXCRRF__CHR01,XXCRRF__CHR02,XXCRRF__DEC01,XXCRRF__DEC02,XXCRRF__DAT01,XXCRRF__DAT02,XXCRRF__LOG01,XXCRRF__LOG02,XXCRRF_YEAR,XXCRRF_VD,XXCRRF_CM,XXCRRF_PETITION,XXCRRF_SMELTING,XXCRRF_TRANSPORT,XXCRRF_QTY,XXCRRF_DATE_PET,`XXCRRF_SMELTINGS##1`,`XXCRRF_SMELTINGS##2`,`XXCRRF_SMELTINGS##3`,`XXCRRF_SMELTINGS##4`,`XXCRRF_SMELTINGS##5`,XXCRRF_DOMAIN,PROGRESS_RECID,current_timestamp(),,,,,,,,,,,,,,,,,,,,,,,,,,,,,,,,,,,,,,,,,,,,,,,,,,,,,,,,,,,,,,,,,,,,,,,,,,,,,,,,,,,,,,,,,,,,,,,,,,,,,,,,,,,,,,,,,,,,,,,,,,,,,,,,,,,,,,,,,,,,,,,,,,,,,,,,,,,,,,,,,,,,,,,,,,,,,,
9,lh_bronze_qad2,md,XXCRRF_DET,cross_references,XXCRRF_TYPE,XXCRRF_DAT_REG,XXCRRF_NBR,XXCRRF_INV_NBR,XXCRRF_ADDR,XXCRRF_RMS_NBR,XXCRRF_RMS_BLOQ,XXCRRF_APPROVAL,XXCRRF_YEAR_APP,XXCRRF_DAT_APP,XXCRRF_AUT01,XXCRRF_AUT02,XXCRRF_AUT03,XXCRRF_DAT_AUT01,XXCRRF_DAT_AUT02,XXCRRF_DAT_AUT03,XXCRRF_CMTINDX,XXCRRF_USERID_REG,XXCRRF_TIME_REG,XXCRRF_PART,XXCRRF__CHR01,XXCRRF__CHR02,XXCRRF__DEC01,XXCRRF__DEC02,XXCRRF__DAT01,XXCRRF__DAT02,XXCRRF__LOG01,XXCRRF__LOG02,XXCRRF_YEAR,XXCRRF_VD,XXCRRF_CM,' ',' ',' ',0,NULL,`XXCRRF_SMELTINGS##1`,`XXCRRF_SMELTINGS##2`,`XXCRRF_SMELTINGS##3`,`XXCRRF_SMELTINGS##4`,`XXCRRF_SMELTINGS##5`,XXCRRF_DOMAIN,PROGRESS_RECID,current_timestamp(),,,,,,,,,,,,,,,,,,,,,,,,,,,,,,,,,,,,,,,,,,,,,,,,,,,,,,,,,,,,,,,,,,,,,,,,,,,,,,,,,,,,,,,,,,,,,,,,,,,,,,,,,,,,,,,,,,,,,,,,,,,,,,,,,,,,,,,,,,,,,,,,,,,,,,,,,,,,,,,,,,,,,,,,,,,,,,
9,lh_bronze_sap_rise,md,,cross_references,,DocumentDate,,,,,,,,DocumentDate,,,,DocumentDate,DocumentDate,DocumentDate,,,,,,,,,DocumentDate,DocumentDate,,,,,,,Description,,,DocumentDate,Description,Description,Description,Description,Description,CompanyCode,,LastChangeDateTime,,,,,,,,,,,,,,,,,,,,,,,,,,,,,,,,,,,,,,,,,,,,,,,,,,,,,,,,,,,,,,,,,,,,,,,,,,,,,,,,,,,,,,,,,,,,,,,,,,,,,,,,,,,,,,,,,,,,,,,,,,,,,,,,,,,,,,,,,,,,,,,,,,,,,,,,,,,,,,,,,,,,,,Client,CreatedByUser,CreationDate,LastChangedByUser,LastChangeDate,DataSource,LogicalSystem,DataPackage,
9,lh_silver_erp,md,customers_comments,customers_comments,customer_id,comment,day_grace,comment_themes,company_code,source_oid,record_id,last_updated_at,,,,,,,,,,,,,,,,,,,,,,,,,,,,,,,,,,,,,,,,,,,,,,,,,,,,,,,,,,,,,,,,,,,,,,,,,,,,,,,,,,,,,,,,,,,,,,,,,,,,,,,,,,,,,,,,,,,,,,,,,,,,,,,,,,,,,,,,,,,,,,,,,,,,,,,,,,,,,,,,,,,,,,,,,,,,,,,,,,,,,,,,,,,,,,,,,,,,,,,,,,,,,,,,,,
9,lh_bronze_qad1,md,XXCMD_DET,customers_comments,XXCMD_CM,XXCMD_CMMT,XXCMD_DAY_GRACE,XXCMD_THEMES,XXCMD_DOMAIN,OID_XXCMD_DET,PROGRESS_RECID,current_timestamp(),,,,,,,,,,,,,,,,,,,,,,,,,,,,,,,,,,,,,,,,,,,,,,,,,,,,,,,,,,,,,,,,,,,,,,,,,,,,,,,,,,,,,,,,,,,,,,,,,,,,,,,,,,,,,,,,,,,,,,,,,,,,,,,,,,,,,,,,,,,,,,,,,,,,,,,,,,,,,,,,,,,,,,,,,,,,,,,,,,,,,,,,,,,,,,,,,,,,,,,,,,,,,,,,,,
9,lh_bronze_qad2,md,XXCMD_DET,customers_comments,XXCMD_CM,XXCMD_CMMT,XXCMD_DAY_GRACE,XXCMD_THEMES,XXCMD_DOMAIN,OID_XXCMD_DET,PROGRESS_RECID,current_timestamp(),,,,,,,,,,,,,,,,,,,,,,,,,,,,,,,,,,,,,,,,,,,,,,,,,,,,,,,,,,,,,,,,,,,,,,,,,,,,,,,,,,,,,,,,,,,,,,,,,,,,,,,,,,,,,,,,,,,,,,,,,,,,,,,,,,,,,,,,,,,,,,,,,,,,,,,,,,,,,,,,,,,,,,,,,,,,,,,,,,,,,,,,,,,,,,,,,,,,,,,,,,,,,,,,,,
9,lh_bronze_sap_rise,md,,customers_comments,Customer,,,,CompanyCode,,,LastChangeDateTime,,,,,,,,,,,,,,,,,,,,,,,,,,,,,,,,,,,,,,,,,,,,,,,,,,,,,,,,,,,,,,,,,,,,,,,,,,,,,,,,,,,,,,,,,,,,,,,,,,,,,,,,,,,,,,,,,,,,,,,,,,,,,,,,,,,,,,,,,,,,,,,,,,,,,,,,,,,,,,,,,,,,,,,,,,,,,,,,,,,,,,,,,,,,,,,,,,,,,,,,,,Client,CreatedByUser,CreationDate,LastChangedByUser,LastChangeDate,DataSource,LogicalSystem,DataPackage,
9,lh_silver_erp,md,general_codes,general_codes,code_field_name,code_value,code_description,comment_text,user_field_1,user_field_2,company_code,record_id,last_updated_at,,,,,,,,,,,,,,,,,,,,,,,,,,,,,,,,,,,,,,,,,,,,,,,,,,,,,,,,,,,,,,,,,,,,,,,,,,,,,,,,,,,,,,,,,,,,,,,,,,,,,,,,,,,,,,,,,,,,,,,,,,,,,,,,,,,,,,,,,,,,,,,,,,,,,,,,,,,,,,,,,,,,,,,,,,,,,,,,,,,,,,,,,,,,,,,,,,,,,,,,,,,,,,,,,
9,lh_bronze_qad1,md,CODE_MSTR,general_codes,"NULLIF(CODE_FLDNAME, '')","NULLIF(CODE_VALUE, '')","NULLIF(CODE_DESC, '')","NULLIF(CODE_CMMT, '')","NULLIF(CODE_USER1, '')","NULLIF(CODE_USER2, '')","NULLIF(CODE_DOMAIN, '')",CAST(PROGRESS_RECID AS BIGINT),current_timestamp(),,,,,,,,,,,,,,,,,,,,,,,,,,,,,,,,,,,,,,,,,,,,,,,,,,,,,,,,,,,,,,,,,,,,,,,,,,,,,,,,,,,,,,,,,,,,,,,,,,,,,,,,,,,,,,,,,,,,,,,,,,,,,,,,,,,,,,,,,,,,,,,,,,,,,,,,,,,,,,,,,,,,,,,,,,,,,,,,,,,,,,,,,,,,,,,,,,,,,,,,,,,,,,,,,
9,lh_bronze_sap_rise,md,,general_codes,,,Description,,,,CompanyCode,,LastChangeDateTime,,,,,,,,,,,,,,,,,,,,,,,,,,,,,,,,,,,,,,,,,,,,,,,,,,,,,,,,,,,,,,,,,,,,,,,,,,,,,,,,,,,,,,,,,,,,,,,,,,,,,,,,,,,,,,,,,,,,,,,,,,,,,,,,,,,,,,,,,,,,,,,,,,,,,,,,,,,,,,,,,,,,,,,,,,,,,,,,,,,,,,,,,,,,,,,,,,,,,,,,,Client,CreatedByUser,CreationDate,LastChangedByUser,LastChangeDate,DataSource,LogicalSystem,DataPackage,
9,lh_silver_erp,md,process_log_history,process_log_history,type_code,document_id,sq,ln,material_id,addr,type_code_addr,quantity,amount,date,userreg,date_registered,time_registered,aut,useraut,dataut,timaut,remarks_1,remarks_2,remarks_3,remarks_4,remarks_5,arch,src,currency_code,exchange_rate,company_code,record_id,last_updated_at,,,,,,,,,,,,,,,,,,,,,,,,,,,,,,,,,,,,,,,,,,,,,,,,,,,,,,,,,,,,,,,,,,,,,,,,,,,,,,,,,,,,,,,,,,,,,,,,,,,,,,,,,,,,,,,,,,,,,,,,,,,,,,,,,,,,,,,,,,,,,,,,,,,,,,,,,,,,,,,,,,,,,,,,,,,,,,,,,,,,,,,,,,,,,
9,lh_bronze_qad1,md,XXLOG_HIST,process_log_history,XXLOG_TYPE,XXLOG_NBR,XXLOG_SQ,XXLOG_LN,XXLOG_PART,XXLOG_ADDR,XXLOG_TYPE_ADDR,XXLOG_QTY,XXLOG_AMT,XXLOG_DATE,XXLOG_USERREG,XXLOG_DATREG,XXLOG_TIMREG,XXLOG_AUT,XXLOG_USERAUT,XXLOG_DATAUT,XXLOG_TIMAUT,`XXLOG_RMKS##1`,`XXLOG_RMKS##2`,`XXLOG_RMKS##3`,`XXLOG_RMKS##4`,`XXLOG_RMKS##5`,XXLOG_ARCH,XXLOG_SRC,XXLOG_CURR,XXLOG_EX_RATE,XXLOG_DOMAIN,PROGRESS_RECID,current_timestamp(),,,,,,,,,,,,,,,,,,,,,,,,,,,,,,,,,,,,,,,,,,,,,,,,,,,,,,,,,,,,,,,,,,,,,,,,,,,,,,,,,,,,,,,,,,,,,,,,,,,,,,,,,,,,,,,,,,,,,,,,,,,,,,,,,,,,,,,,,,,,,,,,,,,,,,,,,,,,,,,,,,,,,,,,,,,,,,,,,,,,,,,,,,,,,
9,lh_bronze_qad2,md,XXLOG_HIST,process_log_history,XXLOG_TYPE,XXLOG_NBR,XXLOG_SQ,XXLOG_LN,XXLOG_PART,XXLOG_ADDR,XXLOG_TYPE_ADDR,XXLOG_QTY,XXLOG_AMT,XXLOG_DATE,XXLOG_USERREG,XXLOG_DATREG,XXLOG_TIMREG,XXLOG_AUT,XXLOG_USERAUT,XXLOG_DATAUT,XXLOG_TIMAUT,`XXLOG_RMKS##1`,`XXLOG_RMKS##2`,`XXLOG_RMKS##3`,`XXLOG_RMKS##4`,`XXLOG_RMKS##5`,XXLOG_ARCH,XXLOG_SRC,XXLOG_CURR,XXLOG_EX_RATE,XXLOG_DOMAIN,PROGRESS_RECID,current_timestamp(),,,,,,,,,,,,,,,,,,,,,,,,,,,,,,,,,,,,,,,,,,,,,,,,,,,,,,,,,,,,,,,,,,,,,,,,,,,,,,,,,,,,,,,,,,,,,,,,,,,,,,,,,,,,,,,,,,,,,,,,,,,,,,,,,,,,,,,,,,,,,,,,,,,,,,,,,,,,,,,,,,,,,,,,,,,,,,,,,,,,,,,,,,,,,
9,lh_bronze_sap_rise,md,,process_log_history,,,,,Material,,,,AmountInCompanyCodeCurrency,DocumentDate,,DocumentDate,,,,,,,,,,,,,TransactionCurrency,,CompanyCode,,LastChangeDateTime,,,,,,,,,,,,,,,,,,,,,,,,,,,,,,,,,,,,,,,,,,,,,,,,,,,,,,,,,,,,,,,,,,,,,,,,,,,,,,,,,,,,,,,,,,,,,,,,,,,,,,,,,,,,,,,,,,,,,,,,,,,,,,,,,,,,,,,,,,,,,,,,,,,,,,,,,,,,,,,,,,,,,,,,,,,,,,,,,,,,,Client,CreatedByUser,CreationDate,LastChangedByUser,LastChangeDate,DataSource,LogicalSystem,DataPackage,
9,lh_silver_erp,md,product_lines,product_lines,prod_line,desc,sls_account_id,inv_account_id,wip_account_id,cog_account_id,pur_account_id,scrp_account_id,dscr_account_id,sls_cost_center_id,inv_cost_center_id,wip_cost_center_id,cog_cost_center_id,pur_cost_center_id,scrp_cost_center_id,dscr_cost_center_id,ppv_account_id,ppv_cost_center_id,rcpt_account_id,rcpt_cost_center_id,dsc_account_id,dsc_cost_center_id,wvar_account_id,wvar_cost_center_id,tax_code,taxable,user1,user2,pst,esls_account_id,esls_cost_center_id,chr01,chr02,chr03,chr04,chr05,dte01,dte02,dec01,dec02,log01,group,division,cchg_account_id,cchg_cost_center_id,cmtl_account_id,cmtl_cost_center_id,clbr_account_id,clbr_cost_center_id,cbdn_account_id,cbdn_cost_center_id,covh_account_id,covh_cost_center_id,csub_account_id,csub_cost_center_id,apvr_account_id,apvr_cost_center_id,apvu_account_id,apvu_cost_center_id,ovh_account_id,ovh_cost_center_id,mvar_acct_ar_gl_account_id,mvar_cc_ar_cost_center_id,mvrr_account_id,mvrr_cost_center_id,svar_account_id,svar_cost_center_id,svrr_account_id,svrr_cost_center_id,cop_account_id,cop_cost_center_id,flr_account_id,flr_cost_center_id,mod_date,user_id,rmar_account_id,rmar_cost_center_id,fiscal_class,xvar_account_id,xvar_cost_center_id,fslbr_account_id,fsbdn_account_id,fsexp_account_id,fsexd_account_id,fslbr_cost_center_id,fsbdn_cost_center_id,fsexp_cost_center_id,fsexd_cost_center_id,fsrc_inv_cost_center_id,fscm_inv_account_id,fscm_inv_cost_center_id,fsrc_inv_account_id,apvr_sub,apvu_sub,cbdn_sub,cchg_sub,clbr_sub,cmtl_sub,cog_sub,cop_sub,covh_sub,csub_sub,dscr_sub,dsc_sub,flr_sub,fsbdn_sub,fscm_inv_sub,fsexd_sub,fsexp_sub,fslbr_sub,fsrc_inv_sub,inv_sub,mvar_sub,mvrr_sub,ovh_sub,ppv_sub,pur_sub,rcpt_sub,rmar_sub,scrp_sub,sls_sub,svar_sub,svrr_sub,wip_sub,wvar_sub,xvar_sub,xfer_account_id,xfer_sub,xfer_cost_center_id,fsdef_account_id,fsdef_sub,fsdef_cost_center_id,fsaccr_account_id,fsaccr_sub,fsaccr_cost_center_id,company_code,record_id,last_updated_at,,,,,,,,,,,,,,,,,,,,,,,,,,,,,,,,,,,,,,,,,,,,,,,,,,,,,,,,,,,,,,,,,,,,,,,,,,,,,,,,
9,lh_bronze_qad1,md,PL_MSTR,product_lines,PL_PROD_LINE,PL_DESC,PL_SLS_ACCT,PL_INV_ACCT,PL_WIP_ACCT,PL_COG_ACCT,PL_PUR_ACCT,PL_SCRP_ACCT,PL_DSCR_ACCT,PL_SLS_CC,PL_INV_CC,PL_WIP_CC,PL_COG_CC,PL_PUR_CC,PL_SCRP_CC,PL_DSCR_CC,PL_PPV_ACCT,PL_PPV_CC,PL_RCPT_ACCT,PL_RCPT_CC,PL_DSC_ACCT,PL_DSC_CC,PL_WVAR_ACCT,PL_WVAR_CC,PL_TAXC,PL_TAXABLE,PL_USER1,PL_USER2,PL_PST,PL_ESLS_ACCT,PL_ESLS_CC,PL__CHR01,PL__CHR02,PL__CHR03,PL__CHR04,PL__CHR05,PL__DTE01,PL__DTE02,PL__DEC01,PL__DEC02,PL__LOG01,PL_GROUP,PL_DIVISION,PL_CCHG_ACCT,PL_CCHG_CC,PL_CMTL_ACCT,PL_CMTL_CC,PL_CLBR_ACCT,PL_CLBR_CC,PL_CBDN_ACCT,PL_CBDN_CC,PL_COVH_ACCT,PL_COVH_CC,PL_CSUB_ACCT,PL_CSUB_CC,PL_APVR_ACCT,PL_APVR_CC,PL_APVU_ACCT,PL_APVU_CC,PL_OVH_ACCT,PL_OVH_CC,PL_MVAR_ACCT,PL_MVAR_CC,PL_MVRR_ACCT,PL_MVRR_CC,PL_SVAR_ACCT,PL_SVAR_CC,PL_SVRR_ACCT,PL_SVRR_CC,PL_COP_ACCT,PL_COP_CC,PL_FLR_ACCT,PL_FLR_CC,PL_MOD_DATE,PL_USERID,PL_RMAR_ACCT,PL_RMAR_CC,PL_FISCAL_CLASS,PL_XVAR_ACCT,PL_XVAR_CC,PL_FSLBR_ACCT,PL_FSBDN_ACCT,PL_FSEXP_ACCT,PL_FSEXD_ACCT,PL_FSLBR_CC,PL_FSBDN_CC,PL_FSEXP_CC,PL_FSEXD_CC,PL_FSRC_INV_CC,PL_FSCM_INV_ACCT,PL_FSCM_INV_CC,PL_FSRC_INV_ACCT,PL_APVR_SUB,PL_APVU_SUB,PL_CBDN_SUB,PL_CCHG_SUB,PL_CLBR_SUB,PL_CMTL_SUB,PL_COG_SUB,PL_COP_SUB,PL_COVH_SUB,PL_CSUB_SUB,PL_DSCR_SUB,PL_DSC_SUB,PL_FLR_SUB,PL_FSBDN_SUB,PL_FSCM_INV_SUB,PL_FSEXD_SUB,PL_FSEXP_SUB,PL_FSLBR_SUB,PL_FSRC_INV_SUB,PL_INV_SUB,PL_MVAR_SUB,PL_MVRR_SUB,PL_OVH_SUB,PL_PPV_SUB,PL_PUR_SUB,PL_RCPT_SUB,PL_RMAR_SUB,PL_SCRP_SUB,PL_SLS_SUB,PL_SVAR_SUB,PL_SVRR_SUB,PL_WIP_SUB,PL_WVAR_SUB,PL_XVAR_SUB,PL_XFER_ACCT,PL_XFER_SUB,PL_XFER_CC,PL_FSDEF_ACCT,PL_FSDEF_SUB,PL_FSDEF_CC,PL_FSACCR_ACCT,PL_FSACCR_SUB,PL_FSACCR_CC,PL_DOMAIN,PROGRESS_RECID,current_timestamp(),,,,,,,,,,,,,,,,,,,,,,,,,,,,,,,,,,,,,,,,,,,,,,,,,,,,,,,,,,,,,,,,,,,,,,,,,,,,,,,,
9,lh_bronze_sap_rise,md,,product_lines,,Description,GLAccount,GLAccount,GLAccount,GLAccount,GLAccount,GLAccount,GLAccount,CostCenter,CostCenter,CostCenter,CostCenter,CostCenter,CostCenter,CostCenter,GLAccount,CostCenter,GLAccount,CostCenter,GLAccount,CostCenter,GLAccount,CostCenter,,,,,,GLAccount,CostCenter,,,,,,,,,,,,,GLAccount,CostCenter,GLAccount,CostCenter,GLAccount,CostCenter,GLAccount,CostCenter,GLAccount,CostCenter,GLAccount,CostCenter,GLAccount,CostCenter,GLAccount,CostCenter,GLAccount,CostCenter,GLAccount,CostCenter,GLAccount,CostCenter,GLAccount,CostCenter,GLAccount,CostCenter,GLAccount,CostCenter,GLAccount,CostCenter,DocumentDate,,GLAccount,CostCenter,,GLAccount,CostCenter,GLAccount,GLAccount,GLAccount,GLAccount,CostCenter,CostCenter,CostCenter,CostCenter,CostCenter,GLAccount,CostCenter,GLAccount,,,,,,,,,,,,,,,,,,,,,,,,,,,,,,,,,,,GLAccount,,CostCenter,GLAccount,,CostCenter,GLAccount,,CostCenter,CompanyCode,,LastChangeDateTime,,,,,,,,,,,,,,,,,,,,,,,,,,,,,,,,,,,,,,,,,,,,,,,,,,,,,,,,,,,,,,,,,,,,,,,,Client,CreatedByUser,CreationDate,LastChangedByUser,LastChangeDate,DataSource,LogicalSystem,DataPackage,
9,lh_silver_erp,md,rpa_control,rpa_control,rpa_field_name,rpa_item_id,rpa_value,rpa_chr01,rpa_chr02,rpa_chr03,rpa_chr04,rpa_chr05,rpa_dat01,rpa_dat02,rpa_dat03,rpa_log01,rpa_log02,rpa_log03,rpa_dec01,rpa_dec02,rpa_dec03,rpa_dec04,rpa_dec05,company_code,record_id,last_updated_at,,,,,,,,,,,,,,,,,,,,,,,,,,,,,,,,,,,,,,,,,,,,,,,,,,,,,,,,,,,,,,,,,,,,,,,,,,,,,,,,,,,,,,,,,,,,,,,,,,,,,,,,,,,,,,,,,,,,,,,,,,,,,,,,,,,,,,,,,,,,,,,,,,,,,,,,,,,,,,,,,,,,,,,,,,,,,,,,,,,,,,,,,,,,,,,,,,,,
9,lh_bronze_qad1,md,XXRPA_CTRL,rpa_control,XXRPA_FLDNAME,XXRPA_ITEM_ID,XXRPA_VALUE,XXRPA__CHR01,XXRPA__CHR02,XXRPA__CHR03,XXRPA__CHR04,XXRPA__CHR05,XXRPA__DAT01,XXRPA__DAT02,XXRPA__DAT03,XXRPA__LOG01,XXRPA__LOG02,XXRPA__LOG03,XXRPA__DEC01,XXRPA__DEC02,XXRPA__DEC03,XXRPA__DEC04,XXRPA__DEC05,XXRPA_SOCIETY,PROGRESS_RECID,current_timestamp(),,,,,,,,,,,,,,,,,,,,,,,,,,,,,,,,,,,,,,,,,,,,,,,,,,,,,,,,,,,,,,,,,,,,,,,,,,,,,,,,,,,,,,,,,,,,,,,,,,,,,,,,,,,,,,,,,,,,,,,,,,,,,,,,,,,,,,,,,,,,,,,,,,,,,,,,,,,,,,,,,,,,,,,,,,,,,,,,,,,,,,,,,,,,,,,,,,,,
9,lh_bronze_qad2,md,XXRPA_CTRL,rpa_control,XXRPA_FLDNAME,XXRPA_ITEM_ID,XXRPA_VALUE,XXRPA__CHR01,XXRPA__CHR02,XXRPA__CHR03,XXRPA__CHR04,XXRPA__CHR05,XXRPA__DAT01,XXRPA__DAT02,XXRPA__DAT03,XXRPA__LOG01,XXRPA__LOG02,XXRPA__LOG03,XXRPA__DEC01,XXRPA__DEC02,XXRPA__DEC03,XXRPA__DEC04,XXRPA__DEC05,XXRPA_SOCIETY,PROGRESS_RECID,current_timestamp(),,,,,,,,,,,,,,,,,,,,,,,,,,,,,,,,,,,,,,,,,,,,,,,,,,,,,,,,,,,,,,,,,,,,,,,,,,,,,,,,,,,,,,,,,,,,,,,,,,,,,,,,,,,,,,,,,,,,,,,,,,,,,,,,,,,,,,,,,,,,,,,,,,,,,,,,,,,,,,,,,,,,,,,,,,,,,,,,,,,,,,,,,,,,,,,,,,,,
9,lh_bronze_sap_rise,md,,rpa_control,,,,,,,,,,,,,,,,,,,,CompanyCode,,LastChangeDateTime,,,,,,,,,,,,,,,,,,,,,,,,,,,,,,,,,,,,,,,,,,,,,,,,,,,,,,,,,,,,,,,,,,,,,,,,,,,,,,,,,,,,,,,,,,,,,,,,,,,,,,,,,,,,,,,,,,,,,,,,,,,,,,,,,,,,,,,,,,,,,,,,,,,,,,,,,,,,,,,,,,,,,,,,,,,,,,,,,,,,,,,,,,,,Client,CreatedByUser,CreationDate,LastChangedByUser,LastChangeDate,DataSource,LogicalSystem,DataPackage,
9,lh_silver_erp,md,standard_texts,standard_texts,ref,cmmt_1,cmmt_2,cmmt_3,cmmt_4,cmmt_5,cmmt_6,cmmt_7,cmmt_8,cmmt_9,cmmt_10,cmmt_11,cmmt_12,cmmt_13,cmmt_14,cmmt_15,type_code,language_code,seq,user1,user2,qadc01,company_code,record_id,last_updated_at,,,,,,,,,,,,,,,,,,,,,,,,,,,,,,,,,,,,,,,,,,,,,,,,,,,,,,,,,,,,,,,,,,,,,,,,,,,,,,,,,,,,,,,,,,,,,,,,,,,,,,,,,,,,,,,,,,,,,,,,,,,,,,,,,,,,,,,,,,,,,,,,,,,,,,,,,,,,,,,,,,,,,,,,,,,,,,,,,,,,,,,,,,,,,,,,,
9,lh_bronze_qad1,md,CD_DET,standard_texts,CD_REF,`CD_CMMT##1`,`CD_CMMT##2`,`CD_CMMT##3`,`CD_CMMT##4`,`CD_CMMT##5`,`CD_CMMT##6`,`CD_CMMT##7`,`CD_CMMT##8`,`CD_CMMT##9`,`CD_CMMT##10`,`CD_CMMT##11`,`CD_CMMT##12`,`CD_CMMT##13`,`CD_CMMT##14`,`CD_CMMT##15`,CD_TYPE,CD_LANG,CD_SEQ,CD_USER1,CD_USER2,CD__QADC01,CD_DOMAIN,PROGRESS_RECID,current_timestamp(),,,,,,,,,,,,,,,,,,,,,,,,,,,,,,,,,,,,,,,,,,,,,,,,,,,,,,,,,,,,,,,,,,,,,,,,,,,,,,,,,,,,,,,,,,,,,,,,,,,,,,,,,,,,,,,,,,,,,,,,,,,,,,,,,,,,,,,,,,,,,,,,,,,,,,,,,,,,,,,,,,,,,,,,,,,,,,,,,,,,,,,,,,,,,,,,,
9,lh_bronze_sap_rise,md,,standard_texts,,,,,,,,,,,,,,,,,,,,,,,CompanyCode,,LastChangeDateTime,,,,,,,,,,,,,,,,,,,,,,,,,,,,,,,,,,,,,,,,,,,,,,,,,,,,,,,,,,,,,,,,,,,,,,,,,,,,,,,,,,,,,,,,,,,,,,,,,,,,,,,,,,,,,,,,,,,,,,,,,,,,,,,,,,,,,,,,,,,,,,,,,,,,,,,,,,,,,,,,,,,,,,,,,,,,,,,,,,,,,,,,,Client,CreatedByUser,CreationDate,LastChangedByUser,LastChangeDate,DataSource,LogicalSystem,DataPackage,
9,lh_silver_erp,md,tax_environment_details,tax_environment_details,tax_environment,tax_type,seq,round,user1,user2,log01,company_code,record_id,last_updated_at,,,,,,,,,,,,,,,,,,,,,,,,,,,,,,,,,,,,,,,,,,,,,,,,,,,,,,,,,,,,,,,,,,,,,,,,,,,,,,,,,,,,,,,,,,,,,,,,,,,,,,,,,,,,,,,,,,,,,,,,,,,,,,,,,,,,,,,,,,,,,,,,,,,,,,,,,,,,,,,,,,,,,,,,,,,,,,,,,,,,,,,,,,,,,,,,,,,,,,,,,,,,,,,,
9,lh_bronze_qad1,md,TXED_DET,tax_environment_details,TXED_TAX_ENV,TXED_TAX_TYPE,TXED_SEQ,TXED_ROUND,TXED_USER1,TXED_USER2,TXED__LOG01,TXED_DOMAIN,PROGRESS_RECID,current_timestamp(),,,,,,,,,,,,,,,,,,,,,,,,,,,,,,,,,,,,,,,,,,,,,,,,,,,,,,,,,,,,,,,,,,,,,,,,,,,,,,,,,,,,,,,,,,,,,,,,,,,,,,,,,,,,,,,,,,,,,,,,,,,,,,,,,,,,,,,,,,,,,,,,,,,,,,,,,,,,,,,,,,,,,,,,,,,,,,,,,,,,,,,,,,,,,,,,,,,,,,,,,,,,,,,,
9,lh_bronze_sap_rise,md,,tax_environment_details,,,,,,,,CompanyCode,,LastChangeDateTime,,,,,,,,,,,,,,,,,,,,,,,,,,,,,,,,,,,,,,,,,,,,,,,,,,,,,,,,,,,,,,,,,,,,,,,,,,,,,,,,,,,,,,,,,,,,,,,,,,,,,,,,,,,,,,,,,,,,,,,,,,,,,,,,,,,,,,,,,,,,,,,,,,,,,,,,,,,,,,,,,,,,,,,,,,,,,,,,,,,,,,,,,,,,,,,,,,,,,,,,Client,CreatedByUser,CreationDate,LastChangedByUser,LastChangeDate,DataSource,LogicalSystem,DataPackage,
9,lh_silver_erp,md,tax_environment_master,tax_environment_master,tax_environment,desc,zone_to,zone_from,user1,user2,log01,company_code,record_id,last_updated_at,,,,,,,,,,,,,,,,,,,,,,,,,,,,,,,,,,,,,,,,,,,,,,,,,,,,,,,,,,,,,,,,,,,,,,,,,,,,,,,,,,,,,,,,,,,,,,,,,,,,,,,,,,,,,,,,,,,,,,,,,,,,,,,,,,,,,,,,,,,,,,,,,,,,,,,,,,,,,,,,,,,,,,,,,,,,,,,,,,,,,,,,,,,,,,,,,,,,,,,,,,,,,,,,
9,lh_bronze_qad1,md,TXE_MSTR,tax_environment_master,TXE_TAX_ENV,TXE_DESC,TXE_ZONE_TO,TXE_ZONE_FROM,TXE_USER1,TXE_USER2,TXE__LOG01,TXE_DOMAIN,PROGRESS_RECID,current_timestamp(),,,,,,,,,,,,,,,,,,,,,,,,,,,,,,,,,,,,,,,,,,,,,,,,,,,,,,,,,,,,,,,,,,,,,,,,,,,,,,,,,,,,,,,,,,,,,,,,,,,,,,,,,,,,,,,,,,,,,,,,,,,,,,,,,,,,,,,,,,,,,,,,,,,,,,,,,,,,,,,,,,,,,,,,,,,,,,,,,,,,,,,,,,,,,,,,,,,,,,,,,,,,,,,,
9,lh_bronze_sap_rise,md,,tax_environment_master,,Description,,,,,,CompanyCode,,LastChangeDateTime,,,,,,,,,,,,,,,,,,,,,,,,,,,,,,,,,,,,,,,,,,,,,,,,,,,,,,,,,,,,,,,,,,,,,,,,,,,,,,,,,,,,,,,,,,,,,,,,,,,,,,,,,,,,,,,,,,,,,,,,,,,,,,,,,,,,,,,,,,,,,,,,,,,,,,,,,,,,,,,,,,,,,,,,,,,,,,,,,,,,,,,,,,,,,,,,,,,,,,,,Client,CreatedByUser,CreationDate,LastChangedByUser,LastChangeDate,DataSource,LogicalSystem,DataPackage,
9,lh_silver_erp,md,tax_transaction_details,tax_transaction_details,base,tax_type,user1,user2,company_code,record_id,last_updated_at,,,,,,,,,,,,,,,,,,,,,,,,,,,,,,,,,,,,,,,,,,,,,,,,,,,,,,,,,,,,,,,,,,,,,,,,,,,,,,,,,,,,,,,,,,,,,,,,,,,,,,,,,,,,,,,,,,,,,,,,,,,,,,,,,,,,,,,,,,,,,,,,,,,,,,,,,,,,,,,,,,,,,,,,,,,,,,,,,,,,,,,,,,,,,,,,,,,,,,,,,,,,,,,,,,,
9,lh_bronze_qad1,md,TXBD_DET,tax_transaction_details,TXBD_BASE,TXBD_TAX_TYPE,TXBD_USER1,TXBD_USER2,TXBD_DOMAIN,PROGRESS_RECID,current_timestamp(),,,,,,,,,,,,,,,,,,,,,,,,,,,,,,,,,,,,,,,,,,,,,,,,,,,,,,,,,,,,,,,,,,,,,,,,,,,,,,,,,,,,,,,,,,,,,,,,,,,,,,,,,,,,,,,,,,,,,,,,,,,,,,,,,,,,,,,,,,,,,,,,,,,,,,,,,,,,,,,,,,,,,,,,,,,,,,,,,,,,,,,,,,,,,,,,,,,,,,,,,,,,,,,,,,,
9,lh_bronze_sap_rise,md,,tax_transaction_details,,,,,CompanyCode,,LastChangeDateTime,,,,,,,,,,,,,,,,,,,,,,,,,,,,,,,,,,,,,,,,,,,,,,,,,,,,,,,,,,,,,,,,,,,,,,,,,,,,,,,,,,,,,,,,,,,,,,,,,,,,,,,,,,,,,,,,,,,,,,,,,,,,,,,,,,,,,,,,,,,,,,,,,,,,,,,,,,,,,,,,,,,,,,,,,,,,,,,,,,,,,,,,,,,,,,,,,,,,,,,,,,,Client,CreatedByUser,CreationDate,LastChangedByUser,LastChangeDate,DataSource,LogicalSystem,DataPackage,
9,lh_silver_erp,md,user_det1,user_det1,database_user,operating_system_user,user_identifier,last_edited_by_user_id,last_edited_at,char_field_01,char_field_02,char_field_03,title,description,employee_address,is_valid,company_code,record_id,last_updated_at,,,,,,,,,,,,,,,,,,,,,,,,,,,,,,,,,,,,,,,,,,,,,,,,,,,,,,,,,,,,,,,,,,,,,,,,,,,,,,,,,,,,,,,,,,,,,,,,,,,,,,,,,,,,,,,,,,,,,,,,,,,,,,,,,,,,,,,,,,,,,,,,,,,,,,,,,,,,,,,,,,,,,,,,,,,,,,,,,,,,,,,,,,,,,,,,,,,,,,,,,,,
9,lh_bronze_qad1,md,XXUSRD1_DET,user_det1,XXUSRD1_DBUSER,XXUSRD1_OSUSER,XXUSRD1_ID,XXUSRD1_EDIT_USER,XXUSRD1_EDIT_DATE,XXUSRD1__CHR01,XXUSRD1__CHR02,XXUSRD1__CHR03,XXUSRD1_TITLE,XXUSRD1_DESCRIPTION,XXUSRD1_EMP_ADDR,XXUSRD1_ISVALID,XXUSRD1_DOMAIN,PROGRESS_RECID,current_timestamp(),,,,,,,,,,,,,,,,,,,,,,,,,,,,,,,,,,,,,,,,,,,,,,,,,,,,,,,,,,,,,,,,,,,,,,,,,,,,,,,,,,,,,,,,,,,,,,,,,,,,,,,,,,,,,,,,,,,,,,,,,,,,,,,,,,,,,,,,,,,,,,,,,,,,,,,,,,,,,,,,,,,,,,,,,,,,,,,,,,,,,,,,,,,,,,,,,,,,,,,,,,,
9,lh_bronze_qad2,md,XXUSRD1_DET,user_det1,XXUSRD1_DBUSER,XXUSRD1_OSUSER,XXUSRD1_ID,XXUSRD1_EDIT_USER,XXUSRD1_EDIT_DATE,XXUSRD1__CHR01,XXUSRD1__CHR02,XXUSRD1__CHR03,XXUSRD1_TITLE,XXUSRD1_DESCRIPTION,XXUSRD1_EMP_ADDR,XXUSRD1_ISVALID,XXUSRD1_DOMAIN,PROGRESS_RECID,current_timestamp(),,,,,,,,,,,,,,,,,,,,,,,,,,,,,,,,,,,,,,,,,,,,,,,,,,,,,,,,,,,,,,,,,,,,,,,,,,,,,,,,,,,,,,,,,,,,,,,,,,,,,,,,,,,,,,,,,,,,,,,,,,,,,,,,,,,,,,,,,,,,,,,,,,,,,,,,,,,,,,,,,,,,,,,,,,,,,,,,,,,,,,,,,,,,,,,,,,,,,,,,,,,
9,lh_bronze_sap_rise,md,,user_det1,,,,,,,,,,Description,,,CompanyCode,,LastChangeDateTime,,,,,,,,,,,,,,,,,,,,,,,,,,,,,,,,,,,,,,,,,,,,,,,,,,,,,,,,,,,,,,,,,,,,,,,,,,,,,,,,,,,,,,,,,,,,,,,,,,,,,,,,,,,,,,,,,,,,,,,,,,,,,,,,,,,,,,,,,,,,,,,,,,,,,,,,,,,,,,,,,,,,,,,,,,,,,,,,,,,,,,,,,,,,,,,,,,,Client,CreatedByUser,CreationDate,LastChangedByUser,LastChangeDate,DataSource,LogicalSystem,DataPackage,
9,lh_silver_erp,md,user_det2,user_det2,user_identifier,attribute_type,attribute_value,authorization_level,valid_to,comment,last_edited_by_user_id,last_edited_at,char_field_01,char_field_02,char_field_03,company_code,record_id,last_updated_at,,,,,,,,,,,,,,,,,,,,,,,,,,,,,,,,,,,,,,,,,,,,,,,,,,,,,,,,,,,,,,,,,,,,,,,,,,,,,,,,,,,,,,,,,,,,,,,,,,,,,,,,,,,,,,,,,,,,,,,,,,,,,,,,,,,,,,,,,,,,,,,,,,,,,,,,,,,,,,,,,,,,,,,,,,,,,,,,,,,,,,,,,,,,,,,,,,,,,,,,,,,,
9,lh_bronze_qad1,md,XXUSRD2_DET,user_det2,XXUSRD2_ID,XXUSRD2_TYPE,XXUSRD2_VALUE,XXUSRD2_LEVEL,XXUSRD2_EXPIRE,XXUSRD2_CMMT,XXUSRD2_EDIT_USER,XXUSRD2_EDIT_DATE,XXUSRD2__CHR01,XXUSRD2__CHR02,XXUSRD2__CHR03,XXUSRD2_DOMAIN,PROGRESS_RECID,current_timestamp(),,,,,,,,,,,,,,,,,,,,,,,,,,,,,,,,,,,,,,,,,,,,,,,,,,,,,,,,,,,,,,,,,,,,,,,,,,,,,,,,,,,,,,,,,,,,,,,,,,,,,,,,,,,,,,,,,,,,,,,,,,,,,,,,,,,,,,,,,,,,,,,,,,,,,,,,,,,,,,,,,,,,,,,,,,,,,,,,,,,,,,,,,,,,,,,,,,,,,,,,,,,,
9,lh_bronze_qad2,md,XXUSRD2_DET,user_det2,XXUSRD2_ID,XXUSRD2_TYPE,XXUSRD2_VALUE,XXUSRD2_LEVEL,XXUSRD2_EXPIRE,XXUSRD2_CMMT,XXUSRD2_EDIT_USER,XXUSRD2_EDIT_DATE,XXUSRD2__CHR01,XXUSRD2__CHR02,XXUSRD2__CHR03,XXUSRD2_DOMAIN,PROGRESS_RECID,current_timestamp(),,,,,,,,,,,,,,,,,,,,,,,,,,,,,,,,,,,,,,,,,,,,,,,,,,,,,,,,,,,,,,,,,,,,,,,,,,,,,,,,,,,,,,,,,,,,,,,,,,,,,,,,,,,,,,,,,,,,,,,,,,,,,,,,,,,,,,,,,,,,,,,,,,,,,,,,,,,,,,,,,,,,,,,,,,,,,,,,,,,,,,,,,,,,,,,,,,,,,,,,,,,,
9,lh_bronze_sap_rise,md,,user_det2,,,,,,,,,,,,CompanyCode,,LastChangeDateTime,,,,,,,,,,,,,,,,,,,,,,,,,,,,,,,,,,,,,,,,,,,,,,,,,,,,,,,,,,,,,,,,,,,,,,,,,,,,,,,,,,,,,,,,,,,,,,,,,,,,,,,,,,,,,,,,,,,,,,,,,,,,,,,,,,,,,,,,,,,,,,,,,,,,,,,,,,,,,,,,,,,,,,,,,,,,,,,,,,,,,,,,,,,,,,,,,,,,Client,CreatedByUser,CreationDate,LastChangedByUser,LastChangeDate,DataSource,LogicalSystem,DataPackage,
9,lh_silver_erp,md,user_details,user_details,user_id,primary,mod_userid,mod_date,user1,user2,groups,company_code,record_id,last_updated_at,,,,,,,,,,,,,,,,,,,,,,,,,,,,,,,,,,,,,,,,,,,,,,,,,,,,,,,,,,,,,,,,,,,,,,,,,,,,,,,,,,,,,,,,,,,,,,,,,,,,,,,,,,,,,,,,,,,,,,,,,,,,,,,,,,,,,,,,,,,,,,,,,,,,,,,,,,,,,,,,,,,,,,,,,,,,,,,,,,,,,,,,,,,,,,,,,,,,,,,,,,,,,,,,
9,lh_bronze_qad1,md,UDD_DET,user_details,UDD_USERID,UDD_PRIMARY,UDD_MOD_USERID,UDD_MOD_DATE,UDD_USER1,UDD_USER2,UDD_GROUPS,UDD_DOMAIN,PROGRESS_RECID,current_timestamp(),,,,,,,,,,,,,,,,,,,,,,,,,,,,,,,,,,,,,,,,,,,,,,,,,,,,,,,,,,,,,,,,,,,,,,,,,,,,,,,,,,,,,,,,,,,,,,,,,,,,,,,,,,,,,,,,,,,,,,,,,,,,,,,,,,,,,,,,,,,,,,,,,,,,,,,,,,,,,,,,,,,,,,,,,,,,,,,,,,,,,,,,,,,,,,,,,,,,,,,,,,,,,,,,
9,lh_bronze_sap_rise,md,,user_details,,,,DocumentDate,,,,CompanyCode,,LastChangeDateTime,,,,,,,,,,,,,,,,,,,,,,,,,,,,,,,,,,,,,,,,,,,,,,,,,,,,,,,,,,,,,,,,,,,,,,,,,,,,,,,,,,,,,,,,,,,,,,,,,,,,,,,,,,,,,,,,,,,,,,,,,,,,,,,,,,,,,,,,,,,,,,,,,,,,,,,,,,,,,,,,,,,,,,,,,,,,,,,,,,,,,,,,,,,,,,,,,,,,,,,,Client,CreatedByUser,CreationDate,LastChangedByUser,LastChangeDate,DataSource,LogicalSystem,DataPackage,
9,lh_silver_erp,md,user_group_master,user_group_master,group_name,group_desc,mod_userid,mod_date,user1,user2,record_id,last_updated_at,,,,,,,,,,,,,,,,,,,,,,,,,,,,,,,,,,,,,,,,,,,,,,,,,,,,,,,,,,,,,,,,,,,,,,,,,,,,,,,,,,,,,,,,,,,,,,,,,,,,,,,,,,,,,,,,,,,,,,,,,,,,,,,,,,,,,,,,,,,,,,,,,,,,,,,,,,,,,,,,,,,,,,,,,,,,,,,,,,,,,,,,,,,,,,,,,,,,,,,,,,,,,,,,,,
9,lh_bronze_qad1,md,USRG_MSTR,user_group_master,USRG_GROUP_NAME,USRG_GROUP_DESC,USRG_MOD_USERID,USRG_MOD_DATE,USRG_USER1,USRG_USER2,PROGRESS_RECID,current_timestamp(),,,,,,,,,,,,,,,,,,,,,,,,,,,,,,,,,,,,,,,,,,,,,,,,,,,,,,,,,,,,,,,,,,,,,,,,,,,,,,,,,,,,,,,,,,,,,,,,,,,,,,,,,,,,,,,,,,,,,,,,,,,,,,,,,,,,,,,,,,,,,,,,,,,,,,,,,,,,,,,,,,,,,,,,,,,,,,,,,,,,,,,,,,,,,,,,,,,,,,,,,,,,,,,,,,
9,lh_bronze_sap_rise,md,,user_group_master,,Description,,DocumentDate,,,,LastChangeDateTime,,,,,,,,,,,,,,,,,,,,,,,,,,,,,,,,,,,,,,,,,,,,,,,,,,,,,,,,,,,,,,,,,,,,,,,,,,,,,,,,,,,,,,,,,,,,,,,,,,,,,,,,,,,,,,,,,,,,,,,,,,,,,,,,,,,,,,,,,,,,,,,,,,,,,,,,,,,,,,,,,,,,,,,,,,,,,,,,,,,,,,,,,,,,,,,,,,,,,,,,,,Client,CreatedByUser,CreationDate,LastChangedByUser,LastChangeDate,DataSource,LogicalSystem,DataPackage,
9,lh_silver_erp,md,user_master,user_master,user_id,lang,user1,user2,plant_id,passwd,name,last_date,restrict,address_id,mail_address,type,timezone,access_type,storage_location_id,ctry_code,variant_code,failed_attempts,force_change,logon_date,active,active_by,active_reason,active_date,logon_timezone,remark,logon_time,tzdb,record_id,last_updated_at,,,,,,,,,,,,,,,,,,,,,,,,,,,,,,,,,,,,,,,,,,,,,,,,,,,,,,,,,,,,,,,,,,,,,,,,,,,,,,,,,,,,,,,,,,,,,,,,,,,,,,,,,,,,,,,,,,,,,,,,,,,,,,,,,,,,,,,,,,,,,,,,,,,,,,,,,,,,,,,,,,,,,,,,,,,,,,,,,,,,,,,,,,,,
9,lh_bronze_qad1,md,USR_MSTR,user_master,USR_USERID,USR_LANG,USR_USER1,USR_USER2,USR_SITE,USR_PASSWD,USR_NAME,USR_LAST_DATE,USR_RESTRICT,USR_ADDR,USR_MAIL_ADDRESS,USR_TYPE,USR_TIMEZONE,USR_ACCESS_TYPE,USR_ACCESS_LOC,USR_CTRY_CODE,USR_VARIANT_CODE,USR_FAILED_ATTEMPTS,USR_FORCE_CHANGE,USR_LOGON_DATE,USR_ACTIVE,USR_ACTIVE_BY,USR_ACTIVE_REASON,USR_ACTIVE_DATE,USR_LOGON_TIMEZONE,USR_REMARK,USR_LOGON_TIME,USR_TZDB,PROGRESS_RECID,current_timestamp(),,,,,,,,,,,,,,,,,,,,,,,,,,,,,,,,,,,,,,,,,,,,,,,,,,,,,,,,,,,,,,,,,,,,,,,,,,,,,,,,,,,,,,,,,,,,,,,,,,,,,,,,,,,,,,,,,,,,,,,,,,,,,,,,,,,,,,,,,,,,,,,,,,,,,,,,,,,,,,,,,,,,,,,,,,,,,,,,,,,,,,,,,,,,
9,lh_bronze_sap_rise,md,,user_master,,,,,Plant,,,DocumentDate,,,,,,,,,,,,DocumentDate,,,,DocumentDate,,,,,,LastChangeDateTime,,,,,,,,,,,,,,,,,,,,,,,,,,,,,,,,,,,,,,,,,,,,,,,,,,,,,,,,,,,,,,,,,,,,,,,,,,,,,,,,,,,,,,,,,,,,,,,,,,,,,,,,,,,,,,,,,,,,,,,,,,,,,,,,,,,,,,,,,,,,,,,,,,,,,,,,,,,,,,,,,,,,,,,,,,,,,,,,,,,,Client,CreatedByUser,CreationDate,LastChangedByUser,LastChangeDate,DataSource,LogicalSystem,DataPackage,
9,lh_silver_erp,mm,custom_transaction_history,custom_transaction_history,transaction_id,document_id,line_item,work_center,execution_date,execution_time,plant,transaction_type,material_id,batch_number,storage_location,reference_document,quantity,base_unit,user_name,address,quantity_pieces,tr_dec01,tr_dec02,tr_dec03,tr_dec04,tr_chr01,tr_chr02,tr_chr03,tr_chr04,tr_log01,tr_log02,tr_log03,tr_log04,company_code,record_id,last_updated_at,,,,,,,,,,,,,,,,,,,,,,,,,,,,,,,,,,,,,,,,,,,,,,,,,,,,,,,,,,,,,,,,,,,,,,,,,,,,,,,,,,,,,,,,,,,,,,,,,,,,,,,,,,,,,,,,,,,,,,,,,,,,,,,,,,,,,,,,,,,,,,,,,,,,,,,,,,,,,,,,,,,,,,,,,,,,,,,,,,,,,,,,,,
9,lh_bronze_qad1,mm,XXTR_HIST,custom_transaction_history,XXTR_TRNBR,XXTR_NBR,XXTR_LINE,XXTR_MCH,XXTR_EFFDATE,XXTR_EFFTIME,XXTR_SITE,XXTR_TYPE,XXTR_PART,XXTR_SERIAL,XXTR_LOC,XXTR_REF,XXTR_QTY,XXTR_UM,XXTR_USERID,XXTR_ADDR,XXTR_QTY_PZ,XXTR__DEC01,XXTR__DEC02,NULL,NULL,XXTR__CHR01,XXTR__CHR02,NULL,NULL,XXTR__LOG01,NULL,NULL,NULL,XXTR_DOMAIN,PROGRESS_RECID,current_timestamp(),,,,,,,,,,,,,,,,,,,,,,,,,,,,,,,,,,,,,,,,,,,,,,,,,,,,,,,,,,,,,,,,,,,,,,,,,,,,,,,,,,,,,,,,,,,,,,,,,,,,,,,,,,,,,,,,,,,,,,,,,,,,,,,,,,,,,,,,,,,,,,,,,,,,,,,,,,,,,,,,,,,,,,,,,,,,,,,,,,,,,,,,,,
9,lh_bronze_qad2,mm,XXTR_HIST,custom_transaction_history,XXTR_TRNBR,XXTR_NBR,XXTR_LINE,XXTR_MCH,XXTR_EFFDATE,XXTR_EFFTIME,XXTR_SITE,XXTR_TYPE,XXTR_PART,XXTR_SERIAL,XXTR_LOC,XXTR_REF,XXTR_QTY,XXTR_UM,XXTR_USERID,XXTR_ADDR,XXTR_QTY_PZ,XXTR__DEC01,XXTR__DEC02,XXTR__DEC03,XXTR__DEC04,XXTR__CHR01,XXTR__CHR02,XXTR__CHR03,XXTR__CHR04,XXTR__LOG01,XXTR__LOG02,XXTR__LOG03,XXTR__LOG04,XXTR_DOMAIN,PROGRESS_RECID,current_timestamp(),,,,,,,,,,,,,,,,,,,,,,,,,,,,,,,,,,,,,,,,,,,,,,,,,,,,,,,,,,,,,,,,,,,,,,,,,,,,,,,,,,,,,,,,,,,,,,,,,,,,,,,,,,,,,,,,,,,,,,,,,,,,,,,,,,,,,,,,,,,,,,,,,,,,,,,,,,,,,,,,,,,,,,,,,,,,,,,,,,,,,,,,,,
9,lh_bronze_sap_rise,mm,,custom_transaction_history,,,,,DocumentDate,,,,Material,,,,,,,,,,,,,,,,,,,,,CompanyCode,,LastChangeDateTime,,,,,,,,,,,,,,,,,,,,,,,,,,,,,,,,,,,,,,,,,,,,,,,,,,,,,,,,,,,,,,,,,,,,,,,,,,,,,,,,,,,,,,,,,,,,,,,,,,,,,,,,,,,,,,,,,,,,,,,,,,,,,,,,,,,,,,,,,,,,,,,,,,,,,,,,,,,,,,,,,,,,,,,,,,,,,,,,,,Client,CreatedByUser,CreationDate,LastChangedByUser,LastChangeDate,DataSource,LogicalSystem,DataPackage,
9,lh_silver_erp,mm,inventory_status_definitions,inventory_status_definitions,status,avail,nettable,frozen,overissue,user1,user2,user_id,mod_date,desc,cmtindx,company_code,record_id,last_updated_at,,,,,,,,,,,,,,,,,,,,,,,,,,,,,,,,,,,,,,,,,,,,,,,,,,,,,,,,,,,,,,,,,,,,,,,,,,,,,,,,,,,,,,,,,,,,,,,,,,,,,,,,,,,,,,,,,,,,,,,,,,,,,,,,,,,,,,,,,,,,,,,,,,,,,,,,,,,,,,,,,,,,,,,,,,,,,,,,,,,,,,,,,,,,,,,,,,,,,,,,,,,,
9,lh_bronze_qad1,mm,IS_MSTR,inventory_status_definitions,IS_STATUS,IS_AVAIL,IS_NETTABLE,IS_FROZEN,IS_OVERISSUE,IS_USER1,IS_USER2,IS_USERID,IS_MOD_DATE,IS_DESC,IS_CMTINDX,IS_DOMAIN,PROGRESS_RECID,current_timestamp(),,,,,,,,,,,,,,,,,,,,,,,,,,,,,,,,,,,,,,,,,,,,,,,,,,,,,,,,,,,,,,,,,,,,,,,,,,,,,,,,,,,,,,,,,,,,,,,,,,,,,,,,,,,,,,,,,,,,,,,,,,,,,,,,,,,,,,,,,,,,,,,,,,,,,,,,,,,,,,,,,,,,,,,,,,,,,,,,,,,,,,,,,,,,,,,,,,,,,,,,,,,,
9,lh_bronze_sap_rise,mm,,inventory_status_definitions,,,,,,,,,DocumentDate,Description,,CompanyCode,,LastChangeDateTime,,,,,,,,,,,,,,,,,,,,,,,,,,,,,,,,,,,,,,,,,,,,,,,,,,,,,,,,,,,,,,,,,,,,,,,,,,,,,,,,,,,,,,,,,,,,,,,,,,,,,,,,,,,,,,,,,,,,,,,,,,,,,,,,,,,,,,,,,,,,,,,,,,,,,,,,,,,,,,,,,,,,,,,,,,,,,,,,,,,,,,,,,,,,,,,,,,,,Client,CreatedByUser,CreationDate,LastChangedByUser,LastChangeDate,DataSource,LogicalSystem,DataPackage,
9,lh_silver_erp,mm,inventory_status_movement_controls,inventory_status_movement_controls,status,tr_type,user1,user2,type,bdl_allowed,company_code,record_id,last_updated_at,,,,,,,,,,,,,,,,,,,,,,,,,,,,,,,,,,,,,,,,,,,,,,,,,,,,,,,,,,,,,,,,,,,,,,,,,,,,,,,,,,,,,,,,,,,,,,,,,,,,,,,,,,,,,,,,,,,,,,,,,,,,,,,,,,,,,,,,,,,,,,,,,,,,,,,,,,,,,,,,,,,,,,,,,,,,,,,,,,,,,,,,,,,,,,,,,,,,,,,,,,,,,,,,,
9,lh_bronze_qad1,mm,ISD_DET,inventory_status_movement_controls,ISD_STATUS,ISD_TR_TYPE,ISD_USER1,ISD_USER2,ISD_TYPE,ISD_BDL_ALLOWED,ISD_DOMAIN,PROGRESS_RECID,current_timestamp(),,,,,,,,,,,,,,,,,,,,,,,,,,,,,,,,,,,,,,,,,,,,,,,,,,,,,,,,,,,,,,,,,,,,,,,,,,,,,,,,,,,,,,,,,,,,,,,,,,,,,,,,,,,,,,,,,,,,,,,,,,,,,,,,,,,,,,,,,,,,,,,,,,,,,,,,,,,,,,,,,,,,,,,,,,,,,,,,,,,,,,,,,,,,,,,,,,,,,,,,,,,,,,,,,
9,lh_bronze_sap_rise,mm,,inventory_status_movement_controls,,,,,,,CompanyCode,,LastChangeDateTime,,,,,,,,,,,,,,,,,,,,,,,,,,,,,,,,,,,,,,,,,,,,,,,,,,,,,,,,,,,,,,,,,,,,,,,,,,,,,,,,,,,,,,,,,,,,,,,,,,,,,,,,,,,,,,,,,,,,,,,,,,,,,,,,,,,,,,,,,,,,,,,,,,,,,,,,,,,,,,,,,,,,,,,,,,,,,,,,,,,,,,,,,,,,,,,,,,,,,,,,,Client,CreatedByUser,CreationDate,LastChangedByUser,LastChangeDate,DataSource,LogicalSystem,DataPackage,
9,lh_silver_erp,mm,landed_cost_condition_types,landed_cost_condition_types,charge,desc,element,taxable,tax_code,apportion_method,close_accruals,supplier,mod_userid,mod_date,user1,user2,company_code,record_id,last_updated_at,,,,,,,,,,,,,,,,,,,,,,,,,,,,,,,,,,,,,,,,,,,,,,,,,,,,,,,,,,,,,,,,,,,,,,,,,,,,,,,,,,,,,,,,,,,,,,,,,,,,,,,,,,,,,,,,,,,,,,,,,,,,,,,,,,,,,,,,,,,,,,,,,,,,,,,,,,,,,,,,,,,,,,,,,,,,,,,,,,,,,,,,,,,,,,,,,,,,,,,,,,,
9,lh_bronze_qad1,mm,LC_MSTR,landed_cost_condition_types,LC_CHARGE,LC_DESC,LC_ELEMENT,LC_TAXABLE,LC_TAXC,LC_APPORTION_METHOD,LC_CLOSE_ACCRUALS,LC_SUPPLIER,LC_MOD_USERID,LC_MOD_DATE,LC_USER1,LC_USER2,LC_DOMAIN,PROGRESS_RECID,current_timestamp(),,,,,,,,,,,,,,,,,,,,,,,,,,,,,,,,,,,,,,,,,,,,,,,,,,,,,,,,,,,,,,,,,,,,,,,,,,,,,,,,,,,,,,,,,,,,,,,,,,,,,,,,,,,,,,,,,,,,,,,,,,,,,,,,,,,,,,,,,,,,,,,,,,,,,,,,,,,,,,,,,,,,,,,,,,,,,,,,,,,,,,,,,,,,,,,,,,,,,,,,,,,
9,lh_bronze_sap_rise,mm,,landed_cost_condition_types,,Description,,,,,,,,DocumentDate,,,CompanyCode,,LastChangeDateTime,,,,,,,,,,,,,,,,,,,,,,,,,,,,,,,,,,,,,,,,,,,,,,,,,,,,,,,,,,,,,,,,,,,,,,,,,,,,,,,,,,,,,,,,,,,,,,,,,,,,,,,,,,,,,,,,,,,,,,,,,,,,,,,,,,,,,,,,,,,,,,,,,,,,,,,,,,,,,,,,,,,,,,,,,,,,,,,,,,,,,,,,,,,,,,,,,,,Client,CreatedByUser,CreationDate,LastChangedByUser,LastChangeDate,DataSource,LogicalSystem,DataPackage,
9,lh_silver_erp,mm,landed_cost_details,landed_cost_details,internal_ref_type,internal_reference,shipfrom,lc_charge,log_supplier,element,accrual_level,mod_userid,mod_date,user1,user2,company_code,record_id,last_updated_at,,,,,,,,,,,,,,,,,,,,,,,,,,,,,,,,,,,,,,,,,,,,,,,,,,,,,,,,,,,,,,,,,,,,,,,,,,,,,,,,,,,,,,,,,,,,,,,,,,,,,,,,,,,,,,,,,,,,,,,,,,,,,,,,,,,,,,,,,,,,,,,,,,,,,,,,,,,,,,,,,,,,,,,,,,,,,,,,,,,,,,,,,,,,,,,,,,,,,,,,,,,,
9,lh_bronze_qad1,mm,LACD_DET,landed_cost_details,LACD_INTERNAL_REF_TYPE,LACD_INTERNAL_REF,LACD_SHIPFROM,LACD_LC_CHARGE,LACD_LOG_SUPPLIER,LACD_ELEMENT,LACD_ACCRUAL_LEVEL,LACD_MOD_USERID,LACD_MOD_DATE,LACD_USER1,LACD_USER2,LACD_DOMAIN,PROGRESS_RECID,current_timestamp(),,,,,,,,,,,,,,,,,,,,,,,,,,,,,,,,,,,,,,,,,,,,,,,,,,,,,,,,,,,,,,,,,,,,,,,,,,,,,,,,,,,,,,,,,,,,,,,,,,,,,,,,,,,,,,,,,,,,,,,,,,,,,,,,,,,,,,,,,,,,,,,,,,,,,,,,,,,,,,,,,,,,,,,,,,,,,,,,,,,,,,,,,,,,,,,,,,,,,,,,,,,,
9,lh_bronze_sap_rise,mm,,landed_cost_details,,,,,,,,,DocumentDate,,,CompanyCode,,LastChangeDateTime,,,,,,,,,,,,,,,,,,,,,,,,,,,,,,,,,,,,,,,,,,,,,,,,,,,,,,,,,,,,,,,,,,,,,,,,,,,,,,,,,,,,,,,,,,,,,,,,,,,,,,,,,,,,,,,,,,,,,,,,,,,,,,,,,,,,,,,,,,,,,,,,,,,,,,,,,,,,,,,,,,,,,,,,,,,,,,,,,,,,,,,,,,,,,,,,,,,,Client,CreatedByUser,CreationDate,LastChangedByUser,LastChangeDate,DataSource,LogicalSystem,DataPackage,
9,lh_silver_erp,mm,material_deviations,material_deviations,request_number,request_line,plant,created_by_user_id,created_at_date,created_at_time,request_comment,status,request_type,material_number,base_unit,new_material_number,storage_location,serial_number,reference_number,requested_quantity,authorized_quantity,attachment_file,approved_by_user_id_1,approved_at_date_1,approved_at_time_1,approval_comment_1,approved_by_user_id_2,approved_at_date_2,approved_at_time_2,approval_comment_2,approved_by_user_id_3,approved_at_date_3,approved_at_time_3,approval_comment_3,rejected_by_user_id_1,rejected_at_date_1,rejected_at_time_1,rejection_comment_1,moved_by_user_id_1,moved_at_date_1,moved_at_time_1,movement_comment_1,moved_by_user_id_2,moved_at_date_2,moved_at_time_2,movement_comment_2,moved_by_user_id_3,moved_at_date_3,moved_at_time_3,movement_comment_3,char_field_01,char_field_02,char_field_03,char_field_04,char_field_05,decimal_field_01,decimal_field_02,decimal_field_03,decimal_field_04,decimal_field_05,date_field_01,date_field_02,date_field_03,date_field_04,date_field_05,flag_01,flag_02,flag_03,flag_04,flag_05,cancelled_by_user_id_1,cancelled_at_date_1,cancelled_at_time_1,cancellation_comment_1,company_code,record_id,last_updated_at,,,,,,,,,,,,,,,,,,,,,,,,,,,,,,,,,,,,,,,,,,,,,,,,,,,,,,,,,,,,,,,,,,,,,,,,,,,,,,,,,,,,,,,,,,,,,,,,,,,,,,,,,,,,,,,,,,,,,,,,,,,,,,,,,,,,,,,,,,,,,,,,,
9,lh_bronze_qad1,mm,XXCHGPT_MSTR,material_deviations,XXCHGPT_NBR,XXCHGPT_LINE,XXCHGPT_SITE,XXCHGPT_USERID_REG,XXCHGPT_DATE_REG,XXCHGPT_TIME_REG,XXCHGPT_CMMT_REQ,XXCHGPT_STATUS,XXCHGPT_TYPE,XXCHGPT_PART,XXCHGPT_UM,XXCHGPT_NPART,XXCHGPT_LOC,XXCHGPT_SERIAL,XXCHGPT_REF,XXCHGPT_QTY_REQ,XXCHGPT_QTY_AUTH,XXCHGPT_FILE,XXCHGPT_USERID_AUTH1,XXCHGPT_DATE_AUTH1,XXCHGPT_TIME_AUTH1,XXCHGPT_CMMT_AUTH1,XXCHGPT_USERID_AUTH2,XXCHGPT_DATE_AUTH2,XXCHGPT_TIME_AUTH2,XXCHGPT_CMMT_AUTH2,XXCHGPT_USERID_AUTH3,XXCHGPT_DATE_AUTH3,XXCHGPT_TIME_AUTH3,XXCHGPT_CMMT_AUTH3,XXCHGPT_USERID_REJ1,XXCHGPT_DATE_REJ1,XXCHGPT_TIME_REJ1,XXCHGPT_CMMT_REJ1,XXCHGPT_USERID_MOV1,XXCHGPT_DATE_MOV1,XXCHGPT_TIME_MOV1,XXCHGPT_CMMT_MOV1,XXCHGPT_USERID_MOV2,XXCHGPT_DATE_MOV2,XXCHGPT_TIME_MOV2,XXCHGPT_CMMT_MOV2,XXCHGPT_USERID_MOV3,XXCHGPT_DATE_MOV3,XXCHGPT_TIME_MOV3,XXCHGPT_CMMT_MOV3,XXCHGPT__CHR01,XXCHGPT__CHR02,XXCHGPT__CHR03,XXCHGPT__CHR04,XXCHGPT__CHR05,XXCHGPT__DEC01,XXCHGPT__DEC02,XXCHGPT__DEC03,XXCHGPT__DEC04,XXCHGPT__DEC05,XXCHGPT__DAT01,XXCHGPT__DAT02,XXCHGPT__DAT03,XXCHGPT__DAT04,XXCHGPT__DAT05,XXCHGPT__LOG01,XXCHGPT__LOG02,XXCHGPT__LOG03,XXCHGPT__LOG04,XXCHGPT__LOG05,XXCHGPT_USERID_CAN1,XXCHGPT_DATE_CAN1,XXCHGPT_TIME_CAN1,XXCHGPT_CMMT_CAN1,XXCHGPT_DOMAIN,PROGRESS_RECID,current_timestamp(),,,,,,,,,,,,,,,,,,,,,,,,,,,,,,,,,,,,,,,,,,,,,,,,,,,,,,,,,,,,,,,,,,,,,,,,,,,,,,,,,,,,,,,,,,,,,,,,,,,,,,,,,,,,,,,,,,,,,,,,,,,,,,,,,,,,,,,,,,,,,,,,,
9,lh_bronze_qad2,mm,XXCHGPT_MSTR,material_deviations,XXCHGPT_NBR,XXCHGPT_LINE,XXCHGPT_SITE,XXCHGPT_USERID_REG,XXCHGPT_DATE_REG,XXCHGPT_TIME_REG,XXCHGPT_CMMT_REQ,XXCHGPT_STATUS,XXCHGPT_TYPE,XXCHGPT_PART,XXCHGPT_UM,XXCHGPT_NPART,XXCHGPT_LOC,XXCHGPT_SERIAL,XXCHGPT_REF,XXCHGPT_QTY_REQ,XXCHGPT_QTY_AUTH,XXCHGPT_FILE,XXCHGPT_USERID_AUTH1,XXCHGPT_DATE_AUTH1,XXCHGPT_TIME_AUTH1,XXCHGPT_CMMT_AUTH1,XXCHGPT_USERID_AUTH2,XXCHGPT_DATE_AUTH2,XXCHGPT_TIME_AUTH2,XXCHGPT_CMMT_AUTH2,XXCHGPT_USERID_AUTH3,XXCHGPT_DATE_AUTH3,XXCHGPT_TIME_AUTH3,XXCHGPT_CMMT_AUTH3,XXCHGPT_USERID_REJ1,XXCHGPT_DATE_REJ1,XXCHGPT_TIME_REJ1,XXCHGPT_CMMT_REJ1,XXCHGPT_USERID_MOV1,XXCHGPT_DATE_MOV1,XXCHGPT_TIME_MOV1,XXCHGPT_CMMT_MOV1,XXCHGPT_USERID_MOV2,XXCHGPT_DATE_MOV2,XXCHGPT_TIME_MOV2,XXCHGPT_CMMT_MOV2,XXCHGPT_USERID_MOV3,XXCHGPT_DATE_MOV3,XXCHGPT_TIME_MOV3,XXCHGPT_CMMT_MOV3,XXCHGPT__CHR01,XXCHGPT__CHR02,XXCHGPT__CHR03,XXCHGPT__CHR04,XXCHGPT__CHR05,XXCHGPT__DEC01,XXCHGPT__DEC02,XXCHGPT__DEC03,XXCHGPT__DEC04,XXCHGPT__DEC05,XXCHGPT__DAT01,XXCHGPT__DAT02,XXCHGPT__DAT03,XXCHGPT__DAT04,XXCHGPT__DAT05,XXCHGPT__LOG01,XXCHGPT__LOG02,XXCHGPT__LOG03,XXCHGPT__LOG04,XXCHGPT__LOG05,XXCHGPT_USERID_CAN1,XXCHGPT_DATE_CAN1,XXCHGPT_TIME_CAN1,XXCHGPT_CMMT_CAN1,XXCHGPT_DOMAIN,PROGRESS_RECID,current_timestamp(),,,,,,,,,,,,,,,,,,,,,,,,,,,,,,,,,,,,,,,,,,,,,,,,,,,,,,,,,,,,,,,,,,,,,,,,,,,,,,,,,,,,,,,,,,,,,,,,,,,,,,,,,,,,,,,,,,,,,,,,,,,,,,,,,,,,,,,,,,,,,,,,,
9,lh_bronze_sap_rise,mm,,material_deviations,,,,,DocumentDate,,,,,,,,,,,,,,,DocumentDate,,,,DocumentDate,,,,DocumentDate,,,,DocumentDate,,,,DocumentDate,,,,DocumentDate,,,,DocumentDate,,,,,,,,,,,,,DocumentDate,DocumentDate,DocumentDate,DocumentDate,DocumentDate,,,,,,,DocumentDate,,,CompanyCode,,LastChangeDateTime,,,,,,,,,,,,,,,,,,,,,,,,,,,,,,,,,,,,,,,,,,,,,,,,,,,,,,,,,,,,,,,,,,,,,,,,,,,,,,,,,,,,,,,,,,,,,,,,,,,,,,,,,,,,,,,,,,,,,,,,,,,,,,,,,,,,,,,,,Client,CreatedByUser,CreationDate,LastChangedByUser,LastChangeDate,DataSource,LogicalSystem,DataPackage,
9,lh_silver_erp,mm,ticket_detail,ticket_detail,ticket_number,item_position,gross_weight,net_weight,weight_unit,line_description,time_stamp_text,company_code,last_updated_at,,,,,,,,,,,,,,,,,,,,,,,,,,,,,,,,,,,,,,,,,,,,,,,,,,,,,,,,,,,,,,,,,,,,,,,,,,,,,,,,,,,,,,,,,,,,,,,,,,,,,,,,,,,,,,,,,,,,,,,,,,,,,,,,,,,,,,,,,,,,,,,,,,,,,,,,,,,,,,,,,,,,,,,,,,,,,,,,,,,,,,,,,,,,,,,,,,,,,,,,,,,,,,,,,
9,lh_bronze_qad1,mm,XXTICKETD_DET,ticket_detail,XXTICKETD_NBR,XXTICKETD_PT,XXTICKETD_GROSSW,XXTICKETD_NETW,XXTICKETD_UM,XXTICKETD_LINE,XXTICKETD_TIME,XXTICKETD_DOMAIN,current_timestamp(),,,,,,,,,,,,,,,,,,,,,,,,,,,,,,,,,,,,,,,,,,,,,,,,,,,,,,,,,,,,,,,,,,,,,,,,,,,,,,,,,,,,,,,,,,,,,,,,,,,,,,,,,,,,,,,,,,,,,,,,,,,,,,,,,,,,,,,,,,,,,,,,,,,,,,,,,,,,,,,,,,,,,,,,,,,,,,,,,,,,,,,,,,,,,,,,,,,,,,,,,,,,,,,,,
9,lh_bronze_qad2,mm,XXTICKETD_DET,ticket_detail,XXTICKETD_NBR,XXTICKETD_PT,XXTICKETD_GROSSW,XXTICKETD_NETW,XXTICKETD_UM,XXTICKETD_LINE,XXTICKETD_TIME,XXTICKETD_DOMAIN,current_timestamp(),,,,,,,,,,,,,,,,,,,,,,,,,,,,,,,,,,,,,,,,,,,,,,,,,,,,,,,,,,,,,,,,,,,,,,,,,,,,,,,,,,,,,,,,,,,,,,,,,,,,,,,,,,,,,,,,,,,,,,,,,,,,,,,,,,,,,,,,,,,,,,,,,,,,,,,,,,,,,,,,,,,,,,,,,,,,,,,,,,,,,,,,,,,,,,,,,,,,,,,,,,,,,,,,,
9,lh_bronze_sap_rise,mm,,ticket_detail,,,,,,Description,,CompanyCode,LastChangeDateTime,,,,,,,,,,,,,,,,,,,,,,,,,,,,,,,,,,,,,,,,,,,,,,,,,,,,,,,,,,,,,,,,,,,,,,,,,,,,,,,,,,,,,,,,,,,,,,,,,,,,,,,,,,,,,,,,,,,,,,,,,,,,,,,,,,,,,,,,,,,,,,,,,,,,,,,,,,,,,,,,,,,,,,,,,,,,,,,,,,,,,,,,,,,,,,,,,,,,,,,,,Client,CreatedByUser,CreationDate,LastChangedByUser,LastChangeDate,DataSource,LogicalSystem,DataPackage,
9,lh_silver_erp,mm,ticket_master,ticket_master,ticket_number,carrier,distribution_unit,person_in_charge,unit_capacity,driver,plant,in_date_text,in_hour_text,out_date_text,out_hour_text,is_valid,current_km,ticket_chr01,ticket_chr02,ticket_dec01,ticket_dec02,date_in,date_out,report_date,report_hour,enter_date,enter_hour,dispose_date,dispose_hour,license_plate,carrier_description,driver_description,ticket_chr03,ticket_dec03,ticket_dte01,ticket_dte02,ticket_dte03,ticket_log01,ticket_log02,ticket_log03,note,shipping_order_number,ticket_dte04,ticket_chr04,ticket_dec04,ticket_chr05,ticket_chr06,ticket_chr07,ticket_chr08,register_hour,company_code,last_updated_at,,,,,,,,,,,,,,,,,,,,,,,,,,,,,,,,,,,,,,,,,,,,,,,,,,,,,,,,,,,,,,,,,,,,,,,,,,,,,,,,,,,,,,,,,,,,,,,,,,,,,,,,,,,,,,,,,,,,,,,,,,,,,,,,,,,,,,,,,,,,,,,,,,,,,,,,,,,,,,,,,,,,,,,,,,
9,lh_bronze_qad1,mm,XXTICKET_MSTR,ticket_master,XXTICKET_NBR,XXTICKET_CARRIER,XXTICKET_DIST_UNIT,XXTICKET_PERSON_CHARGE,XXTICKET_UNIT_CAPACITY,XXTICKET_DRIVER,XXTICKET_SITE,XXTICKET_IN_DATE,XXTICKET_IN_HR,XXTICKET_OUT_DATE,XXTICKET_OUT_HR,XXTICKET_ISVALID,XXTICKET_KM_CURR,XXTICKET__CHR01,XXTICKET__CHR02,XXTICKET__DEC01,XXTICKET__DEC02,XXTICKET_DATE_IN,XXTICKET_DATE_OUT,XXTICKET_REPORT_DATE,XXTICKET_REPORT_HR,XXTICKET_ENTER_DATE,XXTICKET_ENTER_HR,XXTICKET_DISPOSE_DATE,XXTICKET_DISPOSE_HR,XXTICKET_PLATES,XXTICKET_CARRIER_DESC,XXTICKET_DRIVER_DESC,XXTICKET__CHR03,XXTICKET__DEC03,XXTICKET__DTE01,XXTICKET__DTE02,XXTICKET__DTE03,XXTICKET__LOG01,XXTICKET__LOG02,XXTICKET__LOG03,XXTICKET_NOTE,XXTICKET_SHONBR,XXTICKET__DTE04,XXTICKET__CHR04,XXTICKET__DEC04,XXTICKET__CHR05,XXTICKET__CHR06,XXTICKET__CHR07,XXTICKET__CHR08,NULL,XXTICKET_DOMAIN,current_timestamp(),,,,,,,,,,,,,,,,,,,,,,,,,,,,,,,,,,,,,,,,,,,,,,,,,,,,,,,,,,,,,,,,,,,,,,,,,,,,,,,,,,,,,,,,,,,,,,,,,,,,,,,,,,,,,,,,,,,,,,,,,,,,,,,,,,,,,,,,,,,,,,,,,,,,,,,,,,,,,,,,,,,,,,,,,,
9,lh_bronze_qad2,mm,XXTICKET_MSTR,ticket_master,XXTICKET_NBR,XXTICKET_CARRIER,XXTICKET_DIST_UNIT,XXTICKET_PERSON_CHARGE,XXTICKET_UNIT_CAPACITY,XXTICKET_DRIVER,XXTICKET_SITE,XXTICKET_IN_DATE,XXTICKET_IN_HR,XXTICKET_OUT_DATE,XXTICKET_OUT_HR,XXTICKET_ISVALID,XXTICKET_KM_CURR,XXTICKET__CHR01,XXTICKET__CHR02,XXTICKET__DEC01,XXTICKET__DEC02,XXTICKET_DATE_IN,XXTICKET_DATE_OUT,XXTICKET_REPORT_DATE,XXTICKET_REPORT_HR,XXTICKET_ENTER_DATE,XXTICKET_ENTER_HR,XXTICKET_DISPOSE_DATE,XXTICKET_DISPOSE_HR,XXTICKET_PLATES,XXTICKET_CARRIER_DESC,XXTICKET_DRIVER_DESC,XXTICKET__CHR03,XXTICKET__DEC03,XXTICKET__DTE01,XXTICKET__DTE02,XXTICKET__DTE03,XXTICKET__LOG01,XXTICKET__LOG02,XXTICKET__LOG03,XXTICKET_NOTE,XXTICKET_SHONBR,XXTICKET__DTE04,XXTICKET__CHR04,XXTICKET__DEC04,XXTICKET__CHR05,XXTICKET__CHR06,NULL,NULL,XXTICKET_REGISTER_HR,XXTICKET_DOMAIN,current_timestamp(),,,,,,,,,,,,,,,,,,,,,,,,,,,,,,,,,,,,,,,,,,,,,,,,,,,,,,,,,,,,,,,,,,,,,,,,,,,,,,,,,,,,,,,,,,,,,,,,,,,,,,,,,,,,,,,,,,,,,,,,,,,,,,,,,,,,,,,,,,,,,,,,,,,,,,,,,,,,,,,,,,,,,,,,,,
9,lh_bronze_sap_rise,mm,,ticket_master,,,,,,,,DocumentDate,,DocumentDate,,,,,,,,DocumentDate,DocumentDate,DocumentDate,,DocumentDate,,DocumentDate,,,Description,Description,,,,,,,,,,,,,,,,,,,CompanyCode,LastChangeDateTime,,,,,,,,,,,,,,,,,,,,,,,,,,,,,,,,,,,,,,,,,,,,,,,,,,,,,,,,,,,,,,,,,,,,,,,,,,,,,,,,,,,,,,,,,,,,,,,,,,,,,,,,,,,,,,,,,,,,,,,,,,,,,,,,,,,,,,,,,,,,,,,,,,,,,,,,,,,,,,,,,,Client,CreatedByUser,CreationDate,LastChangedByUser,LastChangeDate,DataSource,LogicalSystem,DataPackage,
9,lh_silver_erp,pp,assignment_complement_items,assignment_complement_items,dataset,document_id,line_number,plant_id,storage_location_id,material_id,lot_number,quantity_allocated,quantity_picked,quantity_change,user1,user2,ref,ordered_plant_id,qadc01,date_reg,time_reg,user_id,chr01,chr02,chr03,dec01,dec02,dec03,dte01,dte02,dte03,log01,log02,log03,company_code,record_id,last_updated_at,,,,,,,,,,,,,,,,,,,,,,,,,,,,,,,,,,,,,,,,,,,,,,,,,,,,,,,,,,,,,,,,,,,,,,,,,,,,,,,,,,,,,,,,,,,,,,,,,,,,,,,,,,,,,,,,,,,,,,,,,,,,,,,,,,,,,,,,,,,,,,,,,,,,,,,,,,,,,,,,,,,,,,,,,,,,,,,,,,,,,,,,,
9,lh_bronze_qad1,pp,XXLAD_DET,assignment_complement_items,XXLAD_DATASET,XXLAD_NBR,XXLAD_LINE,XXLAD_SITE,XXLAD_LOC,XXLAD_PART,XXLAD_LOT,XXLAD_QTY_ALL,XXLAD_QTY_PICK,XXLAD_QTY_CHG,XXLAD_USER1,XXLAD_USER2,XXLAD_REF,XXLAD_ORD_SITE,XXLAD__QADC01,XXLAD_DATE_REG,XXLAD_TIME_REG,XXLAD_USERID,XXLAD__CHR01,XXLAD__CHR02,XXLAD__CHR03,XXLAD__DEC01,XXLAD__DEC02,XXLAD__DEC03,XXLAD__DTE01,XXLAD__DTE02,XXLAD__DTE03,XXLAD_LOG01,XXLAD_LOG02,XXLAD_LOG03,XXLAD_DOMAIN,PROGRESS_RECID,current_timestamp(),,,,,,,,,,,,,,,,,,,,,,,,,,,,,,,,,,,,,,,,,,,,,,,,,,,,,,,,,,,,,,,,,,,,,,,,,,,,,,,,,,,,,,,,,,,,,,,,,,,,,,,,,,,,,,,,,,,,,,,,,,,,,,,,,,,,,,,,,,,,,,,,,,,,,,,,,,,,,,,,,,,,,,,,,,,,,,,,,,,,,,,,,
9,lh_bronze_qad2,pp,XXLAD_DET,assignment_complement_items,XXLAD_DATASET,XXLAD_NBR,XXLAD_LINE,XXLAD_SITE,XXLAD_LOC,XXLAD_PART,XXLAD_LOT,XXLAD_QTY_ALL,XXLAD_QTY_PICK,XXLAD_QTY_CHG,XXLAD_USER1,XXLAD_USER2,XXLAD_REF,XXLAD_ORD_SITE,XXLAD__QADC01,XXLAD_DATE_REG,XXLAD_TIME_REG,XXLAD_USERID,XXLAD__CHR01,XXLAD__CHR02,XXLAD__CHR03,XXLAD__DEC01,XXLAD__DEC02,XXLAD__DEC03,XXLAD__DTE01,XXLAD__DTE02,XXLAD__DTE03,XXLAD_LOG01,XXLAD_LOG02,XXLAD_LOG03,XXLAD_DOMAIN,PROGRESS_RECID,current_timestamp(),,,,,,,,,,,,,,,,,,,,,,,,,,,,,,,,,,,,,,,,,,,,,,,,,,,,,,,,,,,,,,,,,,,,,,,,,,,,,,,,,,,,,,,,,,,,,,,,,,,,,,,,,,,,,,,,,,,,,,,,,,,,,,,,,,,,,,,,,,,,,,,,,,,,,,,,,,,,,,,,,,,,,,,,,,,,,,,,,,,,,,,,,
9,lh_bronze_sap_rise,pp,,assignment_complement_items,,,,Plant,,Material,,,,,,,,Plant,,DocumentDate,,,,,,,,,,,,,,,CompanyCode,,LastChangeDateTime,,,,,,,,,,,,,,,,,,,,,,,,,,,,,,,,,,,,,,,,,,,,,,,,,,,,,,,,,,,,,,,,,,,,,,,,,,,,,,,,,,,,,,,,,,,,,,,,,,,,,,,,,,,,,,,,,,,,,,,,,,,,,,,,,,,,,,,,,,,,,,,,,,,,,,,,,,,,,,,,,,,,,,,,,,,,,,,,,Client,CreatedByUser,CreationDate,LastChangedByUser,LastChangeDate,DataSource,LogicalSystem,DataPackage,
9,lh_silver_erp,pp,assignment_items,assignment_items,dataset,order_number,line_number,plant_id,storage_location_id,material_id,lot_number,total_quantity,picked_quantity,quantity_change,user1,user2,reference,order_plant,company_code,record_id,last_updated_at,,,,,,,,,,,,,,,,,,,,,,,,,,,,,,,,,,,,,,,,,,,,,,,,,,,,,,,,,,,,,,,,,,,,,,,,,,,,,,,,,,,,,,,,,,,,,,,,,,,,,,,,,,,,,,,,,,,,,,,,,,,,,,,,,,,,,,,,,,,,,,,,,,,,,,,,,,,,,,,,,,,,,,,,,,,,,,,,,,,,,,,,,,,,,,,,,,,,,,,,,
9,lh_bronze_qad1,pp,LAD_DET,assignment_items,LAD_DATASET,LAD_NBR,LAD_LINE,LAD_SITE,LAD_LOC,LAD_PART,LAD_LOT,LAD_QTY_ALL,LAD_QTY_PICK,LAD_QTY_CHG,LAD_USER1,LAD_USER2,LAD_REF,LAD_ORD_SITE,LAD_DOMAIN,PROGRESS_RECID,current_timestamp(),,,,,,,,,,,,,,,,,,,,,,,,,,,,,,,,,,,,,,,,,,,,,,,,,,,,,,,,,,,,,,,,,,,,,,,,,,,,,,,,,,,,,,,,,,,,,,,,,,,,,,,,,,,,,,,,,,,,,,,,,,,,,,,,,,,,,,,,,,,,,,,,,,,,,,,,,,,,,,,,,,,,,,,,,,,,,,,,,,,,,,,,,,,,,,,,,,,,,,,,,
9,lh_bronze_sap_rise,pp,,assignment_items,,,,Plant,,Material,,,,,,,,,CompanyCode,,LastChangeDateTime,,,,,,,,,,,,,,,,,,,,,,,,,,,,,,,,,,,,,,,,,,,,,,,,,,,,,,,,,,,,,,,,,,,,,,,,,,,,,,,,,,,,,,,,,,,,,,,,,,,,,,,,,,,,,,,,,,,,,,,,,,,,,,,,,,,,,,,,,,,,,,,,,,,,,,,,,,,,,,,,,,,,,,,,,,,,,,,,,,,,,,,,,,,,,,,,,Client,CreatedByUser,CreationDate,LastChangedByUser,LastChangeDate,DataSource,LogicalSystem,DataPackage,
9,lh_silver_erp,pp,mrp_run_result_items,mrp_run_result_items,dataset,material_id,mrp_number,line_number,release_date,due_date,quantity,mrp_type,mrp_detail,plant_id,user1,user2,line_number2,order_plant,key_id,company_code,record_id,last_updated_at,,,,,,,,,,,,,,,,,,,,,,,,,,,,,,,,,,,,,,,,,,,,,,,,,,,,,,,,,,,,,,,,,,,,,,,,,,,,,,,,,,,,,,,,,,,,,,,,,,,,,,,,,,,,,,,,,,,,,,,,,,,,,,,,,,,,,,,,,,,,,,,,,,,,,,,,,,,,,,,,,,,,,,,,,,,,,,,,,,,,,,,,,,,,,,,,,,,,,,,,
9,lh_bronze_qad1,pp,MRP_DET,mrp_run_result_items,MRP_DATASET,MRP_PART,MRP_NBR,MRP_LINE,MRP_REL_DATE,MRP_DUE_DATE,MRP_QTY,MRP_TYPE,MRP_DETAIL,MRP_SITE,MRP_USER1,MRP_USER2,MRP_LINE2,MRP_ORD_SITE,MRP_KEYID,MRP_DOMAIN,PROGRESS_RECID,current_timestamp(),,,,,,,,,,,,,,,,,,,,,,,,,,,,,,,,,,,,,,,,,,,,,,,,,,,,,,,,,,,,,,,,,,,,,,,,,,,,,,,,,,,,,,,,,,,,,,,,,,,,,,,,,,,,,,,,,,,,,,,,,,,,,,,,,,,,,,,,,,,,,,,,,,,,,,,,,,,,,,,,,,,,,,,,,,,,,,,,,,,,,,,,,,,,,,,,,,,,,,,,
9,lh_bronze_sap_rise,pp,IPLANNEDORDER,mrp_run_result_items,,Material,,,DocumentDate,DocumentDate,,,,Plant,,,,,,CompanyCode,,LastChangeDateTime,,,,,,,,,,,,,,,,,,,,,,,,,,,,,,,,,,,,,,,,,,,,,,,,,,,,,,,,,,,,,,,,,,,,,,,,,,,,,,,,,,,,,,,,,,,,,,,,,,,,,,,,,,,,,,,,,,,,,,,,,,,,,,,,,,,,,,,,,,,,,,,,,,,,,,,,,,,,,,,,,,,,,,,,,,,,,,,,,,,,,,,,,,,,,,,,Client,CreatedByUser,CreationDate,LastChangedByUser,LastChangeDate,DataSource,LogicalSystem,DataPackage,
9,lh_silver_erp,pp,production_order_assignments,production_order_assignments,production_order_number,lot_number,goods_issue_date,material_id,required_quantity,total_quantity,picked_quantity,issued_quantity,total_standard_cost,delivery_reference,quantity_change,bo_chg,storage_location_id,serial_number,comment_index,user1,user2,operation_number,critical_flag,plant_id,chr01,chr02,chr03,chr04,chr05,dte01,dte02,dec01,dec02,log01,bom_quantity,mtl_totx,mvuse_post,bom_amount,mvrte_post,mvrte_rval,mvuse_rval,mvrte_accr,mvuse_accr,ca_int_type,covered_amount,eng_code,fcg_code,fcg_index,fis_column,fis_sort,fsc_code,fsm_type,list_price,price,product_line,posted_quantity,returned_quantity,status,line_price,covered_post,sv_code,project_id,return_issue_quantity,exg_price,return_plant,return_storage_location,standard_cost,item_line,sales_order_item,sales_order_number,seo_load,from_storage_location,from_plant,reference,return_serial_number,isb_ref,return_reference,yield_percent,company_code,record_id,last_updated_at,,,,,,,,,,,,,,,,,,,,,,,,,,,,,,,,,,,,,,,,,,,,,,,,,,,,,,,,,,,,,,,,,,,,,,,,,,,,,,,,,,,,,,,,,,,,,,,,,,,,,,,,,,,,,,,,,,,,,,,,,,,,,,,,,,,,,,,,,,,,,
9,lh_bronze_qad1,pp,WOD_DET,production_order_assignments,WOD_NBR,WOD_LOT,WOD_ISS_DATE,WOD_PART,WOD_QTY_REQ,WOD_QTY_ALL,WOD_QTY_PICK,WOD_QTY_ISS,WOD_TOT_STD,WOD_DELIVER,WOD_QTY_CHG,WOD_BO_CHG,WOD_LOC,WOD_SERIAL,WOD_CMTINDX,WOD_USER1,WOD_USER2,WOD_OP,WOD_CRITICAL,WOD_SITE,WOD__CHR01,WOD__CHR02,WOD__CHR03,WOD__CHR04,WOD__CHR05,WOD__DTE01,WOD__DTE02,WOD__DEC01,WOD__DEC02,WOD__LOG01,WOD_BOM_QTY,WOD_MTL_TOTX,WOD_MVUSE_POST,WOD_BOM_AMT,WOD_MVRTE_POST,WOD_MVRTE_RVAL,WOD_MVUSE_RVAL,WOD_MVRTE_ACCR,WOD_MVUSE_ACCR,WOD_CA_INT_TYPE,WOD_COVERED_AMT,WOD_ENG_CODE,WOD_FCG_CODE,WOD_FCG_INDEX,WOD_FIS_COLUMN,WOD_FIS_SORT,WOD_FSC_CODE,WOD_FSM_TYPE,WOD_LIST_PR,WOD_PRICE,WOD_PROD_LINE,WOD_QTY_POSTED,WOD_QTY_RET,WOD_STATUS,WOD_LINE_PRICE,WOD_COVERED_POST,WOD_SV_CODE,WOD_PROJECT,WOD_RET_ISS,WOD_EXG_PRICE,WOD_RET_SITE,WOD_RET_LOC,WOD_STD_COST,WOD_ITM_LINE,WOD_SOD_LINE,WOD_SOD_NBR,WOD_SEO_LOAD,WOD_FROM_LOC,WOD_FROM_SITE,WOD_REF,WOD_RET_SERIAL,WOD_ISB_REF,WOD_RET_REF,WOD_YIELD_PCT,WOD_DOMAIN,PROGRESS_RECID,current_timestamp(),,,,,,,,,,,,,,,,,,,,,,,,,,,,,,,,,,,,,,,,,,,,,,,,,,,,,,,,,,,,,,,,,,,,,,,,,,,,,,,,,,,,,,,,,,,,,,,,,,,,,,,,,,,,,,,,,,,,,,,,,,,,,,,,,,,,,,,,,,,,,
9,lh_bronze_sap_rise,pp,IPRODORDEROPERATION,production_order_assignments,,,DocumentDate,Material,,,,,,,,,,,,,,,,Plant,,,,,,,,,,,,,,AmountInCompanyCodeCurrency,,,,,,,AmountInCompanyCodeCurrency,,,,,,,,,,,,,,,,,WBSElementInternalID,,,,,,,,,,,,,,,,,CompanyCode,,LastChangeDateTime,,,,,,,,,,,,,,,,,,,,,,,,,,,,,,,,,,,,,,,,,,,,,,,,,,,,,,,,,,,,,,,,,,,,,,,,,,,,,,,,,,,,,,,,,,,,,,,,,,,,,,,,,,,,,,,,,,,,,,,,,,,,,,,,,,,,,Client,CreatedByUser,CreationDate,LastChangedByUser,LastChangeDate,DataSource,LogicalSystem,DataPackage,
9,lh_silver_erp,pp,production_order_header,production_order_header,production_order_number,lot_number,sales_order_ID,order_date,release_date,due_date,performance_date,part_number,order_type,quantity_ordered,quantity_completed,quantity_rejected,order_status,vendor_id,remarks,quantity_changed,revision,account_code,cost_center,project_code,wip_total,labor_total,material_total,burden_total,subcontract_total,overhead_total,storage_location_id,serial_number,routing_id,bom_code,plant_id,close_date,expiration_date,company_code,record_id,last_updated_at,,,,,,,,,,,,,,,,,,,,,,,,,,,,,,,,,,,,,,,,,,,,,,,,,,,,,,,,,,,,,,,,,,,,,,,,,,,,,,,,,,,,,,,,,,,,,,,,,,,,,,,,,,,,,,,,,,,,,,,,,,,,,,,,,,,,,,,,,,,,,,,,,,,,,,,,,,,,,,,,,,,,,,,,,,,,,,,,,,,,,,
9,lh_bronze_qad1,pp,WO_MSTR,production_order_header,WO_NBR,WO_LOT,WO_SO_JOB,WO_ORD_DATE,WO_REL_DATE,WO_DUE_DATE,WO_PER_DATE,WO_PART,WO_TYPE,WO_QTY_ORD,WO_QTY_COMP,WO_QTY_RJCT,WO_STATUS,WO_VEND,WO_RMKS,WO_QTY_CHG,WO_REV,WO_ACCT,WO_CC,WO_PROJECT,WO_WIP_TOT,WO_LBR_TOT,WO_MTL_TOT,WO_BDN_TOT,WO_SUB_TOT,WO_OVH_TOT,WO_LOC,WO_SERIAL,WO_ROUTING,WO_BOM_CODE,WO_SITE,WO_CLOSE_DATE,WO_EXPIRE,WO_DOMAIN,CAST(PROGRESS_RECID AS INT),current_timestamp(),,,,,,,,,,,,,,,,,,,,,,,,,,,,,,,,,,,,,,,,,,,,,,,,,,,,,,,,,,,,,,,,,,,,,,,,,,,,,,,,,,,,,,,,,,,,,,,,,,,,,,,,,,,,,,,,,,,,,,,,,,,,,,,,,,,,,,,,,,,,,,,,,,,,,,,,,,,,,,,,,,,,,,,,,,,,,,,,,,,,,,
9,lh_bronze_sap_rise,pp,IPRODORDER,production_order_header,,,,DocumentDate,DocumentDate,DocumentDate,DocumentDate,,,,,,,,,,,,,,,,,,,,,,,,Plant,DocumentDate,DocumentDate,CompanyCode,,LastChangeDateTime,,,,,,,,,,,,,,,,,,,,,,,,,,,,,,,,,,,,,,,,,,,,,,,,,,,,,,,,,,,,,,,,,,,,,,,,,,,,,,,,,,,,,,,,,,,,,,,,,,,,,,,,,,,,,,,,,,,,,,,,,,,,,,,,,,,,,,,,,,,,,,,,,,,,,,,,,,,,,,,,,,,,,,,,,,,,,,Client,CreatedByUser,CreationDate,LastChangedByUser,LastChangeDate,DataSource,LogicalSystem,DataPackage,
9,lh_silver_erp,pp,production_order_routing,production_order_routing,production_order_number,operation_number,operation_description,work_center_id,machines_per_operation,quantity_ordered,quantity_in_wip,quantity_completed,quantity_rejected,quantity_rework,operation_status,start_date,due_date,lot_number,part_number,comment_index,machine_id,user_field_1,user_field_2,company_code,record_id,last_updated_at,,,,,,,,,,,,,,,,,,,,,,,,,,,,,,,,,,,,,,,,,,,,,,,,,,,,,,,,,,,,,,,,,,,,,,,,,,,,,,,,,,,,,,,,,,,,,,,,,,,,,,,,,,,,,,,,,,,,,,,,,,,,,,,,,,,,,,,,,,,,,,,,,,,,,,,,,,,,,,,,,,,,,,,,,,,,,,,,,,,,,,,,,,,,,,,,,,,,
9,lh_bronze_qad1,pp,WR_ROUTE,production_order_routing,WR_NBR,CAST(CAST(WR_OP AS INTEGER) AS STRING),UPPER(WR_DESC),UPPER(WR_WKCTR),CAST(WR_MCH_OP AS SMALLINT),WR_QTY_ORD,WR_QTY_WIP,WR_QTY_COMP,WR_QTY_RJCT,WR_QTY_RWRK,WR_STATUS,WR_START,WR_DUE,WR_LOT,WR_PART,WR_CMTINDX,WR_MCH,WR_USER1,WR_USER2,WR_DOMAIN,CAST(PROGRESS_RECID AS INT),current_timestamp(),,,,,,,,,,,,,,,,,,,,,,,,,,,,,,,,,,,,,,,,,,,,,,,,,,,,,,,,,,,,,,,,,,,,,,,,,,,,,,,,,,,,,,,,,,,,,,,,,,,,,,,,,,,,,,,,,,,,,,,,,,,,,,,,,,,,,,,,,,,,,,,,,,,,,,,,,,,,,,,,,,,,,,,,,,,,,,,,,,,,,,,,,,,,,,,,,,,,
9,lh_bronze_sap_rise,pp,IPRODORDEROPERATION,production_order_routing,,,Description,,,,,,,,,DocumentDate,DocumentDate,,,,,,,CompanyCode,,LastChangeDateTime,,,,,,,,,,,,,,,,,,,,,,,,,,,,,,,,,,,,,,,,,,,,,,,,,,,,,,,,,,,,,,,,,,,,,,,,,,,,,,,,,,,,,,,,,,,,,,,,,,,,,,,,,,,,,,,,,,,,,,,,,,,,,,,,,,,,,,,,,,,,,,,,,,,,,,,,,,,,,,,,,,,,,,,,,,,,,,,,,,,,,,,,,,,,Client,CreatedByUser,CreationDate,LastChangedByUser,LastChangeDate,DataSource,LogicalSystem,DataPackage,
9,lh_silver_erp,ps,feasibility_analysis,feasibility_analysis,feasibility_id,created_by,creation_date,customer_id,tolling_indicator,status_code,last_change_date,last_changed_by,custom_string_01,custom_string_02,custom_string_03,custom_flag_01,custom_flag_02,custom_flag_03,custom_decimal_01,custom_decimal_02,custom_decimal_03,custom_datetime_01,custom_datetime_02,custom_datetime_03,source_oid,comment_text,custom_string_04,custom_string_05,custom_string_06,company_code,record_id,last_updated_at,,,,,,,,,,,,,,,,,,,,,,,,,,,,,,,,,,,,,,,,,,,,,,,,,,,,,,,,,,,,,,,,,,,,,,,,,,,,,,,,,,,,,,,,,,,,,,,,,,,,,,,,,,,,,,,,,,,,,,,,,,,,,,,,,,,,,,,,,,,,,,,,,,,,,,,,,,,,,,,,,,,,,,,,,,,,,,,,,,,,,,,,,,,,,,
9,lh_bronze_qad1,ps,XXAF_MSTR,feasibility_analysis,XXAF_NBR,XXAF_USERID,XXAF_DATE,XXAF_CUST,XXAF_ISTOLL,XXAF_STATUS,XXAF_LASTDATE,XXAF_LASTUSERID,XXAF__CHR01,XXAF__CHR02,XXAF__CHR03,XXAF__LOG01,XXAF__LOG02,XXAF__LOG03,XXAF__DEC01,XXAF__DEC02,XXAF__DEC03,XXAF__DTE01,XXAF__DTE02,XXAF__DTE03,OID_XXAF_MSTR,XXAF_CMMT,XXAF__CHR04,XXAF__CHR05,XXAF__CHR06,XXAF_DOMAIN,PROGRESS_RECID,current_timestamp(),,,,,,,,,,,,,,,,,,,,,,,,,,,,,,,,,,,,,,,,,,,,,,,,,,,,,,,,,,,,,,,,,,,,,,,,,,,,,,,,,,,,,,,,,,,,,,,,,,,,,,,,,,,,,,,,,,,,,,,,,,,,,,,,,,,,,,,,,,,,,,,,,,,,,,,,,,,,,,,,,,,,,,,,,,,,,,,,,,,,,,,,,,,,,,
9,lh_bronze_sap_rise,ps,,feasibility_analysis,,,DocumentDate,Customer,,,DocumentDate,,,,,,,,,,,DocumentDate,DocumentDate,DocumentDate,,,,,,CompanyCode,,LastChangeDateTime,,,,,,,,,,,,,,,,,,,,,,,,,,,,,,,,,,,,,,,,,,,,,,,,,,,,,,,,,,,,,,,,,,,,,,,,,,,,,,,,,,,,,,,,,,,,,,,,,,,,,,,,,,,,,,,,,,,,,,,,,,,,,,,,,,,,,,,,,,,,,,,,,,,,,,,,,,,,,,,,,,,,,,,,,,,,,,,,,,,,,,Client,CreatedByUser,CreationDate,LastChangedByUser,LastChangeDate,DataSource,LogicalSystem,DataPackage,
9,lh_silver_erp,ps,feasibility_analysis_items,feasibility_analysis_items,feasibility_id,item_number,criteria_type,criteria_value,lower_tolerance_limit,upper_tolerance_limit,unit_of_measure,custom_ind,custom_string_01,custom_string_02,custom_string_03,custom_flag_01,custom_flag_02,custom_flag_03,custom_decimal_01,custom_decimal_02,custom_decimal_03,custom_datetime_01,custom_datetime_02,custom_datetime_03,source_oid,company_code,record_id,last_updated_at,,,,,,,,,,,,,,,,,,,,,,,,,,,,,,,,,,,,,,,,,,,,,,,,,,,,,,,,,,,,,,,,,,,,,,,,,,,,,,,,,,,,,,,,,,,,,,,,,,,,,,,,,,,,,,,,,,,,,,,,,,,,,,,,,,,,,,,,,,,,,,,,,,,,,,,,,,,,,,,,,,,,,,,,,,,,,,,,,,,,,,,,,,,,,,,,,,
9,lh_bronze_qad1,ps,XXAFD_DET,feasibility_analysis_items,XXAFD_NBR,XXAFD_LINE,XXAFD_TYPE,XXAFD_VALUE,XXAFD_TOL1,XXAFD_TOL2,XXAFD_UM,XXAFD_ISCUSTOM,XXAFD__CHR01,XXAFD__CHR02,XXAFD__CHR03,XXAFD__LOG01,XXAFD__LOG02,XXAFD__LOG03,XXAFD__DEC01,XXAFD__DEC02,XXAFD__DEC03,XXAFD__DTE01,XXAFD__DTE02,XXAFD__DTE03,OID_XXAFD_DET,XXAFD_DOMAIN,PROGRESS_RECID,current_timestamp(),,,,,,,,,,,,,,,,,,,,,,,,,,,,,,,,,,,,,,,,,,,,,,,,,,,,,,,,,,,,,,,,,,,,,,,,,,,,,,,,,,,,,,,,,,,,,,,,,,,,,,,,,,,,,,,,,,,,,,,,,,,,,,,,,,,,,,,,,,,,,,,,,,,,,,,,,,,,,,,,,,,,,,,,,,,,,,,,,,,,,,,,,,,,,,,,,,
9,lh_bronze_sap_rise,ps,,feasibility_analysis_items,,,,,,,,,,,,,,,,,,DocumentDate,DocumentDate,DocumentDate,,CompanyCode,,LastChangeDateTime,,,,,,,,,,,,,,,,,,,,,,,,,,,,,,,,,,,,,,,,,,,,,,,,,,,,,,,,,,,,,,,,,,,,,,,,,,,,,,,,,,,,,,,,,,,,,,,,,,,,,,,,,,,,,,,,,,,,,,,,,,,,,,,,,,,,,,,,,,,,,,,,,,,,,,,,,,,,,,,,,,,,,,,,,,,,,,,,,,,,,,,,,,Client,CreatedByUser,CreationDate,LastChangedByUser,LastChangeDate,DataSource,LogicalSystem,DataPackage,
9,lh_silver_erp,ps,material_feasibility,material_feasibility,feasibility_id,created_by,creation_date,plant_id,feasibility_reference_id,analysis_type,description,material_description,standard_specification,unit_of_measure,cutting_specification,roll_specification,business_unit,customer_id,customer_material_number,destination_location,status_code,attachment_filename,simulation_reference,packaging_type,intended_use,max_packaging_units,max_ribbon_length,admin_code,download_reference,comment_text,last_change_date,last_changed_by,custom_string_01,custom_string_02,custom_string_03,custom_string_04,custom_decimal_01,custom_decimal_02,custom_decimal_03,custom_datetime_01,custom_datetime_02,custom_datetime_03,custom_flag_01,custom_flag_02,custom_flag_03,evaluation_group,header_comment_text,base_unit,kilograms_per_piece,welding_specification,crush_test_specification,mechanical_property_specification,source_oid,company_code,record_id,last_updated_at,,,,,,,,,,,,,,,,,,,,,,,,,,,,,,,,,,,,,,,,,,,,,,,,,,,,,,,,,,,,,,,,,,,,,,,,,,,,,,,,,,,,,,,,,,,,,,,,,,,,,,,,,,,,,,,,,,,,,,,,,,,,,,,,,,,,,,,,,,,,,,,,,,,,,,,,,,,,,,,,,,,,,,
9,lh_bronze_qad1,ps,XXFEAN_MSTR,material_feasibility,XXFEAN_NBR,XXFEAN_USERID,XXFEAN_DATE,XXFEAN_SITE,"CAST(NULL AS DECIMAL(38,10))",CAST(NULL AS STRING),XXFEAN_DESC,CAST(NULL AS STRING),XXFEAN_NORM,XXFEAN_UM,XXFEAN_CUT,XXFEAN_ROL,CAST(NULL AS STRING),XXFEAN_CUST,CAST(NULL AS STRING),CAST(NULL AS STRING),XXFEAN_STATUS,XXFEAN_FILE,CAST(NULL AS STRING),XXFEAN_PACK,XXFEAN_USE,XXFEAN_MAX_PACK,XXFEAN_MAX_RIBBON,XXFEAN_ADM,CAST(NULL AS STRING),XXFEAN_CMMT,XXFEAN_LASTDATE,XXFEAN_LASRUSER,XXFEAN__CHR01,XXFEAN__CHR02,XXFEAN__CHR03,CAST(NULL AS STRING),XXFEAN__DEC01,XXFEAN__DEC02,XXFEAN__DEC03,XXFEAN__DTE01,XXFEAN__DTE02,XXFEAN__DTE03,XXFEAN__LOG01,XXFEAN__LOG02,XXFEAN__LOG03,XXFEAN_GROUP,XXFEAN_CMMT_HD,CAST(NULL AS STRING),CAST(NULL AS STRING),CAST(NULL AS STRING),CAST(NULL AS STRING),CAST(NULL AS STRING),OID_XXFEAN_MSTR,XXFEAN_DOMAIN,PROGRESS_RECID,current_timestamp(),,,,,,,,,,,,,,,,,,,,,,,,,,,,,,,,,,,,,,,,,,,,,,,,,,,,,,,,,,,,,,,,,,,,,,,,,,,,,,,,,,,,,,,,,,,,,,,,,,,,,,,,,,,,,,,,,,,,,,,,,,,,,,,,,,,,,,,,,,,,,,,,,,,,,,,,,,,,,,,,,,,,,,
9,lh_bronze_sap_rise,ps,,material_feasibility,,,DocumentDate,Plant,,,Description,Description,,,,,,Customer,,,,,,,,,,,,,DocumentDate,,,,,,,,,DocumentDate,DocumentDate,DocumentDate,,,,,,,,,,,,CompanyCode,,LastChangeDateTime,,,,,,,,,,,,,,,,,,,,,,,,,,,,,,,,,,,,,,,,,,,,,,,,,,,,,,,,,,,,,,,,,,,,,,,,,,,,,,,,,,,,,,,,,,,,,,,,,,,,,,,,,,,,,,,,,,,,,,,,,,,,,,,,,,,,,,,,,,,,,,,,,,,,,,,,,,,,,,Client,CreatedByUser,CreationDate,LastChangedByUser,LastChangeDate,DataSource,LogicalSystem,DataPackage,
9,lh_silver_erp,ps,material_feasibility_items1,material_feasibility_items1,feasibility_id,criteria_type,criteria_value,unit_of_measure,lower_tolerance_limit,upper_tolerance_limit,comment_text,custom_string_01,custom_string_02,custom_decimal_01,custom_decimal_02,custom_datetime_01,custom_datetime_02,custom_flag_01,custom_flag_02,source_oid,item_number,attachment_filename,operation_time,cost_amount,net_cost_amount,price_amount,material_id,min_quantity,company_code,record_id,last_updated_at,,,,,,,,,,,,,,,,,,,,,,,,,,,,,,,,,,,,,,,,,,,,,,,,,,,,,,,,,,,,,,,,,,,,,,,,,,,,,,,,,,,,,,,,,,,,,,,,,,,,,,,,,,,,,,,,,,,,,,,,,,,,,,,,,,,,,,,,,,,,,,,,,,,,,,,,,,,,,,,,,,,,,,,,,,,,,,,,,,,,,,,,,,,,,,,
9,lh_bronze_qad1,ps,XXFEAND1_DET,material_feasibility_items1,XXFEAND1_NBR,XXFEAND1_TYPE,XXFEAND1_VALUE,XXFEAND1_UM,XXFEAND1_TOL1,XXFEAND1_TOL2,XXFEAND1_CMMT,XXFEAND1__CHR01,XXFEAND1__CHR02,XXFEAND1__DEC01,XXFEAND1__DEC02,XXFEAND1__DTE01,XXFEAND1__DTE02,XXFEAND1__LOG01,XXFEAND1__LOG02,OID_XXFEAND1_DET,XXFEAND1_LN,CAST(NULL AS STRING),CAST(NULL AS STRING),"CAST(NULL AS DECIMAL(38,10))","CAST(NULL AS DECIMAL(38,10))","CAST(NULL AS DECIMAL(38,10))",CAST(NULL AS STRING),CAST(NULL AS STRING),XXFEAND1_DOMAIN,PROGRESS_RECID,current_timestamp(),,,,,,,,,,,,,,,,,,,,,,,,,,,,,,,,,,,,,,,,,,,,,,,,,,,,,,,,,,,,,,,,,,,,,,,,,,,,,,,,,,,,,,,,,,,,,,,,,,,,,,,,,,,,,,,,,,,,,,,,,,,,,,,,,,,,,,,,,,,,,,,,,,,,,,,,,,,,,,,,,,,,,,,,,,,,,,,,,,,,,,,,,,,,,,,
9,lh_bronze_sap_rise,ps,,material_feasibility_items1,,,,,,,,,,,,DocumentDate,DocumentDate,,,,,,,AmountInCompanyCodeCurrency,AmountInCompanyCodeCurrency,AmountInCompanyCodeCurrency,Material,,CompanyCode,,LastChangeDateTime,,,,,,,,,,,,,,,,,,,,,,,,,,,,,,,,,,,,,,,,,,,,,,,,,,,,,,,,,,,,,,,,,,,,,,,,,,,,,,,,,,,,,,,,,,,,,,,,,,,,,,,,,,,,,,,,,,,,,,,,,,,,,,,,,,,,,,,,,,,,,,,,,,,,,,,,,,,,,,,,,,,,,,,,,,,,,,,,,,,,,,,Client,CreatedByUser,CreationDate,LastChangedByUser,LastChangeDate,DataSource,LogicalSystem,DataPackage,
9,lh_silver_erp,ps,material_feasibility_items2,material_feasibility_items2,feasibility_id,criteria_type,entry_date,sales_reference,item_name,evaluation_score_1,comment_text_1,evaluation_score_2,comment_text_2,evaluation_score_3,comment_text_3,due_date,check_indicator,quantity,price_amount,component_code,scrap_indicator,comment_text,source_oid,custom_string_01,custom_string_02,custom_decimal_01,custom_decimal_02,custom_datetime_01,custom_datetime_02,custom_flag_01,custom_flag_02,authorized_by,authorization_date,custom_string_03,custom_string_04,operation_time,operation_time_2,evaluation_score_4,comment_text_4,company_code,record_id,last_updated_at,,,,,,,,,,,,,,,,,,,,,,,,,,,,,,,,,,,,,,,,,,,,,,,,,,,,,,,,,,,,,,,,,,,,,,,,,,,,,,,,,,,,,,,,,,,,,,,,,,,,,,,,,,,,,,,,,,,,,,,,,,,,,,,,,,,,,,,,,,,,,,,,,,,,,,,,,,,,,,,,,,,,,,,,,,,,,,,,,,,,
9,lh_bronze_qad1,ps,XXFEAND2_DET,material_feasibility_items2,XXFEAND2_NBR,XXFEAND2_TYPE,XXFEAND2_DATE,XXFEAND2_SALE,XXFEAND2_NAME,XXFEAND2_QUIZ1,XXFEAND2_CMMT1,XXFEAND2_QUIZ2,XXFEAND2_CMMT2,XXFEAND2_QUIZ3,XXFEAND2_CMMT3,XXFEAND2_DUEDATE,XXFEAND2_CHECK,XXFEAND2_QTY,XXFEAND2_PRICE,XXFEAND2_COMP,XXFEAND2_SCRAP,XXFEAND2_CMMT,OID_XXFEAND2,XXFEAND2__CHR01,XXFEAND2__CHR02,XXFEAND2__DEC01,XXFEAND2__DEC02,XXFEAND2__DTE01,XXFEAND2__DTE02,XXFEAND2__LOG01,XXFEAND2__LOG02,XXFEAND2_AUTH_USER,XXFEAND2_AUTH_DATE,XXFEAND2__CHR03,XXFEAND2__CHR04,XXFEAND2_TIME,XXFEAND2_TIME2,XXFEAND2_QUIZ4,XXFEAND2_CMMT4,XXFEAND2_DOMAIN,PROGRESS_RECID,current_timestamp(),,,,,,,,,,,,,,,,,,,,,,,,,,,,,,,,,,,,,,,,,,,,,,,,,,,,,,,,,,,,,,,,,,,,,,,,,,,,,,,,,,,,,,,,,,,,,,,,,,,,,,,,,,,,,,,,,,,,,,,,,,,,,,,,,,,,,,,,,,,,,,,,,,,,,,,,,,,,,,,,,,,,,,,,,,,,,,,,,,,,
9,lh_bronze_sap_rise,ps,,material_feasibility_items2,,,DocumentDate,,,,,,,,,DocumentDate,,,AmountInCompanyCodeCurrency,,,,,,,,,DocumentDate,DocumentDate,,,,DocumentDate,,,,,,,CompanyCode,,LastChangeDateTime,,,,,,,,,,,,,,,,,,,,,,,,,,,,,,,,,,,,,,,,,,,,,,,,,,,,,,,,,,,,,,,,,,,,,,,,,,,,,,,,,,,,,,,,,,,,,,,,,,,,,,,,,,,,,,,,,,,,,,,,,,,,,,,,,,,,,,,,,,,,,,,,,,,,,,,,,,,,,,,,,,,,,,,,,,,,Client,CreatedByUser,CreationDate,LastChangedByUser,LastChangeDate,DataSource,LogicalSystem,DataPackage,
9,lh_silver_erp,qm,inspection_characteristics,inspection_characteristics,parameter_id,parameter_type,parameter_label,tolerance,tolerance_type,comment_index,user_field_1,user_field_2,chr_field_01,chr_field_02,chr_field_03,dec_field_01,dec_field_02,company_code,record_id,last_updated_at,,,,,,,,,,,,,,,,,,,,,,,,,,,,,,,,,,,,,,,,,,,,,,,,,,,,,,,,,,,,,,,,,,,,,,,,,,,,,,,,,,,,,,,,,,,,,,,,,,,,,,,,,,,,,,,,,,,,,,,,,,,,,,,,,,,,,,,,,,,,,,,,,,,,,,,,,,,,,,,,,,,,,,,,,,,,,,,,,,,,,,,,,,,,,,,,,,,,,,,,,,
9,lh_bronze_qad1,qm,MPD_DET,inspection_characteristics,MPD_NBR,MPD_TYPE,MPD_LABEL,MPD_TOL,MPD_TOL_TYPE,MPD_CMTINDX,MPD_USER1,MPD_USER2,MPD__CHR01,MPD__CHR02,MPD__CHR03,MPD__DEC01,MPD__DEC02,MPD_DOMAIN,PROGRESS_RECID,current_timestamp(),,,,,,,,,,,,,,,,,,,,,,,,,,,,,,,,,,,,,,,,,,,,,,,,,,,,,,,,,,,,,,,,,,,,,,,,,,,,,,,,,,,,,,,,,,,,,,,,,,,,,,,,,,,,,,,,,,,,,,,,,,,,,,,,,,,,,,,,,,,,,,,,,,,,,,,,,,,,,,,,,,,,,,,,,,,,,,,,,,,,,,,,,,,,,,,,,,,,,,,,,,
9,lh_bronze_sap_rise,qm,IINSPECTIONOPERATION,inspection_characteristics,,,,,,,,,,,,,,CompanyCode,,LastChangeDateTime,,,,,,,,,,,,,,,,,,,,,,,,,,,,,,,,,,,,,,,,,,,,,,,,,,,,,,,,,,,,,,,,,,,,,,,,,,,,,,,,,,,,,,,,,,,,,,,,,,,,,,,,,,,,,,,,,,,,,,,,,,,,,,,,,,,,,,,,,,,,,,,,,,,,,,,,,,,,,,,,,,,,,,,,,,,,,,,,,,,,,,,,,,,,,,,,,,Client,CreatedByUser,CreationDate,LastChangedByUser,LastChangeDate,DataSource,LogicalSystem,DataPackage,
9,lh_silver_erp,sd,price_change_request,price_change_request,document_id,type_code,date,user_id,order_id,order_plant_id,customer_id,bill_to_id,ship_to_id,copy_auth,val_key,auth_key,rej_key,appl_key,level,cmmt,shipping_via_code,fob_code,kg,closed,chr01,chr02,chr03,chr04,dec01,dec02,dec03,dec04,log01,log02,log03,log04,dte01,dte02,dte03,dte04,currency_code,record_id,company_code,user_id_close,last_updated_at,,,,,,,,,,,,,,,,,,,,,,,,,,,,,,,,,,,,,,,,,,,,,,,,,,,,,,,,,,,,,,,,,,,,,,,,,,,,,,,,,,,,,,,,,,,,,,,,,,,,,,,,,,,,,,,,,,,,,,,,,,,,,,,,,,,,,,,,,,,,,,,,,,,,,,,,,,,,,,,,,,,,,,,,,,,,,,,,,
9,lh_bronze_qad1,sd,XXPRCH_MSTR,price_change_request,XXPRCH_NBR,XXPRCH_TYPE,XXPRCH_DATE,XXPRCH_USERID,XXPRCH_ORDER_NBR,XXPRCH_ORDER_SITE,XXPRCH_CUST,XXPRCH_BILL,XXPRCH_SHIP,XXPRCH_COPY_AUTH,XXPRCH_VAL_KEY,XXPRCH_AUTH_KEY,XXPRCH_REJ_KEY,XXPRCH_APPL_KEY,XXPRCH_LEVEL,XXPRCH_CMMT,XXPRCH_SHIPVIA,XXPRCH_FOB,XXPRCH_KG,XXPRCH_CLOSED,XXPRCH__CHR01,XXPRCH__CHR02,XXPRCH__CHR03,XXPRCH__CHR04,XXPRCH__DEC01,XXPRCH__DEC02,XXPRCH__DEC03,XXPRCH__DEC04,XXPRCH__LOG01,XXPRCH__LOG02,XXPRCH__LOG03,XXPRCH__LOG04,XXPRCH__DTE01,XXPRCH__DTE02,XXPRCH__DTE03,XXPRCH__DTE04,XXPRCH_CURR,PROGRESS_RECID,XXPRCH_DOMAIN,XXPRCH_USERID_CLOSE,current_timestamp(),,,,,,,,,,,,,,,,,,,,,,,,,,,,,,,,,,,,,,,,,,,,,,,,,,,,,,,,,,,,,,,,,,,,,,,,,,,,,,,,,,,,,,,,,,,,,,,,,,,,,,,,,,,,,,,,,,,,,,,,,,,,,,,,,,,,,,,,,,,,,,,,,,,,,,,,,,,,,,,,,,,,,,,,,,,,,,,,,
9,lh_bronze_qad2,sd,XXPRCH_MSTR,price_change_request,XXPRCH_NBR,XXPRCH_TYPE,XXPRCH_DATE,XXPRCH_USERID,XXPRCH_ORDER_NBR,XXPRCH_ORDER_SITE,XXPRCH_CUST,XXPRCH_BILL,XXPRCH_SHIP,XXPRCH_COPY_AUTH,XXPRCH_VAL_KEY,XXPRCH_AUTH_KEY,XXPRCH_REJ_KEY,XXPRCH_APPL_KEY,XXPRCH_LEVEL,XXPRCH_CMMT,XXPRCH_SHIPVIA,XXPRCH_FOB,XXPRCH_KG,XXPRCH_CLOSED,XXPRCH__CHR01,XXPRCH__CHR02,XXPRCH__CHR03,XXPRCH__CHR04,XXPRCH__DEC01,XXPRCH__DEC02,XXPRCH__DEC03,XXPRCH__DEC04,XXPRCH__LOG01,XXPRCH__LOG02,XXPRCH__LOG03,XXPRCH__LOG04,XXPRCH__DTE01,XXPRCH__DTE02,XXPRCH__DTE03,XXPRCH__DTE04,XXPRCH_CURR,PROGRESS_RECID,XXPRCH_DOMAIN,XXPRCH_USERID_CLOSE,current_timestamp(),,,,,,,,,,,,,,,,,,,,,,,,,,,,,,,,,,,,,,,,,,,,,,,,,,,,,,,,,,,,,,,,,,,,,,,,,,,,,,,,,,,,,,,,,,,,,,,,,,,,,,,,,,,,,,,,,,,,,,,,,,,,,,,,,,,,,,,,,,,,,,,,,,,,,,,,,,,,,,,,,,,,,,,,,,,,,,,,,
9,lh_bronze_sap_rise,sd,,price_change_request,,,DocumentDate,,,Plant,Customer,,,,,,,,,,,,,,,,,,,,,,,,,,,,,,TransactionCurrency,,CompanyCode,,LastChangeDateTime,,,,,,,,,,,,,,,,,,,,,,,,,,,,,,,,,,,,,,,,,,,,,,,,,,,,,,,,,,,,,,,,,,,,,,,,,,,,,,,,,,,,,,,,,,,,,,,,,,,,,,,,,,,,,,,,,,,,,,,,,,,,,,,,,,,,,,,,,,,,,,,,,,,,,,,,,,,,,,,,,,,,,,,,,Client,CreatedByUser,CreationDate,LastChangedByUser,LastChangeDate,DataSource,LogicalSystem,DataPackage,
9,lh_silver_erp,sd,return_type_items,return_type_items,reason_code,description,created_at,authorization_number,auto_override_indicator,customer_cause_indicator,authorization_level1_users,authorization_level2_users,char_01,char_02,char_03,char_04,flag_01,flag_02,flag_03,date_01,date_02,date_03,type_code,company_code,record_id,last_updated_at,,,,,,,,,,,,,,,,,,,,,,,,,,,,,,,,,,,,,,,,,,,,,,,,,,,,,,,,,,,,,,,,,,,,,,,,,,,,,,,,,,,,,,,,,,,,,,,,,,,,,,,,,,,,,,,,,,,,,,,,,,,,,,,,,,,,,,,,,,,,,,,,,,,,,,,,,,,,,,,,,,,,,,,,,,,,,,,,,,,,,,,,,,,,,,,,,,,,
9,lh_bronze_qad1,sd,XXTYPECD_DET,return_type_items,XXTYPECD_REASON,XXTYPECD_DESC,XXTYPECD_DATE,XXTYPECD_AUTH_NUMBER,XXTYPECD_OV_AUTO,XXTYPECD_CUST_CAUSE,XXTYPECD_AUTH1_USERS,XXTYPECD_AUTH2_USERS,XXTYPECD__CHR01,XXTYPECD__CHR02,XXTYPECD__CHR03,XXTYPECD__CHR04,XXTYPECD__LOG01,XXTYPECD__LOG02,XXTYPECD__LOG03,XXTYPECD__DTE01,XXTYPECD__DTE02,XXTYPECD__DTE03,XXTYPECD_TYPE,XXTYPECD_DOMAIN,PROGRESS_RECID,current_timestamp(),,,,,,,,,,,,,,,,,,,,,,,,,,,,,,,,,,,,,,,,,,,,,,,,,,,,,,,,,,,,,,,,,,,,,,,,,,,,,,,,,,,,,,,,,,,,,,,,,,,,,,,,,,,,,,,,,,,,,,,,,,,,,,,,,,,,,,,,,,,,,,,,,,,,,,,,,,,,,,,,,,,,,,,,,,,,,,,,,,,,,,,,,,,,,,,,,,,,
9,lh_bronze_qad2,sd,XXTYPECD_DET,return_type_items,XXTYPECD_REASON,XXTYPECD_DESC,XXTYPECD_DATE,XXTYPECD_AUTH_NUMBER,XXTYPECD_OV_AUTO,XXTYPECD_CUST_CAUSE,XXTYPECD_AUTH1_USERS,XXTYPECD_AUTH2_USERS,XXTYPECD__CHR01,XXTYPECD__CHR02,XXTYPECD__CHR03,XXTYPECD__CHR04,XXTYPECD__LOG01,XXTYPECD__LOG02,XXTYPECD__LOG03,XXTYPECD__DTE01,XXTYPECD__DTE02,XXTYPECD__DTE03,XXTYPECD_TYPE,XXTYPECD_DOMAIN,PROGRESS_RECID,current_timestamp(),,,,,,,,,,,,,,,,,,,,,,,,,,,,,,,,,,,,,,,,,,,,,,,,,,,,,,,,,,,,,,,,,,,,,,,,,,,,,,,,,,,,,,,,,,,,,,,,,,,,,,,,,,,,,,,,,,,,,,,,,,,,,,,,,,,,,,,,,,,,,,,,,,,,,,,,,,,,,,,,,,,,,,,,,,,,,,,,,,,,,,,,,,,,,,,,,,,,
9,lh_bronze_sap_rise,sd,,return_type_items,,Description,,,,,,,,,,,,,,DocumentDate,DocumentDate,DocumentDate,,CompanyCode,,LastChangeDateTime,,,,,,,,,,,,,,,,,,,,,,,,,,,,,,,,,,,,,,,,,,,,,,,,,,,,,,,,,,,,,,,,,,,,,,,,,,,,,,,,,,,,,,,,,,,,,,,,,,,,,,,,,,,,,,,,,,,,,,,,,,,,,,,,,,,,,,,,,,,,,,,,,,,,,,,,,,,,,,,,,,,,,,,,,,,,,,,,,,,,,,,,,,,,Client,CreatedByUser,CreationDate,LastChangedByUser,LastChangeDate,DataSource,LogicalSystem,DataPackage,
9,lh_silver_erp,sd,return_types,return_types,type_code,description,created_at,ar_gl_account,created_by,authorization_number,part1,part2,part3,auto_override_indicator,char_01,char_02,char_03,char_04,flag_01,flag_02,flag_03,decimal_01,decimal_02,decimal_03,date_01,date_02,date_03,part1_description,part2_description,part3_description,authorization_level1_users,authorization_level2_users,company_code,record_id,last_updated_at,,,,,,,,,,,,,,,,,,,,,,,,,,,,,,,,,,,,,,,,,,,,,,,,,,,,,,,,,,,,,,,,,,,,,,,,,,,,,,,,,,,,,,,,,,,,,,,,,,,,,,,,,,,,,,,,,,,,,,,,,,,,,,,,,,,,,,,,,,,,,,,,,,,,,,,,,,,,,,,,,,,,,,,,,,,,,,,,,,,,,,,,,,,
9,lh_bronze_qad1,sd,XXTYPEC_MSTR,return_types,XXTYPEC_TYPE,XXTYPEC_DESC,XXTYPEC_DATE,XXTYPEC_ACC_CON,XXTYPEC_ACC_CRE,XXTYPEC_AUTH_NUMBER,XXTYPEC_PART1,XXTYPEC_PART2,XXTYPEC_PART3,XXTYPEC_OV_AUTO,XXTYPEC__CHR01,XXTYPEC__CHR02,XXTYPEC__CHR03,XXTYPEC__CHR04,XXTYPEC__LOG01,XXTYPEC__LOG02,XXTYPEC__LOG03,XXTYPEC__DEC01,XXTYPEC__DEC02,XXTYPEC__DEC03,XXTYPEC__DTE01,XXTYPEC__DTE02,XXTYPEC__DTE03,XXTYPEC_PART1_DESC,XXTYPEC_PART2_DESC,XXTYPEC_PART3_DESC,XXTYPEC_AUTH1_USERS,XXTYPEC_AUTH2_USERS,XXTYPEC_DOMAIN,PROGRESS_RECID,current_timestamp(),,,,,,,,,,,,,,,,,,,,,,,,,,,,,,,,,,,,,,,,,,,,,,,,,,,,,,,,,,,,,,,,,,,,,,,,,,,,,,,,,,,,,,,,,,,,,,,,,,,,,,,,,,,,,,,,,,,,,,,,,,,,,,,,,,,,,,,,,,,,,,,,,,,,,,,,,,,,,,,,,,,,,,,,,,,,,,,,,,,,,,,,,,,
9,lh_bronze_qad2,sd,XXTYPEC_MSTR,return_types,XXTYPEC_TYPE,XXTYPEC_DESC,XXTYPEC_DATE,XXTYPEC_ACC_CON,XXTYPEC_ACC_CRE,XXTYPEC_AUTH_NUMBER,XXTYPEC_PART1,XXTYPEC_PART2,XXTYPEC_PART3,XXTYPEC_OV_AUTO,XXTYPEC__CHR01,XXTYPEC__CHR02,XXTYPEC__CHR03,XXTYPEC__CHR04,XXTYPEC__LOG01,XXTYPEC__LOG02,XXTYPEC__LOG03,XXTYPEC__DEC01,XXTYPEC__DEC02,XXTYPEC__DEC03,XXTYPEC__DTE01,XXTYPEC__DTE02,XXTYPEC__DTE03,XXTYPEC_PART1_DESC,XXTYPEC_PART2_DESC,XXTYPEC_PART3_DESC,XXTYPEC_AUTH1_USERS,XXTYPEC_AUTH2_USERS,XXTYPEC_DOMAIN,PROGRESS_RECID,current_timestamp(),,,,,,,,,,,,,,,,,,,,,,,,,,,,,,,,,,,,,,,,,,,,,,,,,,,,,,,,,,,,,,,,,,,,,,,,,,,,,,,,,,,,,,,,,,,,,,,,,,,,,,,,,,,,,,,,,,,,,,,,,,,,,,,,,,,,,,,,,,,,,,,,,,,,,,,,,,,,,,,,,,,,,,,,,,,,,,,,,,,,,,,,,,,
9,lh_bronze_sap_rise,sd,,return_types,,Description,,,,,,,,,,,,,,,,,,,DocumentDate,DocumentDate,DocumentDate,Description,Description,Description,,,CompanyCode,,LastChangeDateTime,,,,,,,,,,,,,,,,,,,,,,,,,,,,,,,,,,,,,,,,,,,,,,,,,,,,,,,,,,,,,,,,,,,,,,,,,,,,,,,,,,,,,,,,,,,,,,,,,,,,,,,,,,,,,,,,,,,,,,,,,,,,,,,,,,,,,,,,,,,,,,,,,,,,,,,,,,,,,,,,,,,,,,,,,,,,,,,,,,,Client,CreatedByUser,CreationDate,LastChangedByUser,LastChangeDate,DataSource,LogicalSystem,DataPackage,
9,lh_silver_erp,sd,sales_account_determinations,sales_account_determinations,prodline,plant_id,cmtype,channel,sls_account_id,sls_cost_center_id,dsc_account_id,dsc_cost_center_id,cbdn_account_id,cbdn_cost_center_id,clbr_account_id,clbr_cost_center_id,cmtl_account_id,cmtl_cost_center_id,covh_account_id,covh_cost_center_id,csub_account_id,csub_cost_center_id,user1,user2,user_id,mod_date,cbdn_sub,clbr_sub,cmtl_sub,covh_sub,csub_sub,dsc_sub,sls_sub,fsaccr_account_id,fsaccr_sub,fsaccr_cost_center_id,fsdef_account_id,fsdef_sub,fsdef_cost_center_id,company_code,record_id,last_updated_at,,,,,,,,,,,,,,,,,,,,,,,,,,,,,,,,,,,,,,,,,,,,,,,,,,,,,,,,,,,,,,,,,,,,,,,,,,,,,,,,,,,,,,,,,,,,,,,,,,,,,,,,,,,,,,,,,,,,,,,,,,,,,,,,,,,,,,,,,,,,,,,,,,,,,,,,,,,,,,,,,,,,,,,,,,,,,,,,,,,,
9,lh_bronze_qad1,sd,PLSD_DET,sales_account_determinations,PLSD_PRODLINE,PLSD_SITE,PLSD_CMTYPE,PLSD_CHANNEL,PLSD_SLS_ACCT,PLSD_SLS_CC,PLSD_DSC_ACCT,PLSD_DSC_CC,PLSD_CBDN_ACCT,PLSD_CBDN_CC,PLSD_CLBR_ACCT,PLSD_CLBR_CC,PLSD_CMTL_ACCT,PLSD_CMTL_CC,PLSD_COVH_ACCT,PLSD_COVH_CC,PLSD_CSUB_ACCT,PLSD_CSUB_CC,PLSD_USER1,PLSD_USER2,PLSD_USERID,PLSD_MOD_DATE,PLSD_CBDN_SUB,PLSD_CLBR_SUB,PLSD_CMTL_SUB,PLSD_COVH_SUB,PLSD_CSUB_SUB,PLSD_DSC_SUB,PLSD_SLS_SUB,PLSD_FSACCR_ACCT,PLSD_FSACCR_SUB,PLSD_FSACCR_CC,PLSD_FSDEF_ACCT,PLSD_FSDEF_SUB,PLSD_FSDEF_CC,PLSD_DOMAIN,PROGRESS_RECID,current_timestamp(),,,,,,,,,,,,,,,,,,,,,,,,,,,,,,,,,,,,,,,,,,,,,,,,,,,,,,,,,,,,,,,,,,,,,,,,,,,,,,,,,,,,,,,,,,,,,,,,,,,,,,,,,,,,,,,,,,,,,,,,,,,,,,,,,,,,,,,,,,,,,,,,,,,,,,,,,,,,,,,,,,,,,,,,,,,,,,,,,,,,
9,lh_bronze_sap_rise,sd,,sales_account_determinations,,Plant,,,GLAccount,CostCenter,GLAccount,CostCenter,GLAccount,CostCenter,GLAccount,CostCenter,GLAccount,CostCenter,GLAccount,CostCenter,GLAccount,CostCenter,,,,DocumentDate,,,,,,,,GLAccount,,CostCenter,GLAccount,,CostCenter,CompanyCode,,LastChangeDateTime,,,,,,,,,,,,,,,,,,,,,,,,,,,,,,,,,,,,,,,,,,,,,,,,,,,,,,,,,,,,,,,,,,,,,,,,,,,,,,,,,,,,,,,,,,,,,,,,,,,,,,,,,,,,,,,,,,,,,,,,,,,,,,,,,,,,,,,,,,,,,,,,,,,,,,,,,,,,,,,,,,,,,,,,,,,,Client,CreatedByUser,CreationDate,LastChangedByUser,LastChangeDate,DataSource,LogicalSystem,DataPackage,
9,lh_silver_erp,tm,freight_condition_rates,freight_condition_rates,fr_list,plant_id,zone,class,min_wt,max_wt,min_wtc,tot_wtc,xtr_wtc,start,end,user1,user2,chr01,chr02,chr03,chr04,chr05,chr06,chr07,chr08,dec01,dec02,dte01,dte02,log01,log02,currency_code,company_code,record_id,last_updated_at,,,,,,,,,,,,,,,,,,,,,,,,,,,,,,,,,,,,,,,,,,,,,,,,,,,,,,,,,,,,,,,,,,,,,,,,,,,,,,,,,,,,,,,,,,,,,,,,,,,,,,,,,,,,,,,,,,,,,,,,,,,,,,,,,,,,,,,,,,,,,,,,,,,,,,,,,,,,,,,,,,,,,,,,,,,,,,,,,,,,,,,,,,,
9,lh_bronze_qad1,tm,FRCD_DET,freight_condition_rates,FRCD_FR_LIST,FRCD_SITE,FRCD_ZONE,FRCD_CLASS,FRCD_MIN_WT,FRCD_MAX_WT,FRCD_MIN_WTC,FRCD_TOT_WTC,FRCD_XTR_WTC,FRCD_START,FRCD_END,FRCD_USER1,FRCD_USER2,FRCD__CHR01,FRCD__CHR02,FRCD__CHR03,FRCD__CHR04,FRCD__CHR05,FRCD__CHR06,FRCD__CHR07,FRCD__CHR08,FRCD__DEC01,FRCD__DEC02,FRCD__DTE01,FRCD__DTE02,FRCD__LOG01,FRCD__LOG02,FRCD_CURR,FRCD_DOMAIN,PROGRESS_RECID,current_timestamp(),,,,,,,,,,,,,,,,,,,,,,,,,,,,,,,,,,,,,,,,,,,,,,,,,,,,,,,,,,,,,,,,,,,,,,,,,,,,,,,,,,,,,,,,,,,,,,,,,,,,,,,,,,,,,,,,,,,,,,,,,,,,,,,,,,,,,,,,,,,,,,,,,,,,,,,,,,,,,,,,,,,,,,,,,,,,,,,,,,,,,,,,,,,
9,lh_bronze_sap_rise,tm,,freight_condition_rates,,Plant,,,,,,,,,,,,,,,,,,,,,,,,,,TransactionCurrency,CompanyCode,,LastChangeDateTime,,,,,,,,,,,,,,,,,,,,,,,,,,,,,,,,,,,,,,,,,,,,,,,,,,,,,,,,,,,,,,,,,,,,,,,,,,,,,,,,,,,,,,,,,,,,,,,,,,,,,,,,,,,,,,,,,,,,,,,,,,,,,,,,,,,,,,,,,,,,,,,,,,,,,,,,,,,,,,,,,,,,,,,,,,,,,,,,,,,Client,CreatedByUser,CreationDate,LastChangedByUser,LastChangeDate,DataSource,LogicalSystem,DataPackage,
9,lh_silver_erp,tm,freight_master,freight_master,freight_list,freight_desc,plant_id,type,unit_of_measure_code,trl_cd,currency_code,user1,user2,chr01,chr02,chr03,chr04,chr05,chr06,chr07,chr08,dec01,dec02,dte01,dte02,log01,log02,freight_mode,company_code,record_id,last_updated_at,,,,,,,,,,,,,,,,,,,,,,,,,,,,,,,,,,,,,,,,,,,,,,,,,,,,,,,,,,,,,,,,,,,,,,,,,,,,,,,,,,,,,,,,,,,,,,,,,,,,,,,,,,,,,,,,,,,,,,,,,,,,,,,,,,,,,,,,,,,,,,,,,,,,,,,,,,,,,,,,,,,,,,,,,,,,,,,,,,,,,,,,,,,,,,,
9,lh_bronze_qad1,tm,FR_MSTR,freight_master,FR_LIST,FR_DESC,FR_SITE,FR_TYPE,FR_UM,FR_TRL_CD,FR_CURR,FR_USER1,FR_USER2,FR__CHR01,FR__CHR02,FR__CHR03,FR__CHR04,FR__CHR05,FR__CHR06,FR__CHR07,FR__CHR08,FR__DEC01,FR__DEC02,FR__DTE01,FR__DTE02,FR__LOG01,FR__LOG02,FR_MODE,FR_DOMAIN,PROGRESS_RECID,current_timestamp(),,,,,,,,,,,,,,,,,,,,,,,,,,,,,,,,,,,,,,,,,,,,,,,,,,,,,,,,,,,,,,,,,,,,,,,,,,,,,,,,,,,,,,,,,,,,,,,,,,,,,,,,,,,,,,,,,,,,,,,,,,,,,,,,,,,,,,,,,,,,,,,,,,,,,,,,,,,,,,,,,,,,,,,,,,,,,,,,,,,,,,,,,,,,,,,
9,lh_bronze_sap_rise,tm,,freight_master,,Description,Plant,,,,TransactionCurrency,,,,,,,,,,,,,,,,,,CompanyCode,,LastChangeDateTime,,,,,,,,,,,,,,,,,,,,,,,,,,,,,,,,,,,,,,,,,,,,,,,,,,,,,,,,,,,,,,,,,,,,,,,,,,,,,,,,,,,,,,,,,,,,,,,,,,,,,,,,,,,,,,,,,,,,,,,,,,,,,,,,,,,,,,,,,,,,,,,,,,,,,,,,,,,,,,,,,,,,,,,,,,,,,,,,,,,,,,,Client,CreatedByUser,CreationDate,LastChangedByUser,LastChangeDate,DataSource,LogicalSystem,DataPackage,
9,lh_silver_erp,tm,freight_order,freight_order,document_id,order_date,release_date,carrier,truck,driver,plant_id,notes_1,notes_2,cap_quantity,cap_unit_of_measure_code,dec01,dec02,chr01,chr02,log01,plate,user_id,cap_date,cap_time,prin_date,prin_time,store,km_ini,status,audited,audited_cmmt,audited_user_id,audited_date,chr03,chr04,chr05,dec03,dec04,dec05,log02,record_id,company_code,log03,last_updated_at,,,,,,,,,,,,,,,,,,,,,,,,,,,,,,,,,,,,,,,,,,,,,,,,,,,,,,,,,,,,,,,,,,,,,,,,,,,,,,,,,,,,,,,,,,,,,,,,,,,,,,,,,,,,,,,,,,,,,,,,,,,,,,,,,,,,,,,,,,,,,,,,,,,,,,,,,,,,,,,,,,,,,,,,,,,,,,,,,,
9,lh_bronze_qad1,tm,XXSHO_MSTR,freight_order,XXSHO_NBR,XXSHO_ORD_DATE,XXSHO_REL_DATE,XXSHO_CARRIER,XXSHO_TRUCK,XXSHO_DRIVER,XXSHO_SITE,`XXSHO_NOTES##1`,`XXSHO_NOTES##2`,XXSHO_CAP_QTY,XXSHO_CAP_UM,XXSHO__DEC01,XXSHO__DEC02,XXSHO__CHR01,XXSHO__CHR02,XXSHO__LOG01,XXSHO_PLATE,XXSHO_USER,XXSHO_CAP_DATE,XXSHO_CAP_TIME,XXSHO_PRIN_DATE,XXSHO_PRIN_TIME,XXSHO_STORE,XXSHO_KM_INI,XXSHO_STATUS,XXSHO_AUDITED,XXSHO_AUDITED_CMMT,XXSHO_AUDITED_USER,XXSHO_AUDITED_DATE,XXSHO__CHR03,XXSHO__CHR04,XXSHO__CHR05,XXSHO__DEC03,XXSHO__DEC04,XXSHO__DEC05,XXSHO__LOG02,PROGRESS_RECID,XXSHO_DOMAIN,XXSHO__LOG03,current_timestamp(),,,,,,,,,,,,,,,,,,,,,,,,,,,,,,,,,,,,,,,,,,,,,,,,,,,,,,,,,,,,,,,,,,,,,,,,,,,,,,,,,,,,,,,,,,,,,,,,,,,,,,,,,,,,,,,,,,,,,,,,,,,,,,,,,,,,,,,,,,,,,,,,,,,,,,,,,,,,,,,,,,,,,,,,,,,,,,,,,,
9,lh_bronze_qad2,tm,XXSHO_MSTR,freight_order,XXSHO_NBR,XXSHO_ORD_DATE,XXSHO_REL_DATE,XXSHO_CARRIER,XXSHO_TRUCK,XXSHO_DRIVER,XXSHO_SITE,`XXSHO_NOTES##1`,`XXSHO_NOTES##2`,XXSHO_CAP_QTY,XXSHO_CAP_UM,XXSHO__DEC01,XXSHO__DEC02,XXSHO__CHR01,XXSHO__CHR02,XXSHO__LOG01,XXSHO_PLATE,XXSHO_USER,XXSHO_CAP_DATE,XXSHO_CAP_TIME,XXSHO_PRIN_DATE,XXSHO_PRIN_TIME,XXSHO_STORE,XXSHO_KM_INI,XXSHO_STATUS,XXSHO_AUDITED,XXSHO_AUDITED_CMMT,XXSHO_AUDITED_USER,XXSHO_AUDITED_DATE,XXSHO__CHR03,XXSHO__CHR04,XXSHO__CHR05,XXSHO__DEC03,XXSHO__DEC04,XXSHO__DEC05,XXSHO__LOG02,PROGRESS_RECID,XXSHO_DOMAIN,XXSHO__LOG03,current_timestamp(),,,,,,,,,,,,,,,,,,,,,,,,,,,,,,,,,,,,,,,,,,,,,,,,,,,,,,,,,,,,,,,,,,,,,,,,,,,,,,,,,,,,,,,,,,,,,,,,,,,,,,,,,,,,,,,,,,,,,,,,,,,,,,,,,,,,,,,,,,,,,,,,,,,,,,,,,,,,,,,,,,,,,,,,,,,,,,,,,,
9,lh_bronze_sap_rise,tm,,freight_order,,DocumentDate,DocumentDate,,,,Plant,,,,,,,,,,,,DocumentDate,,DocumentDate,,,,,,,,DocumentDate,,,,,,,,,CompanyCode,,LastChangeDateTime,,,,,,,,,,,,,,,,,,,,,,,,,,,,,,,,,,,,,,,,,,,,,,,,,,,,,,,,,,,,,,,,,,,,,,,,,,,,,,,,,,,,,,,,,,,,,,,,,,,,,,,,,,,,,,,,,,,,,,,,,,,,,,,,,,,,,,,,,,,,,,,,,,,,,,,,,,,,,,,,,,,,,,,,,,Client,CreatedByUser,CreationDate,LastChangedByUser,LastChangeDate,DataSource,LogicalSystem,DataPackage,
9,lh_silver_erp,tm,freight_order_items,freight_order_items,document_id,sales_order_id,line_number,sales_order_id_due_date,quantity_ordered,quantity_sho,quantity_allocated,quantity_picked,dec01,dec02,chr01,chr02,log01,priority,doc,type_code_doc,status,notes,material_id,unit_of_measure_code,customer_id,fob_code,cr_terms,purchase_order_id,type_code,chr03,chr04,chr05,dec03,dec04,dec05,log02,record_id,company_code,log03,last_updated_at,,,,,,,,,,,,,,,,,,,,,,,,,,,,,,,,,,,,,,,,,,,,,,,,,,,,,,,,,,,,,,,,,,,,,,,,,,,,,,,,,,,,,,,,,,,,,,,,,,,,,,,,,,,,,,,,,,,,,,,,,,,,,,,,,,,,,,,,,,,,,,,,,,,,,,,,,,,,,,,,,,,,,,,,,,,,,,,,,,,,,,
9,lh_bronze_qad1,tm,XXSHOD_DET,freight_order_items,XXSHOD_NBR,XXSHOD_SO_NBR,XXSHOD_LINE,XXSHOD_SO_DUE_DATE,XXSHOD_QTY_ORD,XXSHOD_QTY_SHO,XXSHOD_QTY_ALL,XXSHOD_QTY_PICK,XXSHOD__DEC01,XXSHOD__DEC02,XXSHOD__CHR01,XXSHOD__CHR02,XXSHOD__LOG01,XXSHOD_PRIORITY,XXSHOD_DOC,XXSHOD_TYPE_DOC,XXSHOD_STATUS,XXSHOD_NOTES,XXSHOD_PART,XXSHOD_UM,XXSHOD_CUST,XXSHOD_FOB,XXSHOD_CR_TERMS,XXSHOD_PO,XXSHOD_TYPE,XXSHOD__CHR03,XXSHOD__CHR04,XXSHOD__CHR05,XXSHOD__DEC03,XXSHOD__DEC04,XXSHOD__DEC05,XXSHOD__LOG02,PROGRESS_RECID,XXSHOD_DOMAIN,XXSHOD__LOG03,current_timestamp(),,,,,,,,,,,,,,,,,,,,,,,,,,,,,,,,,,,,,,,,,,,,,,,,,,,,,,,,,,,,,,,,,,,,,,,,,,,,,,,,,,,,,,,,,,,,,,,,,,,,,,,,,,,,,,,,,,,,,,,,,,,,,,,,,,,,,,,,,,,,,,,,,,,,,,,,,,,,,,,,,,,,,,,,,,,,,,,,,,,,,,
9,lh_bronze_qad2,tm,XXSHOD_DET,freight_order_items,XXSHOD_NBR,XXSHOD_SO_NBR,XXSHOD_LINE,XXSHOD_SO_DUE_DATE,XXSHOD_QTY_ORD,XXSHOD_QTY_SHO,XXSHOD_QTY_ALL,XXSHOD_QTY_PICK,XXSHOD__DEC01,XXSHOD__DEC02,XXSHOD__CHR01,XXSHOD__CHR02,XXSHOD__LOG01,XXSHOD_PRIORITY,XXSHOD_DOC,XXSHOD_TYPE_DOC,XXSHOD_STATUS,XXSHOD_NOTES,XXSHOD_PART,XXSHOD_UM,XXSHOD_CUST,XXSHOD_FOB,XXSHOD_CR_TERMS,XXSHOD_PO,XXSHOD_TYPE,XXSHOD__CHR03,XXSHOD__CHR04,XXSHOD__CHR05,XXSHOD__DEC03,XXSHOD__DEC04,XXSHOD__DEC05,XXSHOD__LOG02,PROGRESS_RECID,XXSHOD_DOMAIN,XXSHOD__LOG03,current_timestamp(),,,,,,,,,,,,,,,,,,,,,,,,,,,,,,,,,,,,,,,,,,,,,,,,,,,,,,,,,,,,,,,,,,,,,,,,,,,,,,,,,,,,,,,,,,,,,,,,,,,,,,,,,,,,,,,,,,,,,,,,,,,,,,,,,,,,,,,,,,,,,,,,,,,,,,,,,,,,,,,,,,,,,,,,,,,,,,,,,,,,,,
9,lh_bronze_sap_rise,tm,,freight_order_items,,,,DocumentDate,,,,,,,,,,,,,,,Material,,Customer,,,,,,,,,,,,,CompanyCode,,LastChangeDateTime,,,,,,,,,,,,,,,,,,,,,,,,,,,,,,,,,,,,,,,,,,,,,,,,,,,,,,,,,,,,,,,,,,,,,,,,,,,,,,,,,,,,,,,,,,,,,,,,,,,,,,,,,,,,,,,,,,,,,,,,,,,,,,,,,,,,,,,,,,,,,,,,,,,,,,,,,,,,,,,,,,,,,,,,,,,,,,Client,CreatedByUser,CreationDate,LastChangedByUser,LastChangeDate,DataSource,LogicalSystem,DataPackage,
9,lh_silver_erp,tm,freight_zones,freight_zones,fr_list,plant_id,zone,post_st,post_en,start,end,user1,user2,chr01,chr02,chr03,chr04,chr05,chr06,chr07,chr08,dec01,dec02,dte01,dte02,log01,log02,company_code,record_id,last_updated_at,,,,,,,,,,,,,,,,,,,,,,,,,,,,,,,,,,,,,,,,,,,,,,,,,,,,,,,,,,,,,,,,,,,,,,,,,,,,,,,,,,,,,,,,,,,,,,,,,,,,,,,,,,,,,,,,,,,,,,,,,,,,,,,,,,,,,,,,,,,,,,,,,,,,,,,,,,,,,,,,,,,,,,,,,,,,,,,,,,,,,,,,,,,,,,,,
9,lh_bronze_qad1,tm,FRZD_DET,freight_zones,FRZD_FR_LIST,FRZD_SITE,FRZD_ZONE,FRZD_POST_ST,FRZD_POST_EN,FRZD_START,FRZD_END,FRZD_USER1,FRZD_USER2,FRZD__CHR01,FRZD__CHR02,FRZD__CHR03,FRZD__CHR04,FRZD__CHR05,FRZD__CHR06,FRZD__CHR07,FRZD__CHR08,FRZD__DEC01,FRZD__DEC02,FRZD__DTE01,FRZD__DTE02,FRZD__LOG01,FRZD__LOG02,FRZD_DOMAIN,PROGRESS_RECID,current_timestamp(),,,,,,,,,,,,,,,,,,,,,,,,,,,,,,,,,,,,,,,,,,,,,,,,,,,,,,,,,,,,,,,,,,,,,,,,,,,,,,,,,,,,,,,,,,,,,,,,,,,,,,,,,,,,,,,,,,,,,,,,,,,,,,,,,,,,,,,,,,,,,,,,,,,,,,,,,,,,,,,,,,,,,,,,,,,,,,,,,,,,,,,,,,,,,,,,
9,lh_bronze_sap_rise,tm,,freight_zones,,Plant,,,,,,,,,,,,,,,,,,,,,,CompanyCode,,LastChangeDateTime,,,,,,,,,,,,,,,,,,,,,,,,,,,,,,,,,,,,,,,,,,,,,,,,,,,,,,,,,,,,,,,,,,,,,,,,,,,,,,,,,,,,,,,,,,,,,,,,,,,,,,,,,,,,,,,,,,,,,,,,,,,,,,,,,,,,,,,,,,,,,,,,,,,,,,,,,,,,,,,,,,,,,,,,,,,,,,,,,,,,,,,,Client,CreatedByUser,CreationDate,LastChangedByUser,LastChangeDate,DataSource,LogicalSystem,DataPackage,